serie,baseline,origem,horizonte,alvo,previsto_mwmed,real_mwmed,erro_mwmed,erro_pct
original,sazonal_ingenuo,2011-01-01,12,2012-01-01,34806.3072,35138.7467,-332.4395,-0.9461
original,sazonal_ingenuo,2011-02-01,11,2012-01-01,34806.3072,35138.7467,-332.4395,-0.9461
original,sazonal_ingenuo,2011-02-01,12,2012-02-01,37069.7565,37785.0274,-715.2708,-1.893
original,sazonal_ingenuo,2011-03-01,10,2012-01-01,34806.3072,35138.7467,-332.4395,-0.9461
original,sazonal_ingenuo,2011-03-01,11,2012-02-01,37069.7565,37785.0274,-715.2708,-1.893
original,sazonal_ingenuo,2011-03-01,12,2012-03-01,34865.8614,38142.0916,-3276.2301,-8.5895
original,sazonal_ingenuo,2011-04-01,9,2012-01-01,34806.3072,35138.7467,-332.4395,-0.9461
original,sazonal_ingenuo,2011-04-01,10,2012-02-01,37069.7565,37785.0274,-715.2708,-1.893
original,sazonal_ingenuo,2011-04-01,11,2012-03-01,34865.8614,38142.0916,-3276.2301,-8.5895
original,sazonal_ingenuo,2011-04-01,12,2012-04-01,34864.428,36429.9418,-1565.5138,-4.2973
original,sazonal_ingenuo,2011-05-01,8,2012-01-01,34806.3072,35138.7467,-332.4395,-0.9461
original,sazonal_ingenuo,2011-05-01,9,2012-02-01,37069.7565,37785.0274,-715.2708,-1.893
original,sazonal_ingenuo,2011-05-01,10,2012-03-01,34865.8614,38142.0916,-3276.2301,-8.5895
original,sazonal_ingenuo,2011-05-01,11,2012-04-01,34864.428,36429.9418,-1565.5138,-4.2973
original,sazonal_ingenuo,2011-05-01,12,2012-05-01,33298.7774,34040.2569,-741.4795,-2.1782
original,sazonal_ingenuo,2011-06-01,7,2012-01-01,34806.3072,35138.7467,-332.4395,-0.9461
original,sazonal_ingenuo,2011-06-01,8,2012-02-01,37069.7565,37785.0274,-715.2708,-1.893
original,sazonal_ingenuo,2011-06-01,9,2012-03-01,34865.8614,38142.0916,-3276.2301,-8.5895
original,sazonal_ingenuo,2011-06-01,10,2012-04-01,34864.428,36429.9418,-1565.5138,-4.2973
original,sazonal_ingenuo,2011-06-01,11,2012-05-01,33298.7774,34040.2569,-741.4795,-2.1782
original,sazonal_ingenuo,2011-06-01,12,2012-06-01,32560.9232,32396.5755,164.3477,0.5073
original,sazonal_ingenuo,2011-07-01,6,2012-01-01,34806.3072,35138.7467,-332.4395,-0.9461
original,sazonal_ingenuo,2011-07-01,7,2012-02-01,37069.7565,37785.0274,-715.2708,-1.893
original,sazonal_ingenuo,2011-07-01,8,2012-03-01,34865.8614,38142.0916,-3276.2301,-8.5895
original,sazonal_ingenuo,2011-07-01,9,2012-04-01,34864.428,36429.9418,-1565.5138,-4.2973
original,sazonal_ingenuo,2011-07-01,10,2012-05-01,33298.7774,34040.2569,-741.4795,-2.1782
original,sazonal_ingenuo,2011-07-01,11,2012-06-01,32560.9232,32396.5755,164.3477,0.5073
original,sazonal_ingenuo,2011-07-01,12,2012-07-01,33046.8415,32553.3452,493.4963,1.516
original,sazonal_ingenuo,2011-08-01,5,2012-01-01,34806.3072,35138.7467,-332.4395,-0.9461
original,sazonal_ingenuo,2011-08-01,6,2012-02-01,37069.7565,37785.0274,-715.2708,-1.893
original,sazonal_ingenuo,2011-08-01,7,2012-03-01,34865.8614,38142.0916,-3276.2301,-8.5895
original,sazonal_ingenuo,2011-08-01,8,2012-04-01,34864.428,36429.9418,-1565.5138,-4.2973
original,sazonal_ingenuo,2011-08-01,9,2012-05-01,33298.7774,34040.2569,-741.4795,-2.1782
original,sazonal_ingenuo,2011-08-01,10,2012-06-01,32560.9232,32396.5755,164.3477,0.5073
original,sazonal_ingenuo,2011-08-01,11,2012-07-01,33046.8415,32553.3452,493.4963,1.516
original,sazonal_ingenuo,2011-08-01,12,2012-08-01,34700.3062,34867.9263,-167.6202,-0.4807
original,sazonal_ingenuo,2011-09-01,4,2012-01-01,34806.3072,35138.7467,-332.4395,-0.9461
original,sazonal_ingenuo,2011-09-01,5,2012-02-01,37069.7565,37785.0274,-715.2708,-1.893
original,sazonal_ingenuo,2011-09-01,6,2012-03-01,34865.8614,38142.0916,-3276.2301,-8.5895
original,sazonal_ingenuo,2011-09-01,7,2012-04-01,34864.428,36429.9418,-1565.5138,-4.2973
original,sazonal_ingenuo,2011-09-01,8,2012-05-01,33298.7774,34040.2569,-741.4795,-2.1782
original,sazonal_ingenuo,2011-09-01,9,2012-06-01,32560.9232,32396.5755,164.3477,0.5073
original,sazonal_ingenuo,2011-09-01,10,2012-07-01,33046.8415,32553.3452,493.4963,1.516
original,sazonal_ingenuo,2011-09-01,11,2012-08-01,34700.3062,34867.9263,-167.6202,-0.4807
original,sazonal_ingenuo,2011-09-01,12,2012-09-01,34834.4364,35552.6986,-718.2621,-2.0203
original,sazonal_ingenuo,2011-10-01,3,2012-01-01,34806.3072,35138.7467,-332.4395,-0.9461
original,sazonal_ingenuo,2011-10-01,4,2012-02-01,37069.7565,37785.0274,-715.2708,-1.893
original,sazonal_ingenuo,2011-10-01,5,2012-03-01,34865.8614,38142.0916,-3276.2301,-8.5895
original,sazonal_ingenuo,2011-10-01,6,2012-04-01,34864.428,36429.9418,-1565.5138,-4.2973
original,sazonal_ingenuo,2011-10-01,7,2012-05-01,33298.7774,34040.2569,-741.4795,-2.1782
original,sazonal_ingenuo,2011-10-01,8,2012-06-01,32560.9232,32396.5755,164.3477,0.5073
original,sazonal_ingenuo,2011-10-01,9,2012-07-01,33046.8415,32553.3452,493.4963,1.516
original,sazonal_ingenuo,2011-10-01,10,2012-08-01,34700.3062,34867.9263,-167.6202,-0.4807
original,sazonal_ingenuo,2011-10-01,11,2012-09-01,34834.4364,35552.6986,-718.2621,-2.0203
original,sazonal_ingenuo,2011-10-01,12,2012-10-01,34428.0038,36868.8102,-2440.8064,-6.6202
original,sazonal_ingenuo,2011-11-01,2,2012-01-01,34806.3072,35138.7467,-332.4395,-0.9461
original,sazonal_ingenuo,2011-11-01,3,2012-02-01,37069.7565,37785.0274,-715.2708,-1.893
original,sazonal_ingenuo,2011-11-01,4,2012-03-01,34865.8614,38142.0916,-3276.2301,-8.5895
original,sazonal_ingenuo,2011-11-01,5,2012-04-01,34864.428,36429.9418,-1565.5138,-4.2973
original,sazonal_ingenuo,2011-11-01,6,2012-05-01,33298.7774,34040.2569,-741.4795,-2.1782
original,sazonal_ingenuo,2011-11-01,7,2012-06-01,32560.9232,32396.5755,164.3477,0.5073
original,sazonal_ingenuo,2011-11-01,8,2012-07-01,33046.8415,32553.3452,493.4963,1.516
original,sazonal_ingenuo,2011-11-01,9,2012-08-01,34700.3062,34867.9263,-167.6202,-0.4807
original,sazonal_ingenuo,2011-11-01,10,2012-09-01,34834.4364,35552.6986,-718.2621,-2.0203
original,sazonal_ingenuo,2011-11-01,11,2012-10-01,34428.0038,36868.8102,-2440.8064,-6.6202
original,sazonal_ingenuo,2011-11-01,12,2012-11-01,34742.6223,34588.8219,153.8003,0.4447
original,sazonal_ingenuo,2011-12-01,1,2012-01-01,34806.3072,35138.7467,-332.4395,-0.9461
original,sazonal_ingenuo,2011-12-01,2,2012-02-01,37069.7565,37785.0274,-715.2708,-1.893
original,sazonal_ingenuo,2011-12-01,3,2012-03-01,34865.8614,38142.0916,-3276.2301,-8.5895
original,sazonal_ingenuo,2011-12-01,4,2012-04-01,34864.428,36429.9418,-1565.5138,-4.2973
original,sazonal_ingenuo,2011-12-01,5,2012-05-01,33298.7774,34040.2569,-741.4795,-2.1782
original,sazonal_ingenuo,2011-12-01,6,2012-06-01,32560.9232,32396.5755,164.3477,0.5073
original,sazonal_ingenuo,2011-12-01,7,2012-07-01,33046.8415,32553.3452,493.4963,1.516
original,sazonal_ingenuo,2011-12-01,8,2012-08-01,34700.3062,34867.9263,-167.6202,-0.4807
original,sazonal_ingenuo,2011-12-01,9,2012-09-01,34834.4364,35552.6986,-718.2621,-2.0203
original,sazonal_ingenuo,2011-12-01,10,2012-10-01,34428.0038,36868.8102,-2440.8064,-6.6202
original,sazonal_ingenuo,2011-12-01,11,2012-11-01,34742.6223,34588.8219,153.8003,0.4447
original,sazonal_ingenuo,2011-12-01,12,2012-12-01,35081.4346,36179.2566,-1097.822,-3.0344
original,sazonal_ingenuo,2012-01-01,1,2012-02-01,37069.7565,37785.0274,-715.2708,-1.893
original,sazonal_ingenuo,2012-01-01,2,2012-03-01,34865.8614,38142.0916,-3276.2301,-8.5895
original,sazonal_ingenuo,2012-01-01,3,2012-04-01,34864.428,36429.9418,-1565.5138,-4.2973
original,sazonal_ingenuo,2012-01-01,4,2012-05-01,33298.7774,34040.2569,-741.4795,-2.1782
original,sazonal_ingenuo,2012-01-01,5,2012-06-01,32560.9232,32396.5755,164.3477,0.5073
original,sazonal_ingenuo,2012-01-01,6,2012-07-01,33046.8415,32553.3452,493.4963,1.516
original,sazonal_ingenuo,2012-01-01,7,2012-08-01,34700.3062,34867.9263,-167.6202,-0.4807
original,sazonal_ingenuo,2012-01-01,8,2012-09-01,34834.4364,35552.6986,-718.2621,-2.0203
original,sazonal_ingenuo,2012-01-01,9,2012-10-01,34428.0038,36868.8102,-2440.8064,-6.6202
original,sazonal_ingenuo,2012-01-01,10,2012-11-01,34742.6223,34588.8219,153.8003,0.4447
original,sazonal_ingenuo,2012-01-01,11,2012-12-01,35081.4346,36179.2566,-1097.822,-3.0344
original,sazonal_ingenuo,2012-01-01,12,2013-01-01,35138.7467,34415.2791,723.4677,2.1022
original,sazonal_ingenuo,2012-02-01,1,2012-03-01,34865.8614,38142.0916,-3276.2301,-8.5895
original,sazonal_ingenuo,2012-02-01,2,2012-04-01,34864.428,36429.9418,-1565.5138,-4.2973
original,sazonal_ingenuo,2012-02-01,3,2012-05-01,33298.7774,34040.2569,-741.4795,-2.1782
original,sazonal_ingenuo,2012-02-01,4,2012-06-01,32560.9232,32396.5755,164.3477,0.5073
original,sazonal_ingenuo,2012-02-01,5,2012-07-01,33046.8415,32553.3452,493.4963,1.516
original,sazonal_ingenuo,2012-02-01,6,2012-08-01,34700.3062,34867.9263,-167.6202,-0.4807
original,sazonal_ingenuo,2012-02-01,7,2012-09-01,34834.4364,35552.6986,-718.2621,-2.0203
original,sazonal_ingenuo,2012-02-01,8,2012-10-01,34428.0038,36868.8102,-2440.8064,-6.6202
original,sazonal_ingenuo,2012-02-01,9,2012-11-01,34742.6223,34588.8219,153.8003,0.4447
original,sazonal_ingenuo,2012-02-01,10,2012-12-01,35081.4346,36179.2566,-1097.822,-3.0344
original,sazonal_ingenuo,2012-02-01,11,2013-01-01,35138.7467,34415.2791,723.4677,2.1022
original,sazonal_ingenuo,2012-02-01,12,2013-02-01,37785.0274,36703.9906,1081.0368,2.9453
original,sazonal_ingenuo,2012-03-01,1,2012-04-01,34864.428,36429.9418,-1565.5138,-4.2973
original,sazonal_ingenuo,2012-03-01,2,2012-05-01,33298.7774,34040.2569,-741.4795,-2.1782
original,sazonal_ingenuo,2012-03-01,3,2012-06-01,32560.9232,32396.5755,164.3477,0.5073
original,sazonal_ingenuo,2012-03-01,4,2012-07-01,33046.8415,32553.3452,493.4963,1.516
original,sazonal_ingenuo,2012-03-01,5,2012-08-01,34700.3062,34867.9263,-167.6202,-0.4807
original,sazonal_ingenuo,2012-03-01,6,2012-09-01,34834.4364,35552.6986,-718.2621,-2.0203
original,sazonal_ingenuo,2012-03-01,7,2012-10-01,34428.0038,36868.8102,-2440.8064,-6.6202
original,sazonal_ingenuo,2012-03-01,8,2012-11-01,34742.6223,34588.8219,153.8003,0.4447
original,sazonal_ingenuo,2012-03-01,9,2012-12-01,35081.4346,36179.2566,-1097.822,-3.0344
original,sazonal_ingenuo,2012-03-01,10,2013-01-01,35138.7467,34415.2791,723.4677,2.1022
original,sazonal_ingenuo,2012-03-01,11,2013-02-01,37785.0274,36703.9906,1081.0368,2.9453
original,sazonal_ingenuo,2012-03-01,12,2013-03-01,38142.0916,36142.0469,2000.0447,5.5338
original,sazonal_ingenuo,2012-04-01,1,2012-05-01,33298.7774,34040.2569,-741.4795,-2.1782
original,sazonal_ingenuo,2012-04-01,2,2012-06-01,32560.9232,32396.5755,164.3477,0.5073
original,sazonal_ingenuo,2012-04-01,3,2012-07-01,33046.8415,32553.3452,493.4963,1.516
original,sazonal_ingenuo,2012-04-01,4,2012-08-01,34700.3062,34867.9263,-167.6202,-0.4807
original,sazonal_ingenuo,2012-04-01,5,2012-09-01,34834.4364,35552.6986,-718.2621,-2.0203
original,sazonal_ingenuo,2012-04-01,6,2012-10-01,34428.0038,36868.8102,-2440.8064,-6.6202
original,sazonal_ingenuo,2012-04-01,7,2012-11-01,34742.6223,34588.8219,153.8003,0.4447
original,sazonal_ingenuo,2012-04-01,8,2012-12-01,35081.4346,36179.2566,-1097.822,-3.0344
original,sazonal_ingenuo,2012-04-01,9,2013-01-01,35138.7467,34415.2791,723.4677,2.1022
original,sazonal_ingenuo,2012-04-01,10,2013-02-01,37785.0274,36703.9906,1081.0368,2.9453
original,sazonal_ingenuo,2012-04-01,11,2013-03-01,38142.0916,36142.0469,2000.0447,5.5338
original,sazonal_ingenuo,2012-04-01,12,2013-04-01,36429.9418,34505.9381,1924.0037,5.5759
original,sazonal_ingenuo,2012-05-01,1,2012-06-01,32560.9232,32396.5755,164.3477,0.5073
original,sazonal_ingenuo,2012-05-01,2,2012-07-01,33046.8415,32553.3452,493.4963,1.516
original,sazonal_ingenuo,2012-05-01,3,2012-08-01,34700.3062,34867.9263,-167.6202,-0.4807
original,sazonal_ingenuo,2012-05-01,4,2012-09-01,34834.4364,35552.6986,-718.2621,-2.0203
original,sazonal_ingenuo,2012-05-01,5,2012-10-01,34428.0038,36868.8102,-2440.8064,-6.6202
original,sazonal_ingenuo,2012-05-01,6,2012-11-01,34742.6223,34588.8219,153.8003,0.4447
original,sazonal_ingenuo,2012-05-01,7,2012-12-01,35081.4346,36179.2566,-1097.822,-3.0344
original,sazonal_ingenuo,2012-05-01,8,2013-01-01,35138.7467,34415.2791,723.4677,2.1022
original,sazonal_ingenuo,2012-05-01,9,2013-02-01,37785.0274,36703.9906,1081.0368,2.9453
original,sazonal_ingenuo,2012-05-01,10,2013-03-01,38142.0916,36142.0469,2000.0447,5.5338
original,sazonal_ingenuo,2012-05-01,11,2013-04-01,36429.9418,34505.9381,1924.0037,5.5759
original,sazonal_ingenuo,2012-05-01,12,2013-05-01,34040.2569,33046.0622,994.1947,3.0085
original,sazonal_ingenuo,2012-06-01,1,2012-07-01,33046.8415,32553.3452,493.4963,1.516
original,sazonal_ingenuo,2012-06-01,2,2012-08-01,34700.3062,34867.9263,-167.6202,-0.4807
original,sazonal_ingenuo,2012-06-01,3,2012-09-01,34834.4364,35552.6986,-718.2621,-2.0203
original,sazonal_ingenuo,2012-06-01,4,2012-10-01,34428.0038,36868.8102,-2440.8064,-6.6202
original,sazonal_ingenuo,2012-06-01,5,2012-11-01,34742.6223,34588.8219,153.8003,0.4447
original,sazonal_ingenuo,2012-06-01,6,2012-12-01,35081.4346,36179.2566,-1097.822,-3.0344
original,sazonal_ingenuo,2012-06-01,7,2013-01-01,35138.7467,34415.2791,723.4677,2.1022
original,sazonal_ingenuo,2012-06-01,8,2013-02-01,37785.0274,36703.9906,1081.0368,2.9453
original,sazonal_ingenuo,2012-06-01,9,2013-03-01,38142.0916,36142.0469,2000.0447,5.5338
original,sazonal_ingenuo,2012-06-01,10,2013-04-01,36429.9418,34505.9381,1924.0037,5.5759
original,sazonal_ingenuo,2012-06-01,11,2013-05-01,34040.2569,33046.0622,994.1947,3.0085
original,sazonal_ingenuo,2012-06-01,12,2013-06-01,32396.5755,32968.8521,-572.2766,-1.7358
original,sazonal_ingenuo,2012-07-01,1,2012-08-01,34700.3062,34867.9263,-167.6202,-0.4807
original,sazonal_ingenuo,2012-07-01,2,2012-09-01,34834.4364,35552.6986,-718.2621,-2.0203
original,sazonal_ingenuo,2012-07-01,3,2012-10-01,34428.0038,36868.8102,-2440.8064,-6.6202
original,sazonal_ingenuo,2012-07-01,4,2012-11-01,34742.6223,34588.8219,153.8003,0.4447
original,sazonal_ingenuo,2012-07-01,5,2012-12-01,35081.4346,36179.2566,-1097.822,-3.0344
original,sazonal_ingenuo,2012-07-01,6,2013-01-01,35138.7467,34415.2791,723.4677,2.1022
original,sazonal_ingenuo,2012-07-01,7,2013-02-01,37785.0274,36703.9906,1081.0368,2.9453
original,sazonal_ingenuo,2012-07-01,8,2013-03-01,38142.0916,36142.0469,2000.0447,5.5338
original,sazonal_ingenuo,2012-07-01,9,2013-04-01,36429.9418,34505.9381,1924.0037,5.5759
original,sazonal_ingenuo,2012-07-01,10,2013-05-01,34040.2569,33046.0622,994.1947,3.0085
original,sazonal_ingenuo,2012-07-01,11,2013-06-01,32396.5755,32968.8521,-572.2766,-1.7358
original,sazonal_ingenuo,2012-07-01,12,2013-07-01,32553.3452,32891.3969,-338.0517,-1.0278
original,sazonal_ingenuo,2012-08-01,1,2012-09-01,34834.4364,35552.6986,-718.2621,-2.0203
original,sazonal_ingenuo,2012-08-01,2,2012-10-01,34428.0038,36868.8102,-2440.8064,-6.6202
original,sazonal_ingenuo,2012-08-01,3,2012-11-01,34742.6223,34588.8219,153.8003,0.4447
original,sazonal_ingenuo,2012-08-01,4,2012-12-01,35081.4346,36179.2566,-1097.822,-3.0344
original,sazonal_ingenuo,2012-08-01,5,2013-01-01,35138.7467,34415.2791,723.4677,2.1022
original,sazonal_ingenuo,2012-08-01,6,2013-02-01,37785.0274,36703.9906,1081.0368,2.9453
original,sazonal_ingenuo,2012-08-01,7,2013-03-01,38142.0916,36142.0469,2000.0447,5.5338
original,sazonal_ingenuo,2012-08-01,8,2013-04-01,36429.9418,34505.9381,1924.0037,5.5759
original,sazonal_ingenuo,2012-08-01,9,2013-05-01,34040.2569,33046.0622,994.1947,3.0085
original,sazonal_ingenuo,2012-08-01,10,2013-06-01,32396.5755,32968.8521,-572.2766,-1.7358
original,sazonal_ingenuo,2012-08-01,11,2013-07-01,32553.3452,32891.3969,-338.0517,-1.0278
original,sazonal_ingenuo,2012-08-01,12,2013-08-01,34867.9263,33964.2456,903.6807,2.6607
original,sazonal_ingenuo,2012-09-01,1,2012-10-01,34428.0038,36868.8102,-2440.8064,-6.6202
original,sazonal_ingenuo,2012-09-01,2,2012-11-01,34742.6223,34588.8219,153.8003,0.4447
original,sazonal_ingenuo,2012-09-01,3,2012-12-01,35081.4346,36179.2566,-1097.822,-3.0344
original,sazonal_ingenuo,2012-09-01,4,2013-01-01,35138.7467,34415.2791,723.4677,2.1022
original,sazonal_ingenuo,2012-09-01,5,2013-02-01,37785.0274,36703.9906,1081.0368,2.9453
original,sazonal_ingenuo,2012-09-01,6,2013-03-01,38142.0916,36142.0469,2000.0447,5.5338
original,sazonal_ingenuo,2012-09-01,7,2013-04-01,36429.9418,34505.9381,1924.0037,5.5759
original,sazonal_ingenuo,2012-09-01,8,2013-05-01,34040.2569,33046.0622,994.1947,3.0085
original,sazonal_ingenuo,2012-09-01,9,2013-06-01,32396.5755,32968.8521,-572.2766,-1.7358
original,sazonal_ingenuo,2012-09-01,10,2013-07-01,32553.3452,32891.3969,-338.0517,-1.0278
original,sazonal_ingenuo,2012-09-01,11,2013-08-01,34867.9263,33964.2456,903.6807,2.6607
original,sazonal_ingenuo,2012-09-01,12,2013-09-01,35552.6986,34766.6241,786.0745,2.261
original,sazonal_ingenuo,2012-10-01,1,2012-11-01,34742.6223,34588.8219,153.8003,0.4447
original,sazonal_ingenuo,2012-10-01,2,2012-12-01,35081.4346,36179.2566,-1097.822,-3.0344
original,sazonal_ingenuo,2012-10-01,3,2013-01-01,35138.7467,34415.2791,723.4677,2.1022
original,sazonal_ingenuo,2012-10-01,4,2013-02-01,37785.0274,36703.9906,1081.0368,2.9453
original,sazonal_ingenuo,2012-10-01,5,2013-03-01,38142.0916,36142.0469,2000.0447,5.5338
original,sazonal_ingenuo,2012-10-01,6,2013-04-01,36429.9418,34505.9381,1924.0037,5.5759
original,sazonal_ingenuo,2012-10-01,7,2013-05-01,34040.2569,33046.0622,994.1947,3.0085
original,sazonal_ingenuo,2012-10-01,8,2013-06-01,32396.5755,32968.8521,-572.2766,-1.7358
original,sazonal_ingenuo,2012-10-01,9,2013-07-01,32553.3452,32891.3969,-338.0517,-1.0278
original,sazonal_ingenuo,2012-10-01,10,2013-08-01,34867.9263,33964.2456,903.6807,2.6607
original,sazonal_ingenuo,2012-10-01,11,2013-09-01,35552.6986,34766.6241,786.0745,2.261
original,sazonal_ingenuo,2012-10-01,12,2013-10-01,36868.8102,35404.5633,1464.2469,4.1358
original,sazonal_ingenuo,2012-11-01,1,2012-12-01,35081.4346,36179.2566,-1097.822,-3.0344
original,sazonal_ingenuo,2012-11-01,2,2013-01-01,35138.7467,34415.2791,723.4677,2.1022
original,sazonal_ingenuo,2012-11-01,3,2013-02-01,37785.0274,36703.9906,1081.0368,2.9453
original,sazonal_ingenuo,2012-11-01,4,2013-03-01,38142.0916,36142.0469,2000.0447,5.5338
original,sazonal_ingenuo,2012-11-01,5,2013-04-01,36429.9418,34505.9381,1924.0037,5.5759
original,sazonal_ingenuo,2012-11-01,6,2013-05-01,34040.2569,33046.0622,994.1947,3.0085
original,sazonal_ingenuo,2012-11-01,7,2013-06-01,32396.5755,32968.8521,-572.2766,-1.7358
original,sazonal_ingenuo,2012-11-01,8,2013-07-01,32553.3452,32891.3969,-338.0517,-1.0278
original,sazonal_ingenuo,2012-11-01,9,2013-08-01,34867.9263,33964.2456,903.6807,2.6607
original,sazonal_ingenuo,2012-11-01,10,2013-09-01,35552.6986,34766.6241,786.0745,2.261
original,sazonal_ingenuo,2012-11-01,11,2013-10-01,36868.8102,35404.5633,1464.2469,4.1358
original,sazonal_ingenuo,2012-11-01,12,2013-11-01,34588.8219,35381.6161,-792.7941,-2.2407
original,sazonal_ingenuo,2012-12-01,1,2013-01-01,35138.7467,34415.2791,723.4677,2.1022
original,sazonal_ingenuo,2012-12-01,2,2013-02-01,37785.0274,36703.9906,1081.0368,2.9453
original,sazonal_ingenuo,2012-12-01,3,2013-03-01,38142.0916,36142.0469,2000.0447,5.5338
original,sazonal_ingenuo,2012-12-01,4,2013-04-01,36429.9418,34505.9381,1924.0037,5.5759
original,sazonal_ingenuo,2012-12-01,5,2013-05-01,34040.2569,33046.0622,994.1947,3.0085
original,sazonal_ingenuo,2012-12-01,6,2013-06-01,32396.5755,32968.8521,-572.2766,-1.7358
original,sazonal_ingenuo,2012-12-01,7,2013-07-01,32553.3452,32891.3969,-338.0517,-1.0278
original,sazonal_ingenuo,2012-12-01,8,2013-08-01,34867.9263,33964.2456,903.6807,2.6607
original,sazonal_ingenuo,2012-12-01,9,2013-09-01,35552.6986,34766.6241,786.0745,2.261
original,sazonal_ingenuo,2012-12-01,10,2013-10-01,36868.8102,35404.5633,1464.2469,4.1358
original,sazonal_ingenuo,2012-12-01,11,2013-11-01,34588.8219,35381.6161,-792.7941,-2.2407
original,sazonal_ingenuo,2012-12-01,12,2013-12-01,36179.2566,35314.9921,864.2645,2.4473
original,sazonal_ingenuo,2013-01-01,1,2013-02-01,37785.0274,36703.9906,1081.0368,2.9453
original,sazonal_ingenuo,2013-01-01,2,2013-03-01,38142.0916,36142.0469,2000.0447,5.5338
original,sazonal_ingenuo,2013-01-01,3,2013-04-01,36429.9418,34505.9381,1924.0037,5.5759
original,sazonal_ingenuo,2013-01-01,4,2013-05-01,34040.2569,33046.0622,994.1947,3.0085
original,sazonal_ingenuo,2013-01-01,5,2013-06-01,32396.5755,32968.8521,-572.2766,-1.7358
original,sazonal_ingenuo,2013-01-01,6,2013-07-01,32553.3452,32891.3969,-338.0517,-1.0278
original,sazonal_ingenuo,2013-01-01,7,2013-08-01,34867.9263,33964.2456,903.6807,2.6607
original,sazonal_ingenuo,2013-01-01,8,2013-09-01,35552.6986,34766.6241,786.0745,2.261
original,sazonal_ingenuo,2013-01-01,9,2013-10-01,36868.8102,35404.5633,1464.2469,4.1358
original,sazonal_ingenuo,2013-01-01,10,2013-11-01,34588.8219,35381.6161,-792.7941,-2.2407
original,sazonal_ingenuo,2013-01-01,11,2013-12-01,36179.2566,35314.9921,864.2645,2.4473
original,sazonal_ingenuo,2013-01-01,12,2014-01-01,34415.2791,38704.8608,-4289.5817,-11.0828
original,sazonal_ingenuo,2013-02-01,1,2013-03-01,38142.0916,36142.0469,2000.0447,5.5338
original,sazonal_ingenuo,2013-02-01,2,2013-04-01,36429.9418,34505.9381,1924.0037,5.5759
original,sazonal_ingenuo,2013-02-01,3,2013-05-01,34040.2569,33046.0622,994.1947,3.0085
original,sazonal_ingenuo,2013-02-01,4,2013-06-01,32396.5755,32968.8521,-572.2766,-1.7358
original,sazonal_ingenuo,2013-02-01,5,2013-07-01,32553.3452,32891.3969,-338.0517,-1.0278
original,sazonal_ingenuo,2013-02-01,6,2013-08-01,34867.9263,33964.2456,903.6807,2.6607
original,sazonal_ingenuo,2013-02-01,7,2013-09-01,35552.6986,34766.6241,786.0745,2.261
original,sazonal_ingenuo,2013-02-01,8,2013-10-01,36868.8102,35404.5633,1464.2469,4.1358
original,sazonal_ingenuo,2013-02-01,9,2013-11-01,34588.8219,35381.6161,-792.7941,-2.2407
original,sazonal_ingenuo,2013-02-01,10,2013-12-01,36179.2566,35314.9921,864.2645,2.4473
original,sazonal_ingenuo,2013-02-01,11,2014-01-01,34415.2791,38704.8608,-4289.5817,-11.0828
original,sazonal_ingenuo,2013-02-01,12,2014-02-01,36703.9906,39855.2823,-3151.2918,-7.9068
original,sazonal_ingenuo,2013-03-01,1,2013-04-01,36429.9418,34505.9381,1924.0037,5.5759
original,sazonal_ingenuo,2013-03-01,2,2013-05-01,34040.2569,33046.0622,994.1947,3.0085
original,sazonal_ingenuo,2013-03-01,3,2013-06-01,32396.5755,32968.8521,-572.2766,-1.7358
original,sazonal_ingenuo,2013-03-01,4,2013-07-01,32553.3452,32891.3969,-338.0517,-1.0278
original,sazonal_ingenuo,2013-03-01,5,2013-08-01,34867.9263,33964.2456,903.6807,2.6607
original,sazonal_ingenuo,2013-03-01,6,2013-09-01,35552.6986,34766.6241,786.0745,2.261
original,sazonal_ingenuo,2013-03-01,7,2013-10-01,36868.8102,35404.5633,1464.2469,4.1358
original,sazonal_ingenuo,2013-03-01,8,2013-11-01,34588.8219,35381.6161,-792.7941,-2.2407
original,sazonal_ingenuo,2013-03-01,9,2013-12-01,36179.2566,35314.9921,864.2645,2.4473
original,sazonal_ingenuo,2013-03-01,10,2014-01-01,34415.2791,38704.8608,-4289.5817,-11.0828
original,sazonal_ingenuo,2013-03-01,11,2014-02-01,36703.9906,39855.2823,-3151.2918,-7.9068
original,sazonal_ingenuo,2013-03-01,12,2014-03-01,36142.0469,37542.7446,-1400.6977,-3.7309
original,sazonal_ingenuo,2013-04-01,1,2013-05-01,34040.2569,33046.0622,994.1947,3.0085
original,sazonal_ingenuo,2013-04-01,2,2013-06-01,32396.5755,32968.8521,-572.2766,-1.7358
original,sazonal_ingenuo,2013-04-01,3,2013-07-01,32553.3452,32891.3969,-338.0517,-1.0278
original,sazonal_ingenuo,2013-04-01,4,2013-08-01,34867.9263,33964.2456,903.6807,2.6607
original,sazonal_ingenuo,2013-04-01,5,2013-09-01,35552.6986,34766.6241,786.0745,2.261
original,sazonal_ingenuo,2013-04-01,6,2013-10-01,36868.8102,35404.5633,1464.2469,4.1358
original,sazonal_ingenuo,2013-04-01,7,2013-11-01,34588.8219,35381.6161,-792.7941,-2.2407
original,sazonal_ingenuo,2013-04-01,8,2013-12-01,36179.2566,35314.9921,864.2645,2.4473
original,sazonal_ingenuo,2013-04-01,9,2014-01-01,34415.2791,38704.8608,-4289.5817,-11.0828
original,sazonal_ingenuo,2013-04-01,10,2014-02-01,36703.9906,39855.2823,-3151.2918,-7.9068
original,sazonal_ingenuo,2013-04-01,11,2014-03-01,36142.0469,37542.7446,-1400.6977,-3.7309
original,sazonal_ingenuo,2013-04-01,12,2014-04-01,34505.9381,35486.9658,-981.0277,-2.7645
original,sazonal_ingenuo,2013-05-01,1,2013-06-01,32396.5755,32968.8521,-572.2766,-1.7358
original,sazonal_ingenuo,2013-05-01,2,2013-07-01,32553.3452,32891.3969,-338.0517,-1.0278
original,sazonal_ingenuo,2013-05-01,3,2013-08-01,34867.9263,33964.2456,903.6807,2.6607
original,sazonal_ingenuo,2013-05-01,4,2013-09-01,35552.6986,34766.6241,786.0745,2.261
original,sazonal_ingenuo,2013-05-01,5,2013-10-01,36868.8102,35404.5633,1464.2469,4.1358
original,sazonal_ingenuo,2013-05-01,6,2013-11-01,34588.8219,35381.6161,-792.7941,-2.2407
original,sazonal_ingenuo,2013-05-01,7,2013-12-01,36179.2566,35314.9921,864.2645,2.4473
original,sazonal_ingenuo,2013-05-01,8,2014-01-01,34415.2791,38704.8608,-4289.5817,-11.0828
original,sazonal_ingenuo,2013-05-01,9,2014-02-01,36703.9906,39855.2823,-3151.2918,-7.9068
original,sazonal_ingenuo,2013-05-01,10,2014-03-01,36142.0469,37542.7446,-1400.6977,-3.7309
original,sazonal_ingenuo,2013-05-01,11,2014-04-01,34505.9381,35486.9658,-981.0277,-2.7645
original,sazonal_ingenuo,2013-05-01,12,2014-05-01,33046.0622,35309.2711,-2263.2089,-6.4097
original,sazonal_ingenuo,2013-06-01,1,2013-07-01,32553.3452,32891.3969,-338.0517,-1.0278
original,sazonal_ingenuo,2013-06-01,2,2013-08-01,34867.9263,33964.2456,903.6807,2.6607
original,sazonal_ingenuo,2013-06-01,3,2013-09-01,35552.6986,34766.6241,786.0745,2.261
original,sazonal_ingenuo,2013-06-01,4,2013-10-01,36868.8102,35404.5633,1464.2469,4.1358
original,sazonal_ingenuo,2013-06-01,5,2013-11-01,34588.8219,35381.6161,-792.7941,-2.2407
original,sazonal_ingenuo,2013-06-01,6,2013-12-01,36179.2566,35314.9921,864.2645,2.4473
original,sazonal_ingenuo,2013-06-01,7,2014-01-01,34415.2791,38704.8608,-4289.5817,-11.0828
original,sazonal_ingenuo,2013-06-01,8,2014-02-01,36703.9906,39855.2823,-3151.2918,-7.9068
original,sazonal_ingenuo,2013-06-01,9,2014-03-01,36142.0469,37542.7446,-1400.6977,-3.7309
original,sazonal_ingenuo,2013-06-01,10,2014-04-01,34505.9381,35486.9658,-981.0277,-2.7645
original,sazonal_ingenuo,2013-06-01,11,2014-05-01,33046.0622,35309.2711,-2263.2089,-6.4097
original,sazonal_ingenuo,2013-06-01,12,2014-06-01,32968.8521,34120.949,-1152.0969,-3.3765
original,sazonal_ingenuo,2013-07-01,1,2013-08-01,34867.9263,33964.2456,903.6807,2.6607
original,sazonal_ingenuo,2013-07-01,2,2013-09-01,35552.6986,34766.6241,786.0745,2.261
original,sazonal_ingenuo,2013-07-01,3,2013-10-01,36868.8102,35404.5633,1464.2469,4.1358
original,sazonal_ingenuo,2013-07-01,4,2013-11-01,34588.8219,35381.6161,-792.7941,-2.2407
original,sazonal_ingenuo,2013-07-01,5,2013-12-01,36179.2566,35314.9921,864.2645,2.4473
original,sazonal_ingenuo,2013-07-01,6,2014-01-01,34415.2791,38704.8608,-4289.5817,-11.0828
original,sazonal_ingenuo,2013-07-01,7,2014-02-01,36703.9906,39855.2823,-3151.2918,-7.9068
original,sazonal_ingenuo,2013-07-01,8,2014-03-01,36142.0469,37542.7446,-1400.6977,-3.7309
original,sazonal_ingenuo,2013-07-01,9,2014-04-01,34505.9381,35486.9658,-981.0277,-2.7645
original,sazonal_ingenuo,2013-07-01,10,2014-05-01,33046.0622,35309.2711,-2263.2089,-6.4097
original,sazonal_ingenuo,2013-07-01,11,2014-06-01,32968.8521,34120.949,-1152.0969,-3.3765
original,sazonal_ingenuo,2013-07-01,12,2014-07-01,32891.3969,34146.1814,-1254.7845,-3.6747
original,sazonal_ingenuo,2013-08-01,1,2013-09-01,35552.6986,34766.6241,786.0745,2.261
original,sazonal_ingenuo,2013-08-01,2,2013-10-01,36868.8102,35404.5633,1464.2469,4.1358
original,sazonal_ingenuo,2013-08-01,3,2013-11-01,34588.8219,35381.6161,-792.7941,-2.2407
original,sazonal_ingenuo,2013-08-01,4,2013-12-01,36179.2566,35314.9921,864.2645,2.4473
original,sazonal_ingenuo,2013-08-01,5,2014-01-01,34415.2791,38704.8608,-4289.5817,-11.0828
original,sazonal_ingenuo,2013-08-01,6,2014-02-01,36703.9906,39855.2823,-3151.2918,-7.9068
original,sazonal_ingenuo,2013-08-01,7,2014-03-01,36142.0469,37542.7446,-1400.6977,-3.7309
original,sazonal_ingenuo,2013-08-01,8,2014-04-01,34505.9381,35486.9658,-981.0277,-2.7645
original,sazonal_ingenuo,2013-08-01,9,2014-05-01,33046.0622,35309.2711,-2263.2089,-6.4097
original,sazonal_ingenuo,2013-08-01,10,2014-06-01,32968.8521,34120.949,-1152.0969,-3.3765
original,sazonal_ingenuo,2013-08-01,11,2014-07-01,32891.3969,34146.1814,-1254.7845,-3.6747
original,sazonal_ingenuo,2013-08-01,12,2014-08-01,33964.2456,34537.1042,-572.8586,-1.6587
original,sazonal_ingenuo,2013-09-01,1,2013-10-01,36868.8102,35404.5633,1464.2469,4.1358
original,sazonal_ingenuo,2013-09-01,2,2013-11-01,34588.8219,35381.6161,-792.7941,-2.2407
original,sazonal_ingenuo,2013-09-01,3,2013-12-01,36179.2566,35314.9921,864.2645,2.4473
original,sazonal_ingenuo,2013-09-01,4,2014-01-01,34415.2791,38704.8608,-4289.5817,-11.0828
original,sazonal_ingenuo,2013-09-01,5,2014-02-01,36703.9906,39855.2823,-3151.2918,-7.9068
original,sazonal_ingenuo,2013-09-01,6,2014-03-01,36142.0469,37542.7446,-1400.6977,-3.7309
original,sazonal_ingenuo,2013-09-01,7,2014-04-01,34505.9381,35486.9658,-981.0277,-2.7645
original,sazonal_ingenuo,2013-09-01,8,2014-05-01,33046.0622,35309.2711,-2263.2089,-6.4097
original,sazonal_ingenuo,2013-09-01,9,2014-06-01,32968.8521,34120.949,-1152.0969,-3.3765
original,sazonal_ingenuo,2013-09-01,10,2014-07-01,32891.3969,34146.1814,-1254.7845,-3.6747
original,sazonal_ingenuo,2013-09-01,11,2014-08-01,33964.2456,34537.1042,-572.8586,-1.6587
original,sazonal_ingenuo,2013-09-01,12,2014-09-01,34766.6241,36110.8825,-1344.2584,-3.7226
original,sazonal_ingenuo,2013-10-01,1,2013-11-01,34588.8219,35381.6161,-792.7941,-2.2407
original,sazonal_ingenuo,2013-10-01,2,2013-12-01,36179.2566,35314.9921,864.2645,2.4473
original,sazonal_ingenuo,2013-10-01,3,2014-01-01,34415.2791,38704.8608,-4289.5817,-11.0828
original,sazonal_ingenuo,2013-10-01,4,2014-02-01,36703.9906,39855.2823,-3151.2918,-7.9068
original,sazonal_ingenuo,2013-10-01,5,2014-03-01,36142.0469,37542.7446,-1400.6977,-3.7309
original,sazonal_ingenuo,2013-10-01,6,2014-04-01,34505.9381,35486.9658,-981.0277,-2.7645
original,sazonal_ingenuo,2013-10-01,7,2014-05-01,33046.0622,35309.2711,-2263.2089,-6.4097
original,sazonal_ingenuo,2013-10-01,8,2014-06-01,32968.8521,34120.949,-1152.0969,-3.3765
original,sazonal_ingenuo,2013-10-01,9,2014-07-01,32891.3969,34146.1814,-1254.7845,-3.6747
original,sazonal_ingenuo,2013-10-01,10,2014-08-01,33964.2456,34537.1042,-572.8586,-1.6587
original,sazonal_ingenuo,2013-10-01,11,2014-09-01,34766.6241,36110.8825,-1344.2584,-3.7226
original,sazonal_ingenuo,2013-10-01,12,2014-10-01,35404.5633,37058.0356,-1653.4724,-4.4618
original,sazonal_ingenuo,2013-11-01,1,2013-12-01,36179.2566,35314.9921,864.2645,2.4473
original,sazonal_ingenuo,2013-11-01,2,2014-01-01,34415.2791,38704.8608,-4289.5817,-11.0828
original,sazonal_ingenuo,2013-11-01,3,2014-02-01,36703.9906,39855.2823,-3151.2918,-7.9068
original,sazonal_ingenuo,2013-11-01,4,2014-03-01,36142.0469,37542.7446,-1400.6977,-3.7309
original,sazonal_ingenuo,2013-11-01,5,2014-04-01,34505.9381,35486.9658,-981.0277,-2.7645
original,sazonal_ingenuo,2013-11-01,6,2014-05-01,33046.0622,35309.2711,-2263.2089,-6.4097
original,sazonal_ingenuo,2013-11-01,7,2014-06-01,32968.8521,34120.949,-1152.0969,-3.3765
original,sazonal_ingenuo,2013-11-01,8,2014-07-01,32891.3969,34146.1814,-1254.7845,-3.6747
original,sazonal_ingenuo,2013-11-01,9,2014-08-01,33964.2456,34537.1042,-572.8586,-1.6587
original,sazonal_ingenuo,2013-11-01,10,2014-09-01,34766.6241,36110.8825,-1344.2584,-3.7226
original,sazonal_ingenuo,2013-11-01,11,2014-10-01,35404.5633,37058.0356,-1653.4724,-4.4618
original,sazonal_ingenuo,2013-11-01,12,2014-11-01,35381.6161,36280.763,-899.1469,-2.4783
original,sazonal_ingenuo,2013-12-01,1,2014-01-01,34415.2791,38704.8608,-4289.5817,-11.0828
original,sazonal_ingenuo,2013-12-01,2,2014-02-01,36703.9906,39855.2823,-3151.2918,-7.9068
original,sazonal_ingenuo,2013-12-01,3,2014-03-01,36142.0469,37542.7446,-1400.6977,-3.7309
original,sazonal_ingenuo,2013-12-01,4,2014-04-01,34505.9381,35486.9658,-981.0277,-2.7645
original,sazonal_ingenuo,2013-12-01,5,2014-05-01,33046.0622,35309.2711,-2263.2089,-6.4097
original,sazonal_ingenuo,2013-12-01,6,2014-06-01,32968.8521,34120.949,-1152.0969,-3.3765
original,sazonal_ingenuo,2013-12-01,7,2014-07-01,32891.3969,34146.1814,-1254.7845,-3.6747
original,sazonal_ingenuo,2013-12-01,8,2014-08-01,33964.2456,34537.1042,-572.8586,-1.6587
original,sazonal_ingenuo,2013-12-01,9,2014-09-01,34766.6241,36110.8825,-1344.2584,-3.7226
original,sazonal_ingenuo,2013-12-01,10,2014-10-01,35404.5633,37058.0356,-1653.4724,-4.4618
original,sazonal_ingenuo,2013-12-01,11,2014-11-01,35381.6161,36280.763,-899.1469,-2.4783
original,sazonal_ingenuo,2013-12-01,12,2014-12-01,35314.9921,36171.1909,-856.1988,-2.3671
original,sazonal_ingenuo,2014-01-01,1,2014-02-01,36703.9906,39855.2823,-3151.2918,-7.9068
original,sazonal_ingenuo,2014-01-01,2,2014-03-01,36142.0469,37542.7446,-1400.6977,-3.7309
original,sazonal_ingenuo,2014-01-01,3,2014-04-01,34505.9381,35486.9658,-981.0277,-2.7645
original,sazonal_ingenuo,2014-01-01,4,2014-05-01,33046.0622,35309.2711,-2263.2089,-6.4097
original,sazonal_ingenuo,2014-01-01,5,2014-06-01,32968.8521,34120.949,-1152.0969,-3.3765
original,sazonal_ingenuo,2014-01-01,6,2014-07-01,32891.3969,34146.1814,-1254.7845,-3.6747
original,sazonal_ingenuo,2014-01-01,7,2014-08-01,33964.2456,34537.1042,-572.8586,-1.6587
original,sazonal_ingenuo,2014-01-01,8,2014-09-01,34766.6241,36110.8825,-1344.2584,-3.7226
original,sazonal_ingenuo,2014-01-01,9,2014-10-01,35404.5633,37058.0356,-1653.4724,-4.4618
original,sazonal_ingenuo,2014-01-01,10,2014-11-01,35381.6161,36280.763,-899.1469,-2.4783
original,sazonal_ingenuo,2014-01-01,11,2014-12-01,35314.9921,36171.1909,-856.1988,-2.3671
original,sazonal_ingenuo,2014-01-01,12,2015-01-01,38704.8608,40467.7143,-1762.8536,-4.3562
original,sazonal_ingenuo,2014-02-01,1,2014-03-01,36142.0469,37542.7446,-1400.6977,-3.7309
original,sazonal_ingenuo,2014-02-01,2,2014-04-01,34505.9381,35486.9658,-981.0277,-2.7645
original,sazonal_ingenuo,2014-02-01,3,2014-05-01,33046.0622,35309.2711,-2263.2089,-6.4097
original,sazonal_ingenuo,2014-02-01,4,2014-06-01,32968.8521,34120.949,-1152.0969,-3.3765
original,sazonal_ingenuo,2014-02-01,5,2014-07-01,32891.3969,34146.1814,-1254.7845,-3.6747
original,sazonal_ingenuo,2014-02-01,6,2014-08-01,33964.2456,34537.1042,-572.8586,-1.6587
original,sazonal_ingenuo,2014-02-01,7,2014-09-01,34766.6241,36110.8825,-1344.2584,-3.7226
original,sazonal_ingenuo,2014-02-01,8,2014-10-01,35404.5633,37058.0356,-1653.4724,-4.4618
original,sazonal_ingenuo,2014-02-01,9,2014-11-01,35381.6161,36280.763,-899.1469,-2.4783
original,sazonal_ingenuo,2014-02-01,10,2014-12-01,35314.9921,36171.1909,-856.1988,-2.3671
original,sazonal_ingenuo,2014-02-01,11,2015-01-01,38704.8608,40467.7143,-1762.8536,-4.3562
original,sazonal_ingenuo,2014-02-01,12,2015-02-01,39855.2823,39133.7826,721.4997,1.8437
original,sazonal_ingenuo,2014-03-01,1,2014-04-01,34505.9381,35486.9658,-981.0277,-2.7645
original,sazonal_ingenuo,2014-03-01,2,2014-05-01,33046.0622,35309.2711,-2263.2089,-6.4097
original,sazonal_ingenuo,2014-03-01,3,2014-06-01,32968.8521,34120.949,-1152.0969,-3.3765
original,sazonal_ingenuo,2014-03-01,4,2014-07-01,32891.3969,34146.1814,-1254.7845,-3.6747
original,sazonal_ingenuo,2014-03-01,5,2014-08-01,33964.2456,34537.1042,-572.8586,-1.6587
original,sazonal_ingenuo,2014-03-01,6,2014-09-01,34766.6241,36110.8825,-1344.2584,-3.7226
original,sazonal_ingenuo,2014-03-01,7,2014-10-01,35404.5633,37058.0356,-1653.4724,-4.4618
original,sazonal_ingenuo,2014-03-01,8,2014-11-01,35381.6161,36280.763,-899.1469,-2.4783
original,sazonal_ingenuo,2014-03-01,9,2014-12-01,35314.9921,36171.1909,-856.1988,-2.3671
original,sazonal_ingenuo,2014-03-01,10,2015-01-01,38704.8608,40467.7143,-1762.8536,-4.3562
original,sazonal_ingenuo,2014-03-01,11,2015-02-01,39855.2823,39133.7826,721.4997,1.8437
original,sazonal_ingenuo,2014-03-01,12,2015-03-01,37542.7446,38210.4323,-667.6877,-1.7474
original,sazonal_ingenuo,2014-04-01,1,2014-05-01,33046.0622,35309.2711,-2263.2089,-6.4097
original,sazonal_ingenuo,2014-04-01,2,2014-06-01,32968.8521,34120.949,-1152.0969,-3.3765
original,sazonal_ingenuo,2014-04-01,3,2014-07-01,32891.3969,34146.1814,-1254.7845,-3.6747
original,sazonal_ingenuo,2014-04-01,4,2014-08-01,33964.2456,34537.1042,-572.8586,-1.6587
original,sazonal_ingenuo,2014-04-01,5,2014-09-01,34766.6241,36110.8825,-1344.2584,-3.7226
original,sazonal_ingenuo,2014-04-01,6,2014-10-01,35404.5633,37058.0356,-1653.4724,-4.4618
original,sazonal_ingenuo,2014-04-01,7,2014-11-01,35381.6161,36280.763,-899.1469,-2.4783
original,sazonal_ingenuo,2014-04-01,8,2014-12-01,35314.9921,36171.1909,-856.1988,-2.3671
original,sazonal_ingenuo,2014-04-01,9,2015-01-01,38704.8608,40467.7143,-1762.8536,-4.3562
original,sazonal_ingenuo,2014-04-01,10,2015-02-01,39855.2823,39133.7826,721.4997,1.8437
original,sazonal_ingenuo,2014-04-01,11,2015-03-01,37542.7446,38210.4323,-667.6877,-1.7474
original,sazonal_ingenuo,2014-04-01,12,2015-04-01,35486.9658,35760.8064,-273.8406,-0.7658
original,sazonal_ingenuo,2014-05-01,1,2014-06-01,32968.8521,34120.949,-1152.0969,-3.3765
original,sazonal_ingenuo,2014-05-01,2,2014-07-01,32891.3969,34146.1814,-1254.7845,-3.6747
original,sazonal_ingenuo,2014-05-01,3,2014-08-01,33964.2456,34537.1042,-572.8586,-1.6587
original,sazonal_ingenuo,2014-05-01,4,2014-09-01,34766.6241,36110.8825,-1344.2584,-3.7226
original,sazonal_ingenuo,2014-05-01,5,2014-10-01,35404.5633,37058.0356,-1653.4724,-4.4618
original,sazonal_ingenuo,2014-05-01,6,2014-11-01,35381.6161,36280.763,-899.1469,-2.4783
original,sazonal_ingenuo,2014-05-01,7,2014-12-01,35314.9921,36171.1909,-856.1988,-2.3671
original,sazonal_ingenuo,2014-05-01,8,2015-01-01,38704.8608,40467.7143,-1762.8536,-4.3562
original,sazonal_ingenuo,2014-05-01,9,2015-02-01,39855.2823,39133.7826,721.4997,1.8437
original,sazonal_ingenuo,2014-05-01,10,2015-03-01,37542.7446,38210.4323,-667.6877,-1.7474
original,sazonal_ingenuo,2014-05-01,11,2015-04-01,35486.9658,35760.8064,-273.8406,-0.7658
original,sazonal_ingenuo,2014-05-01,12,2015-05-01,35309.2711,33218.0308,2091.2402,6.2955
original,sazonal_ingenuo,2014-06-01,1,2014-07-01,32891.3969,34146.1814,-1254.7845,-3.6747
original,sazonal_ingenuo,2014-06-01,2,2014-08-01,33964.2456,34537.1042,-572.8586,-1.6587
original,sazonal_ingenuo,2014-06-01,3,2014-09-01,34766.6241,36110.8825,-1344.2584,-3.7226
original,sazonal_ingenuo,2014-06-01,4,2014-10-01,35404.5633,37058.0356,-1653.4724,-4.4618
original,sazonal_ingenuo,2014-06-01,5,2014-11-01,35381.6161,36280.763,-899.1469,-2.4783
original,sazonal_ingenuo,2014-06-01,6,2014-12-01,35314.9921,36171.1909,-856.1988,-2.3671
original,sazonal_ingenuo,2014-06-01,7,2015-01-01,38704.8608,40467.7143,-1762.8536,-4.3562
original,sazonal_ingenuo,2014-06-01,8,2015-02-01,39855.2823,39133.7826,721.4997,1.8437
original,sazonal_ingenuo,2014-06-01,9,2015-03-01,37542.7446,38210.4323,-667.6877,-1.7474
original,sazonal_ingenuo,2014-06-01,10,2015-04-01,35486.9658,35760.8064,-273.8406,-0.7658
original,sazonal_ingenuo,2014-06-01,11,2015-05-01,35309.2711,33218.0308,2091.2402,6.2955
original,sazonal_ingenuo,2014-06-01,12,2015-06-01,34120.949,32475.565,1645.384,5.0665
original,sazonal_ingenuo,2014-07-01,1,2014-08-01,33964.2456,34537.1042,-572.8586,-1.6587
original,sazonal_ingenuo,2014-07-01,2,2014-09-01,34766.6241,36110.8825,-1344.2584,-3.7226
original,sazonal_ingenuo,2014-07-01,3,2014-10-01,35404.5633,37058.0356,-1653.4724,-4.4618
original,sazonal_ingenuo,2014-07-01,4,2014-11-01,35381.6161,36280.763,-899.1469,-2.4783
original,sazonal_ingenuo,2014-07-01,5,2014-12-01,35314.9921,36171.1909,-856.1988,-2.3671
original,sazonal_ingenuo,2014-07-01,6,2015-01-01,38704.8608,40467.7143,-1762.8536,-4.3562
original,sazonal_ingenuo,2014-07-01,7,2015-02-01,39855.2823,39133.7826,721.4997,1.8437
original,sazonal_ingenuo,2014-07-01,8,2015-03-01,37542.7446,38210.4323,-667.6877,-1.7474
original,sazonal_ingenuo,2014-07-01,9,2015-04-01,35486.9658,35760.8064,-273.8406,-0.7658
original,sazonal_ingenuo,2014-07-01,10,2015-05-01,35309.2711,33218.0308,2091.2402,6.2955
original,sazonal_ingenuo,2014-07-01,11,2015-06-01,34120.949,32475.565,1645.384,5.0665
original,sazonal_ingenuo,2014-07-01,12,2015-07-01,34146.1814,33015.5469,1130.6345,3.4246
original,sazonal_ingenuo,2014-08-01,1,2014-09-01,34766.6241,36110.8825,-1344.2584,-3.7226
original,sazonal_ingenuo,2014-08-01,2,2014-10-01,35404.5633,37058.0356,-1653.4724,-4.4618
original,sazonal_ingenuo,2014-08-01,3,2014-11-01,35381.6161,36280.763,-899.1469,-2.4783
original,sazonal_ingenuo,2014-08-01,4,2014-12-01,35314.9921,36171.1909,-856.1988,-2.3671
original,sazonal_ingenuo,2014-08-01,5,2015-01-01,38704.8608,40467.7143,-1762.8536,-4.3562
original,sazonal_ingenuo,2014-08-01,6,2015-02-01,39855.2823,39133.7826,721.4997,1.8437
original,sazonal_ingenuo,2014-08-01,7,2015-03-01,37542.7446,38210.4323,-667.6877,-1.7474
original,sazonal_ingenuo,2014-08-01,8,2015-04-01,35486.9658,35760.8064,-273.8406,-0.7658
original,sazonal_ingenuo,2014-08-01,9,2015-05-01,35309.2711,33218.0308,2091.2402,6.2955
original,sazonal_ingenuo,2014-08-01,10,2015-06-01,34120.949,32475.565,1645.384,5.0665
original,sazonal_ingenuo,2014-08-01,11,2015-07-01,34146.1814,33015.5469,1130.6345,3.4246
original,sazonal_ingenuo,2014-08-01,12,2015-08-01,34537.1042,33889.707,647.3972,1.9103
original,sazonal_ingenuo,2014-09-01,1,2014-10-01,35404.5633,37058.0356,-1653.4724,-4.4618
original,sazonal_ingenuo,2014-09-01,2,2014-11-01,35381.6161,36280.763,-899.1469,-2.4783
original,sazonal_ingenuo,2014-09-01,3,2014-12-01,35314.9921,36171.1909,-856.1988,-2.3671
original,sazonal_ingenuo,2014-09-01,4,2015-01-01,38704.8608,40467.7143,-1762.8536,-4.3562
original,sazonal_ingenuo,2014-09-01,5,2015-02-01,39855.2823,39133.7826,721.4997,1.8437
original,sazonal_ingenuo,2014-09-01,6,2015-03-01,37542.7446,38210.4323,-667.6877,-1.7474
original,sazonal_ingenuo,2014-09-01,7,2015-04-01,35486.9658,35760.8064,-273.8406,-0.7658
original,sazonal_ingenuo,2014-09-01,8,2015-05-01,35309.2711,33218.0308,2091.2402,6.2955
original,sazonal_ingenuo,2014-09-01,9,2015-06-01,34120.949,32475.565,1645.384,5.0665
original,sazonal_ingenuo,2014-09-01,10,2015-07-01,34146.1814,33015.5469,1130.6345,3.4246
original,sazonal_ingenuo,2014-09-01,11,2015-08-01,34537.1042,33889.707,647.3972,1.9103
original,sazonal_ingenuo,2014-09-01,12,2015-09-01,36110.8825,35495.7658,615.1167,1.7329
original,sazonal_ingenuo,2014-10-01,1,2014-11-01,35381.6161,36280.763,-899.1469,-2.4783
original,sazonal_ingenuo,2014-10-01,2,2014-12-01,35314.9921,36171.1909,-856.1988,-2.3671
original,sazonal_ingenuo,2014-10-01,3,2015-01-01,38704.8608,40467.7143,-1762.8536,-4.3562
original,sazonal_ingenuo,2014-10-01,4,2015-02-01,39855.2823,39133.7826,721.4997,1.8437
original,sazonal_ingenuo,2014-10-01,5,2015-03-01,37542.7446,38210.4323,-667.6877,-1.7474
original,sazonal_ingenuo,2014-10-01,6,2015-04-01,35486.9658,35760.8064,-273.8406,-0.7658
original,sazonal_ingenuo,2014-10-01,7,2015-05-01,35309.2711,33218.0308,2091.2402,6.2955
original,sazonal_ingenuo,2014-10-01,8,2015-06-01,34120.949,32475.565,1645.384,5.0665
original,sazonal_ingenuo,2014-10-01,9,2015-07-01,34146.1814,33015.5469,1130.6345,3.4246
original,sazonal_ingenuo,2014-10-01,10,2015-08-01,34537.1042,33889.707,647.3972,1.9103
original,sazonal_ingenuo,2014-10-01,11,2015-09-01,36110.8825,35495.7658,615.1167,1.7329
original,sazonal_ingenuo,2014-10-01,12,2015-10-01,37058.0356,36637.6374,420.3982,1.1474
original,sazonal_ingenuo,2014-11-01,1,2014-12-01,35314.9921,36171.1909,-856.1988,-2.3671
original,sazonal_ingenuo,2014-11-01,2,2015-01-01,38704.8608,40467.7143,-1762.8536,-4.3562
original,sazonal_ingenuo,2014-11-01,3,2015-02-01,39855.2823,39133.7826,721.4997,1.8437
original,sazonal_ingenuo,2014-11-01,4,2015-03-01,37542.7446,38210.4323,-667.6877,-1.7474
original,sazonal_ingenuo,2014-11-01,5,2015-04-01,35486.9658,35760.8064,-273.8406,-0.7658
original,sazonal_ingenuo,2014-11-01,6,2015-05-01,35309.2711,33218.0308,2091.2402,6.2955
original,sazonal_ingenuo,2014-11-01,7,2015-06-01,34120.949,32475.565,1645.384,5.0665
original,sazonal_ingenuo,2014-11-01,8,2015-07-01,34146.1814,33015.5469,1130.6345,3.4246
original,sazonal_ingenuo,2014-11-01,9,2015-08-01,34537.1042,33889.707,647.3972,1.9103
original,sazonal_ingenuo,2014-11-01,10,2015-09-01,36110.8825,35495.7658,615.1167,1.7329
original,sazonal_ingenuo,2014-11-01,11,2015-10-01,37058.0356,36637.6374,420.3982,1.1474
original,sazonal_ingenuo,2014-11-01,12,2015-11-01,36280.763,36322.0451,-41.2821,-0.1137
original,sazonal_ingenuo,2014-12-01,1,2015-01-01,38704.8608,40467.7143,-1762.8536,-4.3562
original,sazonal_ingenuo,2014-12-01,2,2015-02-01,39855.2823,39133.7826,721.4997,1.8437
original,sazonal_ingenuo,2014-12-01,3,2015-03-01,37542.7446,38210.4323,-667.6877,-1.7474
original,sazonal_ingenuo,2014-12-01,4,2015-04-01,35486.9658,35760.8064,-273.8406,-0.7658
original,sazonal_ingenuo,2014-12-01,5,2015-05-01,35309.2711,33218.0308,2091.2402,6.2955
original,sazonal_ingenuo,2014-12-01,6,2015-06-01,34120.949,32475.565,1645.384,5.0665
original,sazonal_ingenuo,2014-12-01,7,2015-07-01,34146.1814,33015.5469,1130.6345,3.4246
original,sazonal_ingenuo,2014-12-01,8,2015-08-01,34537.1042,33889.707,647.3972,1.9103
original,sazonal_ingenuo,2014-12-01,9,2015-09-01,36110.8825,35495.7658,615.1167,1.7329
original,sazonal_ingenuo,2014-12-01,10,2015-10-01,37058.0356,36637.6374,420.3982,1.1474
original,sazonal_ingenuo,2014-12-01,11,2015-11-01,36280.763,36322.0451,-41.2821,-0.1137
original,sazonal_ingenuo,2014-12-01,12,2015-12-01,36171.1909,36608.2814,-437.0905,-1.194
original,sazonal_ingenuo,2015-01-01,1,2015-02-01,39855.2823,39133.7826,721.4997,1.8437
original,sazonal_ingenuo,2015-01-01,2,2015-03-01,37542.7446,38210.4323,-667.6877,-1.7474
original,sazonal_ingenuo,2015-01-01,3,2015-04-01,35486.9658,35760.8064,-273.8406,-0.7658
original,sazonal_ingenuo,2015-01-01,4,2015-05-01,35309.2711,33218.0308,2091.2402,6.2955
original,sazonal_ingenuo,2015-01-01,5,2015-06-01,34120.949,32475.565,1645.384,5.0665
original,sazonal_ingenuo,2015-01-01,6,2015-07-01,34146.1814,33015.5469,1130.6345,3.4246
original,sazonal_ingenuo,2015-01-01,7,2015-08-01,34537.1042,33889.707,647.3972,1.9103
original,sazonal_ingenuo,2015-01-01,8,2015-09-01,36110.8825,35495.7658,615.1167,1.7329
original,sazonal_ingenuo,2015-01-01,9,2015-10-01,37058.0356,36637.6374,420.3982,1.1474
original,sazonal_ingenuo,2015-01-01,10,2015-11-01,36280.763,36322.0451,-41.2821,-0.1137
original,sazonal_ingenuo,2015-01-01,11,2015-12-01,36171.1909,36608.2814,-437.0905,-1.194
original,sazonal_ingenuo,2015-01-01,12,2016-01-01,40467.7143,36556.0508,3911.6635,10.7005
original,sazonal_ingenuo,2015-02-01,1,2015-03-01,37542.7446,38210.4323,-667.6877,-1.7474
original,sazonal_ingenuo,2015-02-01,2,2015-04-01,35486.9658,35760.8064,-273.8406,-0.7658
original,sazonal_ingenuo,2015-02-01,3,2015-05-01,35309.2711,33218.0308,2091.2402,6.2955
original,sazonal_ingenuo,2015-02-01,4,2015-06-01,34120.949,32475.565,1645.384,5.0665
original,sazonal_ingenuo,2015-02-01,5,2015-07-01,34146.1814,33015.5469,1130.6345,3.4246
original,sazonal_ingenuo,2015-02-01,6,2015-08-01,34537.1042,33889.707,647.3972,1.9103
original,sazonal_ingenuo,2015-02-01,7,2015-09-01,36110.8825,35495.7658,615.1167,1.7329
original,sazonal_ingenuo,2015-02-01,8,2015-10-01,37058.0356,36637.6374,420.3982,1.1474
original,sazonal_ingenuo,2015-02-01,9,2015-11-01,36280.763,36322.0451,-41.2821,-0.1137
original,sazonal_ingenuo,2015-02-01,10,2015-12-01,36171.1909,36608.2814,-437.0905,-1.194
original,sazonal_ingenuo,2015-02-01,11,2016-01-01,40467.7143,36556.0508,3911.6635,10.7005
original,sazonal_ingenuo,2015-02-01,12,2016-02-01,39133.7826,39524.4383,-390.6557,-0.9884
original,sazonal_ingenuo,2015-03-01,1,2015-04-01,35486.9658,35760.8064,-273.8406,-0.7658
original,sazonal_ingenuo,2015-03-01,2,2015-05-01,35309.2711,33218.0308,2091.2402,6.2955
original,sazonal_ingenuo,2015-03-01,3,2015-06-01,34120.949,32475.565,1645.384,5.0665
original,sazonal_ingenuo,2015-03-01,4,2015-07-01,34146.1814,33015.5469,1130.6345,3.4246
original,sazonal_ingenuo,2015-03-01,5,2015-08-01,34537.1042,33889.707,647.3972,1.9103
original,sazonal_ingenuo,2015-03-01,6,2015-09-01,36110.8825,35495.7658,615.1167,1.7329
original,sazonal_ingenuo,2015-03-01,7,2015-10-01,37058.0356,36637.6374,420.3982,1.1474
original,sazonal_ingenuo,2015-03-01,8,2015-11-01,36280.763,36322.0451,-41.2821,-0.1137
original,sazonal_ingenuo,2015-03-01,9,2015-12-01,36171.1909,36608.2814,-437.0905,-1.194
original,sazonal_ingenuo,2015-03-01,10,2016-01-01,40467.7143,36556.0508,3911.6635,10.7005
original,sazonal_ingenuo,2015-03-01,11,2016-02-01,39133.7826,39524.4383,-390.6557,-0.9884
original,sazonal_ingenuo,2015-03-01,12,2016-03-01,38210.4323,38455.003,-244.5707,-0.636
original,sazonal_ingenuo,2015-04-01,1,2015-05-01,35309.2711,33218.0308,2091.2402,6.2955
original,sazonal_ingenuo,2015-04-01,2,2015-06-01,34120.949,32475.565,1645.384,5.0665
original,sazonal_ingenuo,2015-04-01,3,2015-07-01,34146.1814,33015.5469,1130.6345,3.4246
original,sazonal_ingenuo,2015-04-01,4,2015-08-01,34537.1042,33889.707,647.3972,1.9103
original,sazonal_ingenuo,2015-04-01,5,2015-09-01,36110.8825,35495.7658,615.1167,1.7329
original,sazonal_ingenuo,2015-04-01,6,2015-10-01,37058.0356,36637.6374,420.3982,1.1474
original,sazonal_ingenuo,2015-04-01,7,2015-11-01,36280.763,36322.0451,-41.2821,-0.1137
original,sazonal_ingenuo,2015-04-01,8,2015-12-01,36171.1909,36608.2814,-437.0905,-1.194
original,sazonal_ingenuo,2015-04-01,9,2016-01-01,40467.7143,36556.0508,3911.6635,10.7005
original,sazonal_ingenuo,2015-04-01,10,2016-02-01,39133.7826,39524.4383,-390.6557,-0.9884
original,sazonal_ingenuo,2015-04-01,11,2016-03-01,38210.4323,38455.003,-244.5707,-0.636
original,sazonal_ingenuo,2015-04-01,12,2016-04-01,35760.8064,37695.7025,-1934.8962,-5.1329
original,sazonal_ingenuo,2015-05-01,1,2015-06-01,34120.949,32475.565,1645.384,5.0665
original,sazonal_ingenuo,2015-05-01,2,2015-07-01,34146.1814,33015.5469,1130.6345,3.4246
original,sazonal_ingenuo,2015-05-01,3,2015-08-01,34537.1042,33889.707,647.3972,1.9103
original,sazonal_ingenuo,2015-05-01,4,2015-09-01,36110.8825,35495.7658,615.1167,1.7329
original,sazonal_ingenuo,2015-05-01,5,2015-10-01,37058.0356,36637.6374,420.3982,1.1474
original,sazonal_ingenuo,2015-05-01,6,2015-11-01,36280.763,36322.0451,-41.2821,-0.1137
original,sazonal_ingenuo,2015-05-01,7,2015-12-01,36171.1909,36608.2814,-437.0905,-1.194
original,sazonal_ingenuo,2015-05-01,8,2016-01-01,40467.7143,36556.0508,3911.6635,10.7005
original,sazonal_ingenuo,2015-05-01,9,2016-02-01,39133.7826,39524.4383,-390.6557,-0.9884
original,sazonal_ingenuo,2015-05-01,10,2016-03-01,38210.4323,38455.003,-244.5707,-0.636
original,sazonal_ingenuo,2015-05-01,11,2016-04-01,35760.8064,37695.7025,-1934.8962,-5.1329
original,sazonal_ingenuo,2015-05-01,12,2016-05-01,33218.0308,33979.3809,-761.35,-2.2406
original,sazonal_ingenuo,2015-06-01,1,2015-07-01,34146.1814,33015.5469,1130.6345,3.4246
original,sazonal_ingenuo,2015-06-01,2,2015-08-01,34537.1042,33889.707,647.3972,1.9103
original,sazonal_ingenuo,2015-06-01,3,2015-09-01,36110.8825,35495.7658,615.1167,1.7329
original,sazonal_ingenuo,2015-06-01,4,2015-10-01,37058.0356,36637.6374,420.3982,1.1474
original,sazonal_ingenuo,2015-06-01,5,2015-11-01,36280.763,36322.0451,-41.2821,-0.1137
original,sazonal_ingenuo,2015-06-01,6,2015-12-01,36171.1909,36608.2814,-437.0905,-1.194
original,sazonal_ingenuo,2015-06-01,7,2016-01-01,40467.7143,36556.0508,3911.6635,10.7005
original,sazonal_ingenuo,2015-06-01,8,2016-02-01,39133.7826,39524.4383,-390.6557,-0.9884
original,sazonal_ingenuo,2015-06-01,9,2016-03-01,38210.4323,38455.003,-244.5707,-0.636
original,sazonal_ingenuo,2015-06-01,10,2016-04-01,35760.8064,37695.7025,-1934.8962,-5.1329
original,sazonal_ingenuo,2015-06-01,11,2016-05-01,33218.0308,33979.3809,-761.35,-2.2406
original,sazonal_ingenuo,2015-06-01,12,2016-06-01,32475.565,33271.7115,-796.1465,-2.3929
original,sazonal_ingenuo,2015-07-01,1,2015-08-01,34537.1042,33889.707,647.3972,1.9103
original,sazonal_ingenuo,2015-07-01,2,2015-09-01,36110.8825,35495.7658,615.1167,1.7329
original,sazonal_ingenuo,2015-07-01,3,2015-10-01,37058.0356,36637.6374,420.3982,1.1474
original,sazonal_ingenuo,2015-07-01,4,2015-11-01,36280.763,36322.0451,-41.2821,-0.1137
original,sazonal_ingenuo,2015-07-01,5,2015-12-01,36171.1909,36608.2814,-437.0905,-1.194
original,sazonal_ingenuo,2015-07-01,6,2016-01-01,40467.7143,36556.0508,3911.6635,10.7005
original,sazonal_ingenuo,2015-07-01,7,2016-02-01,39133.7826,39524.4383,-390.6557,-0.9884
original,sazonal_ingenuo,2015-07-01,8,2016-03-01,38210.4323,38455.003,-244.5707,-0.636
original,sazonal_ingenuo,2015-07-01,9,2016-04-01,35760.8064,37695.7025,-1934.8962,-5.1329
original,sazonal_ingenuo,2015-07-01,10,2016-05-01,33218.0308,33979.3809,-761.35,-2.2406
original,sazonal_ingenuo,2015-07-01,11,2016-06-01,32475.565,33271.7115,-796.1465,-2.3929
original,sazonal_ingenuo,2015-07-01,12,2016-07-01,33015.5469,33182.5985,-167.0515,-0.5034
original,sazonal_ingenuo,2015-08-01,1,2015-09-01,36110.8825,35495.7658,615.1167,1.7329
original,sazonal_ingenuo,2015-08-01,2,2015-10-01,37058.0356,36637.6374,420.3982,1.1474
original,sazonal_ingenuo,2015-08-01,3,2015-11-01,36280.763,36322.0451,-41.2821,-0.1137
original,sazonal_ingenuo,2015-08-01,4,2015-12-01,36171.1909,36608.2814,-437.0905,-1.194
original,sazonal_ingenuo,2015-08-01,5,2016-01-01,40467.7143,36556.0508,3911.6635,10.7005
original,sazonal_ingenuo,2015-08-01,6,2016-02-01,39133.7826,39524.4383,-390.6557,-0.9884
original,sazonal_ingenuo,2015-08-01,7,2016-03-01,38210.4323,38455.003,-244.5707,-0.636
original,sazonal_ingenuo,2015-08-01,8,2016-04-01,35760.8064,37695.7025,-1934.8962,-5.1329
original,sazonal_ingenuo,2015-08-01,9,2016-05-01,33218.0308,33979.3809,-761.35,-2.2406
original,sazonal_ingenuo,2015-08-01,10,2016-06-01,32475.565,33271.7115,-796.1465,-2.3929
original,sazonal_ingenuo,2015-08-01,11,2016-07-01,33015.5469,33182.5985,-167.0515,-0.5034
original,sazonal_ingenuo,2015-08-01,12,2016-08-01,33889.707,34310.1087,-420.4017,-1.2253
original,sazonal_ingenuo,2015-09-01,1,2015-10-01,37058.0356,36637.6374,420.3982,1.1474
original,sazonal_ingenuo,2015-09-01,2,2015-11-01,36280.763,36322.0451,-41.2821,-0.1137
original,sazonal_ingenuo,2015-09-01,3,2015-12-01,36171.1909,36608.2814,-437.0905,-1.194
original,sazonal_ingenuo,2015-09-01,4,2016-01-01,40467.7143,36556.0508,3911.6635,10.7005
original,sazonal_ingenuo,2015-09-01,5,2016-02-01,39133.7826,39524.4383,-390.6557,-0.9884
original,sazonal_ingenuo,2015-09-01,6,2016-03-01,38210.4323,38455.003,-244.5707,-0.636
original,sazonal_ingenuo,2015-09-01,7,2016-04-01,35760.8064,37695.7025,-1934.8962,-5.1329
original,sazonal_ingenuo,2015-09-01,8,2016-05-01,33218.0308,33979.3809,-761.35,-2.2406
original,sazonal_ingenuo,2015-09-01,9,2016-06-01,32475.565,33271.7115,-796.1465,-2.3929
original,sazonal_ingenuo,2015-09-01,10,2016-07-01,33015.5469,33182.5985,-167.0515,-0.5034
original,sazonal_ingenuo,2015-09-01,11,2016-08-01,33889.707,34310.1087,-420.4017,-1.2253
original,sazonal_ingenuo,2015-09-01,12,2016-09-01,35495.7658,34770.657,725.1087,2.0854
original,sazonal_ingenuo,2015-10-01,1,2015-11-01,36280.763,36322.0451,-41.2821,-0.1137
original,sazonal_ingenuo,2015-10-01,2,2015-12-01,36171.1909,36608.2814,-437.0905,-1.194
original,sazonal_ingenuo,2015-10-01,3,2016-01-01,40467.7143,36556.0508,3911.6635,10.7005
original,sazonal_ingenuo,2015-10-01,4,2016-02-01,39133.7826,39524.4383,-390.6557,-0.9884
original,sazonal_ingenuo,2015-10-01,5,2016-03-01,38210.4323,38455.003,-244.5707,-0.636
original,sazonal_ingenuo,2015-10-01,6,2016-04-01,35760.8064,37695.7025,-1934.8962,-5.1329
original,sazonal_ingenuo,2015-10-01,7,2016-05-01,33218.0308,33979.3809,-761.35,-2.2406
original,sazonal_ingenuo,2015-10-01,8,2016-06-01,32475.565,33271.7115,-796.1465,-2.3929
original,sazonal_ingenuo,2015-10-01,9,2016-07-01,33015.5469,33182.5985,-167.0515,-0.5034
original,sazonal_ingenuo,2015-10-01,10,2016-08-01,33889.707,34310.1087,-420.4017,-1.2253
original,sazonal_ingenuo,2015-10-01,11,2016-09-01,35495.7658,34770.657,725.1087,2.0854
original,sazonal_ingenuo,2015-10-01,12,2016-10-01,36637.6374,35154.594,1483.0434,4.2186
original,sazonal_ingenuo,2015-11-01,1,2015-12-01,36171.1909,36608.2814,-437.0905,-1.194
original,sazonal_ingenuo,2015-11-01,2,2016-01-01,40467.7143,36556.0508,3911.6635,10.7005
original,sazonal_ingenuo,2015-11-01,3,2016-02-01,39133.7826,39524.4383,-390.6557,-0.9884
original,sazonal_ingenuo,2015-11-01,4,2016-03-01,38210.4323,38455.003,-244.5707,-0.636
original,sazonal_ingenuo,2015-11-01,5,2016-04-01,35760.8064,37695.7025,-1934.8962,-5.1329
original,sazonal_ingenuo,2015-11-01,6,2016-05-01,33218.0308,33979.3809,-761.35,-2.2406
original,sazonal_ingenuo,2015-11-01,7,2016-06-01,32475.565,33271.7115,-796.1465,-2.3929
original,sazonal_ingenuo,2015-11-01,8,2016-07-01,33015.5469,33182.5985,-167.0515,-0.5034
original,sazonal_ingenuo,2015-11-01,9,2016-08-01,33889.707,34310.1087,-420.4017,-1.2253
original,sazonal_ingenuo,2015-11-01,10,2016-09-01,35495.7658,34770.657,725.1087,2.0854
original,sazonal_ingenuo,2015-11-01,11,2016-10-01,36637.6374,35154.594,1483.0434,4.2186
original,sazonal_ingenuo,2015-11-01,12,2016-11-01,36322.0451,34743.5067,1578.5385,4.5434
original,sazonal_ingenuo,2015-12-01,1,2016-01-01,40467.7143,36556.0508,3911.6635,10.7005
original,sazonal_ingenuo,2015-12-01,2,2016-02-01,39133.7826,39524.4383,-390.6557,-0.9884
original,sazonal_ingenuo,2015-12-01,3,2016-03-01,38210.4323,38455.003,-244.5707,-0.636
original,sazonal_ingenuo,2015-12-01,4,2016-04-01,35760.8064,37695.7025,-1934.8962,-5.1329
original,sazonal_ingenuo,2015-12-01,5,2016-05-01,33218.0308,33979.3809,-761.35,-2.2406
original,sazonal_ingenuo,2015-12-01,6,2016-06-01,32475.565,33271.7115,-796.1465,-2.3929
original,sazonal_ingenuo,2015-12-01,7,2016-07-01,33015.5469,33182.5985,-167.0515,-0.5034
original,sazonal_ingenuo,2015-12-01,8,2016-08-01,33889.707,34310.1087,-420.4017,-1.2253
original,sazonal_ingenuo,2015-12-01,9,2016-09-01,35495.7658,34770.657,725.1087,2.0854
original,sazonal_ingenuo,2015-12-01,10,2016-10-01,36637.6374,35154.594,1483.0434,4.2186
original,sazonal_ingenuo,2015-12-01,11,2016-11-01,36322.0451,34743.5067,1578.5385,4.5434
original,sazonal_ingenuo,2015-12-01,12,2016-12-01,36608.2814,35760.8785,847.4029,2.3696
original,sazonal_ingenuo,2016-01-01,1,2016-02-01,39133.7826,39524.4383,-390.6557,-0.9884
original,sazonal_ingenuo,2016-01-01,2,2016-03-01,38210.4323,38455.003,-244.5707,-0.636
original,sazonal_ingenuo,2016-01-01,3,2016-04-01,35760.8064,37695.7025,-1934.8962,-5.1329
original,sazonal_ingenuo,2016-01-01,4,2016-05-01,33218.0308,33979.3809,-761.35,-2.2406
original,sazonal_ingenuo,2016-01-01,5,2016-06-01,32475.565,33271.7115,-796.1465,-2.3929
original,sazonal_ingenuo,2016-01-01,6,2016-07-01,33015.5469,33182.5985,-167.0515,-0.5034
original,sazonal_ingenuo,2016-01-01,7,2016-08-01,33889.707,34310.1087,-420.4017,-1.2253
original,sazonal_ingenuo,2016-01-01,8,2016-09-01,35495.7658,34770.657,725.1087,2.0854
original,sazonal_ingenuo,2016-01-01,9,2016-10-01,36637.6374,35154.594,1483.0434,4.2186
original,sazonal_ingenuo,2016-01-01,10,2016-11-01,36322.0451,34743.5067,1578.5385,4.5434
original,sazonal_ingenuo,2016-01-01,11,2016-12-01,36608.2814,35760.8785,847.4029,2.3696
original,sazonal_ingenuo,2016-01-01,12,2017-01-01,36556.0508,38977.4158,-2421.365,-6.2122
original,sazonal_ingenuo,2016-02-01,1,2016-03-01,38210.4323,38455.003,-244.5707,-0.636
original,sazonal_ingenuo,2016-02-01,2,2016-04-01,35760.8064,37695.7025,-1934.8962,-5.1329
original,sazonal_ingenuo,2016-02-01,3,2016-05-01,33218.0308,33979.3809,-761.35,-2.2406
original,sazonal_ingenuo,2016-02-01,4,2016-06-01,32475.565,33271.7115,-796.1465,-2.3929
original,sazonal_ingenuo,2016-02-01,5,2016-07-01,33015.5469,33182.5985,-167.0515,-0.5034
original,sazonal_ingenuo,2016-02-01,6,2016-08-01,33889.707,34310.1087,-420.4017,-1.2253
original,sazonal_ingenuo,2016-02-01,7,2016-09-01,35495.7658,34770.657,725.1087,2.0854
original,sazonal_ingenuo,2016-02-01,8,2016-10-01,36637.6374,35154.594,1483.0434,4.2186
original,sazonal_ingenuo,2016-02-01,9,2016-11-01,36322.0451,34743.5067,1578.5385,4.5434
original,sazonal_ingenuo,2016-02-01,10,2016-12-01,36608.2814,35760.8785,847.4029,2.3696
original,sazonal_ingenuo,2016-02-01,11,2017-01-01,36556.0508,38977.4158,-2421.365,-6.2122
original,sazonal_ingenuo,2016-02-01,12,2017-02-01,39524.4383,40063.0993,-538.6609,-1.3445
original,sazonal_ingenuo,2016-03-01,1,2016-04-01,35760.8064,37695.7025,-1934.8962,-5.1329
original,sazonal_ingenuo,2016-03-01,2,2016-05-01,33218.0308,33979.3809,-761.35,-2.2406
original,sazonal_ingenuo,2016-03-01,3,2016-06-01,32475.565,33271.7115,-796.1465,-2.3929
original,sazonal_ingenuo,2016-03-01,4,2016-07-01,33015.5469,33182.5985,-167.0515,-0.5034
original,sazonal_ingenuo,2016-03-01,5,2016-08-01,33889.707,34310.1087,-420.4017,-1.2253
original,sazonal_ingenuo,2016-03-01,6,2016-09-01,35495.7658,34770.657,725.1087,2.0854
original,sazonal_ingenuo,2016-03-01,7,2016-10-01,36637.6374,35154.594,1483.0434,4.2186
original,sazonal_ingenuo,2016-03-01,8,2016-11-01,36322.0451,34743.5067,1578.5385,4.5434
original,sazonal_ingenuo,2016-03-01,9,2016-12-01,36608.2814,35760.8785,847.4029,2.3696
original,sazonal_ingenuo,2016-03-01,10,2017-01-01,36556.0508,38977.4158,-2421.365,-6.2122
original,sazonal_ingenuo,2016-03-01,11,2017-02-01,39524.4383,40063.0993,-538.6609,-1.3445
original,sazonal_ingenuo,2016-03-01,12,2017-03-01,38455.003,39435.9515,-980.9485,-2.4874
original,sazonal_ingenuo,2016-04-01,1,2016-05-01,33218.0308,33979.3809,-761.35,-2.2406
original,sazonal_ingenuo,2016-04-01,2,2016-06-01,32475.565,33271.7115,-796.1465,-2.3929
original,sazonal_ingenuo,2016-04-01,3,2016-07-01,33015.5469,33182.5985,-167.0515,-0.5034
original,sazonal_ingenuo,2016-04-01,4,2016-08-01,33889.707,34310.1087,-420.4017,-1.2253
original,sazonal_ingenuo,2016-04-01,5,2016-09-01,35495.7658,34770.657,725.1087,2.0854
original,sazonal_ingenuo,2016-04-01,6,2016-10-01,36637.6374,35154.594,1483.0434,4.2186
original,sazonal_ingenuo,2016-04-01,7,2016-11-01,36322.0451,34743.5067,1578.5385,4.5434
original,sazonal_ingenuo,2016-04-01,8,2016-12-01,36608.2814,35760.8785,847.4029,2.3696
original,sazonal_ingenuo,2016-04-01,9,2017-01-01,36556.0508,38977.4158,-2421.365,-6.2122
original,sazonal_ingenuo,2016-04-01,10,2017-02-01,39524.4383,40063.0993,-538.6609,-1.3445
original,sazonal_ingenuo,2016-04-01,11,2017-03-01,38455.003,39435.9515,-980.9485,-2.4874
original,sazonal_ingenuo,2016-04-01,12,2017-04-01,37695.7025,35806.0063,1889.6962,5.2776
original,sazonal_ingenuo,2016-05-01,1,2016-06-01,32475.565,33271.7115,-796.1465,-2.3929
original,sazonal_ingenuo,2016-05-01,2,2016-07-01,33015.5469,33182.5985,-167.0515,-0.5034
original,sazonal_ingenuo,2016-05-01,3,2016-08-01,33889.707,34310.1087,-420.4017,-1.2253
original,sazonal_ingenuo,2016-05-01,4,2016-09-01,35495.7658,34770.657,725.1087,2.0854
original,sazonal_ingenuo,2016-05-01,5,2016-10-01,36637.6374,35154.594,1483.0434,4.2186
original,sazonal_ingenuo,2016-05-01,6,2016-11-01,36322.0451,34743.5067,1578.5385,4.5434
original,sazonal_ingenuo,2016-05-01,7,2016-12-01,36608.2814,35760.8785,847.4029,2.3696
original,sazonal_ingenuo,2016-05-01,8,2017-01-01,36556.0508,38977.4158,-2421.365,-6.2122
original,sazonal_ingenuo,2016-05-01,9,2017-02-01,39524.4383,40063.0993,-538.6609,-1.3445
original,sazonal_ingenuo,2016-05-01,10,2017-03-01,38455.003,39435.9515,-980.9485,-2.4874
original,sazonal_ingenuo,2016-05-01,11,2017-04-01,37695.7025,35806.0063,1889.6962,5.2776
original,sazonal_ingenuo,2016-05-01,12,2017-05-01,33979.3809,34414.136,-434.7551,-1.2633
original,sazonal_ingenuo,2016-06-01,1,2016-07-01,33015.5469,33182.5985,-167.0515,-0.5034
original,sazonal_ingenuo,2016-06-01,2,2016-08-01,33889.707,34310.1087,-420.4017,-1.2253
original,sazonal_ingenuo,2016-06-01,3,2016-09-01,35495.7658,34770.657,725.1087,2.0854
original,sazonal_ingenuo,2016-06-01,4,2016-10-01,36637.6374,35154.594,1483.0434,4.2186
original,sazonal_ingenuo,2016-06-01,5,2016-11-01,36322.0451,34743.5067,1578.5385,4.5434
original,sazonal_ingenuo,2016-06-01,6,2016-12-01,36608.2814,35760.8785,847.4029,2.3696
original,sazonal_ingenuo,2016-06-01,7,2017-01-01,36556.0508,38977.4158,-2421.365,-6.2122
original,sazonal_ingenuo,2016-06-01,8,2017-02-01,39524.4383,40063.0993,-538.6609,-1.3445
original,sazonal_ingenuo,2016-06-01,9,2017-03-01,38455.003,39435.9515,-980.9485,-2.4874
original,sazonal_ingenuo,2016-06-01,10,2017-04-01,37695.7025,35806.0063,1889.6962,5.2776
original,sazonal_ingenuo,2016-06-01,11,2017-05-01,33979.3809,34414.136,-434.7551,-1.2633
original,sazonal_ingenuo,2016-06-01,12,2017-06-01,33271.7115,33858.7829,-587.0714,-1.7339
original,sazonal_ingenuo,2016-07-01,1,2016-08-01,33889.707,34310.1087,-420.4017,-1.2253
original,sazonal_ingenuo,2016-07-01,2,2016-09-01,35495.7658,34770.657,725.1087,2.0854
original,sazonal_ingenuo,2016-07-01,3,2016-10-01,36637.6374,35154.594,1483.0434,4.2186
original,sazonal_ingenuo,2016-07-01,4,2016-11-01,36322.0451,34743.5067,1578.5385,4.5434
original,sazonal_ingenuo,2016-07-01,5,2016-12-01,36608.2814,35760.8785,847.4029,2.3696
original,sazonal_ingenuo,2016-07-01,6,2017-01-01,36556.0508,38977.4158,-2421.365,-6.2122
original,sazonal_ingenuo,2016-07-01,7,2017-02-01,39524.4383,40063.0993,-538.6609,-1.3445
original,sazonal_ingenuo,2016-07-01,8,2017-03-01,38455.003,39435.9515,-980.9485,-2.4874
original,sazonal_ingenuo,2016-07-01,9,2017-04-01,37695.7025,35806.0063,1889.6962,5.2776
original,sazonal_ingenuo,2016-07-01,10,2017-05-01,33979.3809,34414.136,-434.7551,-1.2633
original,sazonal_ingenuo,2016-07-01,11,2017-06-01,33271.7115,33858.7829,-587.0714,-1.7339
original,sazonal_ingenuo,2016-07-01,12,2017-07-01,33182.5985,32552.0376,630.5609,1.9371
original,sazonal_ingenuo,2016-08-01,1,2016-09-01,35495.7658,34770.657,725.1087,2.0854
original,sazonal_ingenuo,2016-08-01,2,2016-10-01,36637.6374,35154.594,1483.0434,4.2186
original,sazonal_ingenuo,2016-08-01,3,2016-11-01,36322.0451,34743.5067,1578.5385,4.5434
original,sazonal_ingenuo,2016-08-01,4,2016-12-01,36608.2814,35760.8785,847.4029,2.3696
original,sazonal_ingenuo,2016-08-01,5,2017-01-01,36556.0508,38977.4158,-2421.365,-6.2122
original,sazonal_ingenuo,2016-08-01,6,2017-02-01,39524.4383,40063.0993,-538.6609,-1.3445
original,sazonal_ingenuo,2016-08-01,7,2017-03-01,38455.003,39435.9515,-980.9485,-2.4874
original,sazonal_ingenuo,2016-08-01,8,2017-04-01,37695.7025,35806.0063,1889.6962,5.2776
original,sazonal_ingenuo,2016-08-01,9,2017-05-01,33979.3809,34414.136,-434.7551,-1.2633
original,sazonal_ingenuo,2016-08-01,10,2017-06-01,33271.7115,33858.7829,-587.0714,-1.7339
original,sazonal_ingenuo,2016-08-01,11,2017-07-01,33182.5985,32552.0376,630.5609,1.9371
original,sazonal_ingenuo,2016-08-01,12,2017-08-01,34310.1087,33822.7218,487.3869,1.441
original,sazonal_ingenuo,2016-09-01,1,2016-10-01,36637.6374,35154.594,1483.0434,4.2186
original,sazonal_ingenuo,2016-09-01,2,2016-11-01,36322.0451,34743.5067,1578.5385,4.5434
original,sazonal_ingenuo,2016-09-01,3,2016-12-01,36608.2814,35760.8785,847.4029,2.3696
original,sazonal_ingenuo,2016-09-01,4,2017-01-01,36556.0508,38977.4158,-2421.365,-6.2122
original,sazonal_ingenuo,2016-09-01,5,2017-02-01,39524.4383,40063.0993,-538.6609,-1.3445
original,sazonal_ingenuo,2016-09-01,6,2017-03-01,38455.003,39435.9515,-980.9485,-2.4874
original,sazonal_ingenuo,2016-09-01,7,2017-04-01,37695.7025,35806.0063,1889.6962,5.2776
original,sazonal_ingenuo,2016-09-01,8,2017-05-01,33979.3809,34414.136,-434.7551,-1.2633
original,sazonal_ingenuo,2016-09-01,9,2017-06-01,33271.7115,33858.7829,-587.0714,-1.7339
original,sazonal_ingenuo,2016-09-01,10,2017-07-01,33182.5985,32552.0376,630.5609,1.9371
original,sazonal_ingenuo,2016-09-01,11,2017-08-01,34310.1087,33822.7218,487.3869,1.441
original,sazonal_ingenuo,2016-09-01,12,2017-09-01,34770.657,35533.9745,-763.3175,-2.1481
original,sazonal_ingenuo,2016-10-01,1,2016-11-01,36322.0451,34743.5067,1578.5385,4.5434
original,sazonal_ingenuo,2016-10-01,2,2016-12-01,36608.2814,35760.8785,847.4029,2.3696
original,sazonal_ingenuo,2016-10-01,3,2017-01-01,36556.0508,38977.4158,-2421.365,-6.2122
original,sazonal_ingenuo,2016-10-01,4,2017-02-01,39524.4383,40063.0993,-538.6609,-1.3445
original,sazonal_ingenuo,2016-10-01,5,2017-03-01,38455.003,39435.9515,-980.9485,-2.4874
original,sazonal_ingenuo,2016-10-01,6,2017-04-01,37695.7025,35806.0063,1889.6962,5.2776
original,sazonal_ingenuo,2016-10-01,7,2017-05-01,33979.3809,34414.136,-434.7551,-1.2633
original,sazonal_ingenuo,2016-10-01,8,2017-06-01,33271.7115,33858.7829,-587.0714,-1.7339
original,sazonal_ingenuo,2016-10-01,9,2017-07-01,33182.5985,32552.0376,630.5609,1.9371
original,sazonal_ingenuo,2016-10-01,10,2017-08-01,34310.1087,33822.7218,487.3869,1.441
original,sazonal_ingenuo,2016-10-01,11,2017-09-01,34770.657,35533.9745,-763.3175,-2.1481
original,sazonal_ingenuo,2016-10-01,12,2017-10-01,35154.594,36565.8335,-1411.2395,-3.8594
original,sazonal_ingenuo,2016-11-01,1,2016-12-01,36608.2814,35760.8785,847.4029,2.3696
original,sazonal_ingenuo,2016-11-01,2,2017-01-01,36556.0508,38977.4158,-2421.365,-6.2122
original,sazonal_ingenuo,2016-11-01,3,2017-02-01,39524.4383,40063.0993,-538.6609,-1.3445
original,sazonal_ingenuo,2016-11-01,4,2017-03-01,38455.003,39435.9515,-980.9485,-2.4874
original,sazonal_ingenuo,2016-11-01,5,2017-04-01,37695.7025,35806.0063,1889.6962,5.2776
original,sazonal_ingenuo,2016-11-01,6,2017-05-01,33979.3809,34414.136,-434.7551,-1.2633
original,sazonal_ingenuo,2016-11-01,7,2017-06-01,33271.7115,33858.7829,-587.0714,-1.7339
original,sazonal_ingenuo,2016-11-01,8,2017-07-01,33182.5985,32552.0376,630.5609,1.9371
original,sazonal_ingenuo,2016-11-01,9,2017-08-01,34310.1087,33822.7218,487.3869,1.441
original,sazonal_ingenuo,2016-11-01,10,2017-09-01,34770.657,35533.9745,-763.3175,-2.1481
original,sazonal_ingenuo,2016-11-01,11,2017-10-01,35154.594,36565.8335,-1411.2395,-3.8594
original,sazonal_ingenuo,2016-11-01,12,2017-11-01,34743.5067,35790.6351,-1047.1284,-2.9257
original,sazonal_ingenuo,2016-12-01,1,2017-01-01,36556.0508,38977.4158,-2421.365,-6.2122
original,sazonal_ingenuo,2016-12-01,2,2017-02-01,39524.4383,40063.0993,-538.6609,-1.3445
original,sazonal_ingenuo,2016-12-01,3,2017-03-01,38455.003,39435.9515,-980.9485,-2.4874
original,sazonal_ingenuo,2016-12-01,4,2017-04-01,37695.7025,35806.0063,1889.6962,5.2776
original,sazonal_ingenuo,2016-12-01,5,2017-05-01,33979.3809,34414.136,-434.7551,-1.2633
original,sazonal_ingenuo,2016-12-01,6,2017-06-01,33271.7115,33858.7829,-587.0714,-1.7339
original,sazonal_ingenuo,2016-12-01,7,2017-07-01,33182.5985,32552.0376,630.5609,1.9371
original,sazonal_ingenuo,2016-12-01,8,2017-08-01,34310.1087,33822.7218,487.3869,1.441
original,sazonal_ingenuo,2016-12-01,9,2017-09-01,34770.657,35533.9745,-763.3175,-2.1481
original,sazonal_ingenuo,2016-12-01,10,2017-10-01,35154.594,36565.8335,-1411.2395,-3.8594
original,sazonal_ingenuo,2016-12-01,11,2017-11-01,34743.5067,35790.6351,-1047.1284,-2.9257
original,sazonal_ingenuo,2016-12-01,12,2017-12-01,35760.8785,36736.4746,-975.5961,-2.6557
original,sazonal_ingenuo,2017-01-01,1,2017-02-01,39524.4383,40063.0993,-538.6609,-1.3445
original,sazonal_ingenuo,2017-01-01,2,2017-03-01,38455.003,39435.9515,-980.9485,-2.4874
original,sazonal_ingenuo,2017-01-01,3,2017-04-01,37695.7025,35806.0063,1889.6962,5.2776
original,sazonal_ingenuo,2017-01-01,4,2017-05-01,33979.3809,34414.136,-434.7551,-1.2633
original,sazonal_ingenuo,2017-01-01,5,2017-06-01,33271.7115,33858.7829,-587.0714,-1.7339
original,sazonal_ingenuo,2017-01-01,6,2017-07-01,33182.5985,32552.0376,630.5609,1.9371
original,sazonal_ingenuo,2017-01-01,7,2017-08-01,34310.1087,33822.7218,487.3869,1.441
original,sazonal_ingenuo,2017-01-01,8,2017-09-01,34770.657,35533.9745,-763.3175,-2.1481
original,sazonal_ingenuo,2017-01-01,9,2017-10-01,35154.594,36565.8335,-1411.2395,-3.8594
original,sazonal_ingenuo,2017-01-01,10,2017-11-01,34743.5067,35790.6351,-1047.1284,-2.9257
original,sazonal_ingenuo,2017-01-01,11,2017-12-01,35760.8785,36736.4746,-975.5961,-2.6557
original,sazonal_ingenuo,2017-01-01,12,2018-01-01,38977.4158,39014.7803,-37.3645,-0.0958
original,sazonal_ingenuo,2017-02-01,1,2017-03-01,38455.003,39435.9515,-980.9485,-2.4874
original,sazonal_ingenuo,2017-02-01,2,2017-04-01,37695.7025,35806.0063,1889.6962,5.2776
original,sazonal_ingenuo,2017-02-01,3,2017-05-01,33979.3809,34414.136,-434.7551,-1.2633
original,sazonal_ingenuo,2017-02-01,4,2017-06-01,33271.7115,33858.7829,-587.0714,-1.7339
original,sazonal_ingenuo,2017-02-01,5,2017-07-01,33182.5985,32552.0376,630.5609,1.9371
original,sazonal_ingenuo,2017-02-01,6,2017-08-01,34310.1087,33822.7218,487.3869,1.441
original,sazonal_ingenuo,2017-02-01,7,2017-09-01,34770.657,35533.9745,-763.3175,-2.1481
original,sazonal_ingenuo,2017-02-01,8,2017-10-01,35154.594,36565.8335,-1411.2395,-3.8594
original,sazonal_ingenuo,2017-02-01,9,2017-11-01,34743.5067,35790.6351,-1047.1284,-2.9257
original,sazonal_ingenuo,2017-02-01,10,2017-12-01,35760.8785,36736.4746,-975.5961,-2.6557
original,sazonal_ingenuo,2017-02-01,11,2018-01-01,38977.4158,39014.7803,-37.3645,-0.0958
original,sazonal_ingenuo,2017-02-01,12,2018-02-01,40063.0993,38534.2142,1528.8851,3.9676
original,sazonal_ingenuo,2017-03-01,1,2017-04-01,37695.7025,35806.0063,1889.6962,5.2776
original,sazonal_ingenuo,2017-03-01,2,2017-05-01,33979.3809,34414.136,-434.7551,-1.2633
original,sazonal_ingenuo,2017-03-01,3,2017-06-01,33271.7115,33858.7829,-587.0714,-1.7339
original,sazonal_ingenuo,2017-03-01,4,2017-07-01,33182.5985,32552.0376,630.5609,1.9371
original,sazonal_ingenuo,2017-03-01,5,2017-08-01,34310.1087,33822.7218,487.3869,1.441
original,sazonal_ingenuo,2017-03-01,6,2017-09-01,34770.657,35533.9745,-763.3175,-2.1481
original,sazonal_ingenuo,2017-03-01,7,2017-10-01,35154.594,36565.8335,-1411.2395,-3.8594
original,sazonal_ingenuo,2017-03-01,8,2017-11-01,34743.5067,35790.6351,-1047.1284,-2.9257
original,sazonal_ingenuo,2017-03-01,9,2017-12-01,35760.8785,36736.4746,-975.5961,-2.6557
original,sazonal_ingenuo,2017-03-01,10,2018-01-01,38977.4158,39014.7803,-37.3645,-0.0958
original,sazonal_ingenuo,2017-03-01,11,2018-02-01,40063.0993,38534.2142,1528.8851,3.9676
original,sazonal_ingenuo,2017-03-01,12,2018-03-01,39435.9515,40027.9812,-592.0297,-1.479
original,sazonal_ingenuo,2017-04-01,1,2017-05-01,33979.3809,34414.136,-434.7551,-1.2633
original,sazonal_ingenuo,2017-04-01,2,2017-06-01,33271.7115,33858.7829,-587.0714,-1.7339
original,sazonal_ingenuo,2017-04-01,3,2017-07-01,33182.5985,32552.0376,630.5609,1.9371
original,sazonal_ingenuo,2017-04-01,4,2017-08-01,34310.1087,33822.7218,487.3869,1.441
original,sazonal_ingenuo,2017-04-01,5,2017-09-01,34770.657,35533.9745,-763.3175,-2.1481
original,sazonal_ingenuo,2017-04-01,6,2017-10-01,35154.594,36565.8335,-1411.2395,-3.8594
original,sazonal_ingenuo,2017-04-01,7,2017-11-01,34743.5067,35790.6351,-1047.1284,-2.9257
original,sazonal_ingenuo,2017-04-01,8,2017-12-01,35760.8785,36736.4746,-975.5961,-2.6557
original,sazonal_ingenuo,2017-04-01,9,2018-01-01,38977.4158,39014.7803,-37.3645,-0.0958
original,sazonal_ingenuo,2017-04-01,10,2018-02-01,40063.0993,38534.2142,1528.8851,3.9676
original,sazonal_ingenuo,2017-04-01,11,2018-03-01,39435.9515,40027.9812,-592.0297,-1.479
original,sazonal_ingenuo,2017-04-01,12,2018-04-01,35806.0063,36668.6995,-862.6931,-2.3527
original,sazonal_ingenuo,2017-05-01,1,2017-06-01,33271.7115,33858.7829,-587.0714,-1.7339
original,sazonal_ingenuo,2017-05-01,2,2017-07-01,33182.5985,32552.0376,630.5609,1.9371
original,sazonal_ingenuo,2017-05-01,3,2017-08-01,34310.1087,33822.7218,487.3869,1.441
original,sazonal_ingenuo,2017-05-01,4,2017-09-01,34770.657,35533.9745,-763.3175,-2.1481
original,sazonal_ingenuo,2017-05-01,5,2017-10-01,35154.594,36565.8335,-1411.2395,-3.8594
original,sazonal_ingenuo,2017-05-01,6,2017-11-01,34743.5067,35790.6351,-1047.1284,-2.9257
original,sazonal_ingenuo,2017-05-01,7,2017-12-01,35760.8785,36736.4746,-975.5961,-2.6557
original,sazonal_ingenuo,2017-05-01,8,2018-01-01,38977.4158,39014.7803,-37.3645,-0.0958
original,sazonal_ingenuo,2017-05-01,9,2018-02-01,40063.0993,38534.2142,1528.8851,3.9676
original,sazonal_ingenuo,2017-05-01,10,2018-03-01,39435.9515,40027.9812,-592.0297,-1.479
original,sazonal_ingenuo,2017-05-01,11,2018-04-01,35806.0063,36668.6995,-862.6931,-2.3527
original,sazonal_ingenuo,2017-05-01,12,2018-05-01,34414.136,34197.8245,216.3115,0.6325
original,sazonal_ingenuo,2017-06-01,1,2017-07-01,33182.5985,32552.0376,630.5609,1.9371
original,sazonal_ingenuo,2017-06-01,2,2017-08-01,34310.1087,33822.7218,487.3869,1.441
original,sazonal_ingenuo,2017-06-01,3,2017-09-01,34770.657,35533.9745,-763.3175,-2.1481
original,sazonal_ingenuo,2017-06-01,4,2017-10-01,35154.594,36565.8335,-1411.2395,-3.8594
original,sazonal_ingenuo,2017-06-01,5,2017-11-01,34743.5067,35790.6351,-1047.1284,-2.9257
original,sazonal_ingenuo,2017-06-01,6,2017-12-01,35760.8785,36736.4746,-975.5961,-2.6557
original,sazonal_ingenuo,2017-06-01,7,2018-01-01,38977.4158,39014.7803,-37.3645,-0.0958
original,sazonal_ingenuo,2017-06-01,8,2018-02-01,40063.0993,38534.2142,1528.8851,3.9676
original,sazonal_ingenuo,2017-06-01,9,2018-03-01,39435.9515,40027.9812,-592.0297,-1.479
original,sazonal_ingenuo,2017-06-01,10,2018-04-01,35806.0063,36668.6995,-862.6931,-2.3527
original,sazonal_ingenuo,2017-06-01,11,2018-05-01,34414.136,34197.8245,216.3115,0.6325
original,sazonal_ingenuo,2017-06-01,12,2018-06-01,33858.7829,33858.1352,0.6476,0.0019
original,sazonal_ingenuo,2017-07-01,1,2017-08-01,34310.1087,33822.7218,487.3869,1.441
original,sazonal_ingenuo,2017-07-01,2,2017-09-01,34770.657,35533.9745,-763.3175,-2.1481
original,sazonal_ingenuo,2017-07-01,3,2017-10-01,35154.594,36565.8335,-1411.2395,-3.8594
original,sazonal_ingenuo,2017-07-01,4,2017-11-01,34743.5067,35790.6351,-1047.1284,-2.9257
original,sazonal_ingenuo,2017-07-01,5,2017-12-01,35760.8785,36736.4746,-975.5961,-2.6557
original,sazonal_ingenuo,2017-07-01,6,2018-01-01,38977.4158,39014.7803,-37.3645,-0.0958
original,sazonal_ingenuo,2017-07-01,7,2018-02-01,40063.0993,38534.2142,1528.8851,3.9676
original,sazonal_ingenuo,2017-07-01,8,2018-03-01,39435.9515,40027.9812,-592.0297,-1.479
original,sazonal_ingenuo,2017-07-01,9,2018-04-01,35806.0063,36668.6995,-862.6931,-2.3527
original,sazonal_ingenuo,2017-07-01,10,2018-05-01,34414.136,34197.8245,216.3115,0.6325
original,sazonal_ingenuo,2017-07-01,11,2018-06-01,33858.7829,33858.1352,0.6476,0.0019
original,sazonal_ingenuo,2017-07-01,12,2018-07-01,32552.0376,33919.2557,-1367.2182,-4.0308
original,sazonal_ingenuo,2017-08-01,1,2017-09-01,34770.657,35533.9745,-763.3175,-2.1481
original,sazonal_ingenuo,2017-08-01,2,2017-10-01,35154.594,36565.8335,-1411.2395,-3.8594
original,sazonal_ingenuo,2017-08-01,3,2017-11-01,34743.5067,35790.6351,-1047.1284,-2.9257
original,sazonal_ingenuo,2017-08-01,4,2017-12-01,35760.8785,36736.4746,-975.5961,-2.6557
original,sazonal_ingenuo,2017-08-01,5,2018-01-01,38977.4158,39014.7803,-37.3645,-0.0958
original,sazonal_ingenuo,2017-08-01,6,2018-02-01,40063.0993,38534.2142,1528.8851,3.9676
original,sazonal_ingenuo,2017-08-01,7,2018-03-01,39435.9515,40027.9812,-592.0297,-1.479
original,sazonal_ingenuo,2017-08-01,8,2018-04-01,35806.0063,36668.6995,-862.6931,-2.3527
original,sazonal_ingenuo,2017-08-01,9,2018-05-01,34414.136,34197.8245,216.3115,0.6325
original,sazonal_ingenuo,2017-08-01,10,2018-06-01,33858.7829,33858.1352,0.6476,0.0019
original,sazonal_ingenuo,2017-08-01,11,2018-07-01,32552.0376,33919.2557,-1367.2182,-4.0308
original,sazonal_ingenuo,2017-08-01,12,2018-08-01,33822.7218,34465.4632,-642.7415,-1.8649
original,sazonal_ingenuo,2017-09-01,1,2017-10-01,35154.594,36565.8335,-1411.2395,-3.8594
original,sazonal_ingenuo,2017-09-01,2,2017-11-01,34743.5067,35790.6351,-1047.1284,-2.9257
original,sazonal_ingenuo,2017-09-01,3,2017-12-01,35760.8785,36736.4746,-975.5961,-2.6557
original,sazonal_ingenuo,2017-09-01,4,2018-01-01,38977.4158,39014.7803,-37.3645,-0.0958
original,sazonal_ingenuo,2017-09-01,5,2018-02-01,40063.0993,38534.2142,1528.8851,3.9676
original,sazonal_ingenuo,2017-09-01,6,2018-03-01,39435.9515,40027.9812,-592.0297,-1.479
original,sazonal_ingenuo,2017-09-01,7,2018-04-01,35806.0063,36668.6995,-862.6931,-2.3527
original,sazonal_ingenuo,2017-09-01,8,2018-05-01,34414.136,34197.8245,216.3115,0.6325
original,sazonal_ingenuo,2017-09-01,9,2018-06-01,33858.7829,33858.1352,0.6476,0.0019
original,sazonal_ingenuo,2017-09-01,10,2018-07-01,32552.0376,33919.2557,-1367.2182,-4.0308
original,sazonal_ingenuo,2017-09-01,11,2018-08-01,33822.7218,34465.4632,-642.7415,-1.8649
original,sazonal_ingenuo,2017-09-01,12,2018-09-01,35533.9745,35488.2045,45.7701,0.129
original,sazonal_ingenuo,2017-10-01,1,2017-11-01,34743.5067,35790.6351,-1047.1284,-2.9257
original,sazonal_ingenuo,2017-10-01,2,2017-12-01,35760.8785,36736.4746,-975.5961,-2.6557
original,sazonal_ingenuo,2017-10-01,3,2018-01-01,38977.4158,39014.7803,-37.3645,-0.0958
original,sazonal_ingenuo,2017-10-01,4,2018-02-01,40063.0993,38534.2142,1528.8851,3.9676
original,sazonal_ingenuo,2017-10-01,5,2018-03-01,39435.9515,40027.9812,-592.0297,-1.479
original,sazonal_ingenuo,2017-10-01,6,2018-04-01,35806.0063,36668.6995,-862.6931,-2.3527
original,sazonal_ingenuo,2017-10-01,7,2018-05-01,34414.136,34197.8245,216.3115,0.6325
original,sazonal_ingenuo,2017-10-01,8,2018-06-01,33858.7829,33858.1352,0.6476,0.0019
original,sazonal_ingenuo,2017-10-01,9,2018-07-01,32552.0376,33919.2557,-1367.2182,-4.0308
original,sazonal_ingenuo,2017-10-01,10,2018-08-01,33822.7218,34465.4632,-642.7415,-1.8649
original,sazonal_ingenuo,2017-10-01,11,2018-09-01,35533.9745,35488.2045,45.7701,0.129
original,sazonal_ingenuo,2017-10-01,12,2018-10-01,36565.8335,36868.9276,-303.0941,-0.8221
original,sazonal_ingenuo,2017-11-01,1,2017-12-01,35760.8785,36736.4746,-975.5961,-2.6557
original,sazonal_ingenuo,2017-11-01,2,2018-01-01,38977.4158,39014.7803,-37.3645,-0.0958
original,sazonal_ingenuo,2017-11-01,3,2018-02-01,40063.0993,38534.2142,1528.8851,3.9676
original,sazonal_ingenuo,2017-11-01,4,2018-03-01,39435.9515,40027.9812,-592.0297,-1.479
original,sazonal_ingenuo,2017-11-01,5,2018-04-01,35806.0063,36668.6995,-862.6931,-2.3527
original,sazonal_ingenuo,2017-11-01,6,2018-05-01,34414.136,34197.8245,216.3115,0.6325
original,sazonal_ingenuo,2017-11-01,7,2018-06-01,33858.7829,33858.1352,0.6476,0.0019
original,sazonal_ingenuo,2017-11-01,8,2018-07-01,32552.0376,33919.2557,-1367.2182,-4.0308
original,sazonal_ingenuo,2017-11-01,9,2018-08-01,33822.7218,34465.4632,-642.7415,-1.8649
original,sazonal_ingenuo,2017-11-01,10,2018-09-01,35533.9745,35488.2045,45.7701,0.129
original,sazonal_ingenuo,2017-11-01,11,2018-10-01,36565.8335,36868.9276,-303.0941,-0.8221
original,sazonal_ingenuo,2017-11-01,12,2018-11-01,35790.6351,36725.6111,-934.976,-2.5458
original,sazonal_ingenuo,2017-12-01,1,2018-01-01,38977.4158,39014.7803,-37.3645,-0.0958
original,sazonal_ingenuo,2017-12-01,2,2018-02-01,40063.0993,38534.2142,1528.8851,3.9676
original,sazonal_ingenuo,2017-12-01,3,2018-03-01,39435.9515,40027.9812,-592.0297,-1.479
original,sazonal_ingenuo,2017-12-01,4,2018-04-01,35806.0063,36668.6995,-862.6931,-2.3527
original,sazonal_ingenuo,2017-12-01,5,2018-05-01,34414.136,34197.8245,216.3115,0.6325
original,sazonal_ingenuo,2017-12-01,6,2018-06-01,33858.7829,33858.1352,0.6476,0.0019
original,sazonal_ingenuo,2017-12-01,7,2018-07-01,32552.0376,33919.2557,-1367.2182,-4.0308
original,sazonal_ingenuo,2017-12-01,8,2018-08-01,33822.7218,34465.4632,-642.7415,-1.8649
original,sazonal_ingenuo,2017-12-01,9,2018-09-01,35533.9745,35488.2045,45.7701,0.129
original,sazonal_ingenuo,2017-12-01,10,2018-10-01,36565.8335,36868.9276,-303.0941,-0.8221
original,sazonal_ingenuo,2017-12-01,11,2018-11-01,35790.6351,36725.6111,-934.976,-2.5458
original,sazonal_ingenuo,2017-12-01,12,2018-12-01,36736.4746,38158.3807,-1421.9061,-3.7263
original,sazonal_ingenuo,2018-01-01,1,2018-02-01,40063.0993,38534.2142,1528.8851,3.9676
original,sazonal_ingenuo,2018-01-01,2,2018-03-01,39435.9515,40027.9812,-592.0297,-1.479
original,sazonal_ingenuo,2018-01-01,3,2018-04-01,35806.0063,36668.6995,-862.6931,-2.3527
original,sazonal_ingenuo,2018-01-01,4,2018-05-01,34414.136,34197.8245,216.3115,0.6325
original,sazonal_ingenuo,2018-01-01,5,2018-06-01,33858.7829,33858.1352,0.6476,0.0019
original,sazonal_ingenuo,2018-01-01,6,2018-07-01,32552.0376,33919.2557,-1367.2182,-4.0308
original,sazonal_ingenuo,2018-01-01,7,2018-08-01,33822.7218,34465.4632,-642.7415,-1.8649
original,sazonal_ingenuo,2018-01-01,8,2018-09-01,35533.9745,35488.2045,45.7701,0.129
original,sazonal_ingenuo,2018-01-01,9,2018-10-01,36565.8335,36868.9276,-303.0941,-0.8221
original,sazonal_ingenuo,2018-01-01,10,2018-11-01,35790.6351,36725.6111,-934.976,-2.5458
original,sazonal_ingenuo,2018-01-01,11,2018-12-01,36736.4746,38158.3807,-1421.9061,-3.7263
original,sazonal_ingenuo,2018-01-01,12,2019-01-01,39014.7803,42133.9275,-3119.1472,-7.4029
original,sazonal_ingenuo,2018-02-01,1,2018-03-01,39435.9515,40027.9812,-592.0297,-1.479
original,sazonal_ingenuo,2018-02-01,2,2018-04-01,35806.0063,36668.6995,-862.6931,-2.3527
original,sazonal_ingenuo,2018-02-01,3,2018-05-01,34414.136,34197.8245,216.3115,0.6325
original,sazonal_ingenuo,2018-02-01,4,2018-06-01,33858.7829,33858.1352,0.6476,0.0019
original,sazonal_ingenuo,2018-02-01,5,2018-07-01,32552.0376,33919.2557,-1367.2182,-4.0308
original,sazonal_ingenuo,2018-02-01,6,2018-08-01,33822.7218,34465.4632,-642.7415,-1.8649
original,sazonal_ingenuo,2018-02-01,7,2018-09-01,35533.9745,35488.2045,45.7701,0.129
original,sazonal_ingenuo,2018-02-01,8,2018-10-01,36565.8335,36868.9276,-303.0941,-0.8221
original,sazonal_ingenuo,2018-02-01,9,2018-11-01,35790.6351,36725.6111,-934.976,-2.5458
original,sazonal_ingenuo,2018-02-01,10,2018-12-01,36736.4746,38158.3807,-1421.9061,-3.7263
original,sazonal_ingenuo,2018-02-01,11,2019-01-01,39014.7803,42133.9275,-3119.1472,-7.4029
original,sazonal_ingenuo,2018-02-01,12,2019-02-01,38534.2142,40667.0042,-2132.79,-5.2445
original,sazonal_ingenuo,2018-03-01,1,2018-04-01,35806.0063,36668.6995,-862.6931,-2.3527
original,sazonal_ingenuo,2018-03-01,2,2018-05-01,34414.136,34197.8245,216.3115,0.6325
original,sazonal_ingenuo,2018-03-01,3,2018-06-01,33858.7829,33858.1352,0.6476,0.0019
original,sazonal_ingenuo,2018-03-01,4,2018-07-01,32552.0376,33919.2557,-1367.2182,-4.0308
original,sazonal_ingenuo,2018-03-01,5,2018-08-01,33822.7218,34465.4632,-642.7415,-1.8649
original,sazonal_ingenuo,2018-03-01,6,2018-09-01,35533.9745,35488.2045,45.7701,0.129
original,sazonal_ingenuo,2018-03-01,7,2018-10-01,36565.8335,36868.9276,-303.0941,-0.8221
original,sazonal_ingenuo,2018-03-01,8,2018-11-01,35790.6351,36725.6111,-934.976,-2.5458
original,sazonal_ingenuo,2018-03-01,9,2018-12-01,36736.4746,38158.3807,-1421.9061,-3.7263
original,sazonal_ingenuo,2018-03-01,10,2019-01-01,39014.7803,42133.9275,-3119.1472,-7.4029
original,sazonal_ingenuo,2018-03-01,11,2019-02-01,38534.2142,40667.0042,-2132.79,-5.2445
original,sazonal_ingenuo,2018-03-01,12,2019-03-01,40027.9812,38892.6826,1135.2986,2.9191
original,sazonal_ingenuo,2018-04-01,1,2018-05-01,34414.136,34197.8245,216.3115,0.6325
original,sazonal_ingenuo,2018-04-01,2,2018-06-01,33858.7829,33858.1352,0.6476,0.0019
original,sazonal_ingenuo,2018-04-01,3,2018-07-01,32552.0376,33919.2557,-1367.2182,-4.0308
original,sazonal_ingenuo,2018-04-01,4,2018-08-01,33822.7218,34465.4632,-642.7415,-1.8649
original,sazonal_ingenuo,2018-04-01,5,2018-09-01,35533.9745,35488.2045,45.7701,0.129
original,sazonal_ingenuo,2018-04-01,6,2018-10-01,36565.8335,36868.9276,-303.0941,-0.8221
original,sazonal_ingenuo,2018-04-01,7,2018-11-01,35790.6351,36725.6111,-934.976,-2.5458
original,sazonal_ingenuo,2018-04-01,8,2018-12-01,36736.4746,38158.3807,-1421.9061,-3.7263
original,sazonal_ingenuo,2018-04-01,9,2019-01-01,39014.7803,42133.9275,-3119.1472,-7.4029
original,sazonal_ingenuo,2018-04-01,10,2019-02-01,38534.2142,40667.0042,-2132.79,-5.2445
original,sazonal_ingenuo,2018-04-01,11,2019-03-01,40027.9812,38892.6826,1135.2986,2.9191
original,sazonal_ingenuo,2018-04-01,12,2019-04-01,36668.6995,37888.0324,-1219.3329,-3.2183
original,sazonal_ingenuo,2018-05-01,1,2018-06-01,33858.7829,33858.1352,0.6476,0.0019
original,sazonal_ingenuo,2018-05-01,2,2018-07-01,32552.0376,33919.2557,-1367.2182,-4.0308
original,sazonal_ingenuo,2018-05-01,3,2018-08-01,33822.7218,34465.4632,-642.7415,-1.8649
original,sazonal_ingenuo,2018-05-01,4,2018-09-01,35533.9745,35488.2045,45.7701,0.129
original,sazonal_ingenuo,2018-05-01,5,2018-10-01,36565.8335,36868.9276,-303.0941,-0.8221
original,sazonal_ingenuo,2018-05-01,6,2018-11-01,35790.6351,36725.6111,-934.976,-2.5458
original,sazonal_ingenuo,2018-05-01,7,2018-12-01,36736.4746,38158.3807,-1421.9061,-3.7263
original,sazonal_ingenuo,2018-05-01,8,2019-01-01,39014.7803,42133.9275,-3119.1472,-7.4029
original,sazonal_ingenuo,2018-05-01,9,2019-02-01,38534.2142,40667.0042,-2132.79,-5.2445
original,sazonal_ingenuo,2018-05-01,10,2019-03-01,40027.9812,38892.6826,1135.2986,2.9191
original,sazonal_ingenuo,2018-05-01,11,2019-04-01,36668.6995,37888.0324,-1219.3329,-3.2183
original,sazonal_ingenuo,2018-05-01,12,2019-05-01,34197.8245,35795.5702,-1597.7457,-4.4635
original,sazonal_ingenuo,2018-06-01,1,2018-07-01,32552.0376,33919.2557,-1367.2182,-4.0308
original,sazonal_ingenuo,2018-06-01,2,2018-08-01,33822.7218,34465.4632,-642.7415,-1.8649
original,sazonal_ingenuo,2018-06-01,3,2018-09-01,35533.9745,35488.2045,45.7701,0.129
original,sazonal_ingenuo,2018-06-01,4,2018-10-01,36565.8335,36868.9276,-303.0941,-0.8221
original,sazonal_ingenuo,2018-06-01,5,2018-11-01,35790.6351,36725.6111,-934.976,-2.5458
original,sazonal_ingenuo,2018-06-01,6,2018-12-01,36736.4746,38158.3807,-1421.9061,-3.7263
original,sazonal_ingenuo,2018-06-01,7,2019-01-01,39014.7803,42133.9275,-3119.1472,-7.4029
original,sazonal_ingenuo,2018-06-01,8,2019-02-01,38534.2142,40667.0042,-2132.79,-5.2445
original,sazonal_ingenuo,2018-06-01,9,2019-03-01,40027.9812,38892.6826,1135.2986,2.9191
original,sazonal_ingenuo,2018-06-01,10,2019-04-01,36668.6995,37888.0324,-1219.3329,-3.2183
original,sazonal_ingenuo,2018-06-01,11,2019-05-01,34197.8245,35795.5702,-1597.7457,-4.4635
original,sazonal_ingenuo,2018-06-01,12,2019-06-01,33858.1352,34226.9213,-368.7861,-1.0775
original,sazonal_ingenuo,2018-07-01,1,2018-08-01,33822.7218,34465.4632,-642.7415,-1.8649
original,sazonal_ingenuo,2018-07-01,2,2018-09-01,35533.9745,35488.2045,45.7701,0.129
original,sazonal_ingenuo,2018-07-01,3,2018-10-01,36565.8335,36868.9276,-303.0941,-0.8221
original,sazonal_ingenuo,2018-07-01,4,2018-11-01,35790.6351,36725.6111,-934.976,-2.5458
original,sazonal_ingenuo,2018-07-01,5,2018-12-01,36736.4746,38158.3807,-1421.9061,-3.7263
original,sazonal_ingenuo,2018-07-01,6,2019-01-01,39014.7803,42133.9275,-3119.1472,-7.4029
original,sazonal_ingenuo,2018-07-01,7,2019-02-01,38534.2142,40667.0042,-2132.79,-5.2445
original,sazonal_ingenuo,2018-07-01,8,2019-03-01,40027.9812,38892.6826,1135.2986,2.9191
original,sazonal_ingenuo,2018-07-01,9,2019-04-01,36668.6995,37888.0324,-1219.3329,-3.2183
original,sazonal_ingenuo,2018-07-01,10,2019-05-01,34197.8245,35795.5702,-1597.7457,-4.4635
original,sazonal_ingenuo,2018-07-01,11,2019-06-01,33858.1352,34226.9213,-368.7861,-1.0775
original,sazonal_ingenuo,2018-07-01,12,2019-07-01,33919.2557,33569.6216,349.6341,1.0415
original,sazonal_ingenuo,2018-08-01,1,2018-09-01,35533.9745,35488.2045,45.7701,0.129
original,sazonal_ingenuo,2018-08-01,2,2018-10-01,36565.8335,36868.9276,-303.0941,-0.8221
original,sazonal_ingenuo,2018-08-01,3,2018-11-01,35790.6351,36725.6111,-934.976,-2.5458
original,sazonal_ingenuo,2018-08-01,4,2018-12-01,36736.4746,38158.3807,-1421.9061,-3.7263
original,sazonal_ingenuo,2018-08-01,5,2019-01-01,39014.7803,42133.9275,-3119.1472,-7.4029
original,sazonal_ingenuo,2018-08-01,6,2019-02-01,38534.2142,40667.0042,-2132.79,-5.2445
original,sazonal_ingenuo,2018-08-01,7,2019-03-01,40027.9812,38892.6826,1135.2986,2.9191
original,sazonal_ingenuo,2018-08-01,8,2019-04-01,36668.6995,37888.0324,-1219.3329,-3.2183
original,sazonal_ingenuo,2018-08-01,9,2019-05-01,34197.8245,35795.5702,-1597.7457,-4.4635
original,sazonal_ingenuo,2018-08-01,10,2019-06-01,33858.1352,34226.9213,-368.7861,-1.0775
original,sazonal_ingenuo,2018-08-01,11,2019-07-01,33919.2557,33569.6216,349.6341,1.0415
original,sazonal_ingenuo,2018-08-01,12,2019-08-01,34465.4632,34180.6521,284.8111,0.8333
original,sazonal_ingenuo,2018-09-01,1,2018-10-01,36565.8335,36868.9276,-303.0941,-0.8221
original,sazonal_ingenuo,2018-09-01,2,2018-11-01,35790.6351,36725.6111,-934.976,-2.5458
original,sazonal_ingenuo,2018-09-01,3,2018-12-01,36736.4746,38158.3807,-1421.9061,-3.7263
original,sazonal_ingenuo,2018-09-01,4,2019-01-01,39014.7803,42133.9275,-3119.1472,-7.4029
original,sazonal_ingenuo,2018-09-01,5,2019-02-01,38534.2142,40667.0042,-2132.79,-5.2445
original,sazonal_ingenuo,2018-09-01,6,2019-03-01,40027.9812,38892.6826,1135.2986,2.9191
original,sazonal_ingenuo,2018-09-01,7,2019-04-01,36668.6995,37888.0324,-1219.3329,-3.2183
original,sazonal_ingenuo,2018-09-01,8,2019-05-01,34197.8245,35795.5702,-1597.7457,-4.4635
original,sazonal_ingenuo,2018-09-01,9,2019-06-01,33858.1352,34226.9213,-368.7861,-1.0775
original,sazonal_ingenuo,2018-09-01,10,2019-07-01,33919.2557,33569.6216,349.6341,1.0415
original,sazonal_ingenuo,2018-09-01,11,2019-08-01,34465.4632,34180.6521,284.8111,0.8333
original,sazonal_ingenuo,2018-09-01,12,2019-09-01,35488.2045,36699.7232,-1211.5187,-3.3012
original,sazonal_ingenuo,2018-10-01,1,2018-11-01,35790.6351,36725.6111,-934.976,-2.5458
original,sazonal_ingenuo,2018-10-01,2,2018-12-01,36736.4746,38158.3807,-1421.9061,-3.7263
original,sazonal_ingenuo,2018-10-01,3,2019-01-01,39014.7803,42133.9275,-3119.1472,-7.4029
original,sazonal_ingenuo,2018-10-01,4,2019-02-01,38534.2142,40667.0042,-2132.79,-5.2445
original,sazonal_ingenuo,2018-10-01,5,2019-03-01,40027.9812,38892.6826,1135.2986,2.9191
original,sazonal_ingenuo,2018-10-01,6,2019-04-01,36668.6995,37888.0324,-1219.3329,-3.2183
original,sazonal_ingenuo,2018-10-01,7,2019-05-01,34197.8245,35795.5702,-1597.7457,-4.4635
original,sazonal_ingenuo,2018-10-01,8,2019-06-01,33858.1352,34226.9213,-368.7861,-1.0775
original,sazonal_ingenuo,2018-10-01,9,2019-07-01,33919.2557,33569.6216,349.6341,1.0415
original,sazonal_ingenuo,2018-10-01,10,2019-08-01,34465.4632,34180.6521,284.8111,0.8333
original,sazonal_ingenuo,2018-10-01,11,2019-09-01,35488.2045,36699.7232,-1211.5187,-3.3012
original,sazonal_ingenuo,2018-10-01,12,2019-10-01,36868.9276,37918.2543,-1049.3268,-2.7673
original,sazonal_ingenuo,2018-11-01,1,2018-12-01,36736.4746,38158.3807,-1421.9061,-3.7263
original,sazonal_ingenuo,2018-11-01,2,2019-01-01,39014.7803,42133.9275,-3119.1472,-7.4029
original,sazonal_ingenuo,2018-11-01,3,2019-02-01,38534.2142,40667.0042,-2132.79,-5.2445
original,sazonal_ingenuo,2018-11-01,4,2019-03-01,40027.9812,38892.6826,1135.2986,2.9191
original,sazonal_ingenuo,2018-11-01,5,2019-04-01,36668.6995,37888.0324,-1219.3329,-3.2183
original,sazonal_ingenuo,2018-11-01,6,2019-05-01,34197.8245,35795.5702,-1597.7457,-4.4635
original,sazonal_ingenuo,2018-11-01,7,2019-06-01,33858.1352,34226.9213,-368.7861,-1.0775
original,sazonal_ingenuo,2018-11-01,8,2019-07-01,33919.2557,33569.6216,349.6341,1.0415
original,sazonal_ingenuo,2018-11-01,9,2019-08-01,34465.4632,34180.6521,284.8111,0.8333
original,sazonal_ingenuo,2018-11-01,10,2019-09-01,35488.2045,36699.7232,-1211.5187,-3.3012
original,sazonal_ingenuo,2018-11-01,11,2019-10-01,36868.9276,37918.2543,-1049.3268,-2.7673
original,sazonal_ingenuo,2018-11-01,12,2019-11-01,36725.6111,37089.4265,-363.8154,-0.9809
original,sazonal_ingenuo,2018-12-01,1,2019-01-01,39014.7803,42133.9275,-3119.1472,-7.4029
original,sazonal_ingenuo,2018-12-01,2,2019-02-01,38534.2142,40667.0042,-2132.79,-5.2445
original,sazonal_ingenuo,2018-12-01,3,2019-03-01,40027.9812,38892.6826,1135.2986,2.9191
original,sazonal_ingenuo,2018-12-01,4,2019-04-01,36668.6995,37888.0324,-1219.3329,-3.2183
original,sazonal_ingenuo,2018-12-01,5,2019-05-01,34197.8245,35795.5702,-1597.7457,-4.4635
original,sazonal_ingenuo,2018-12-01,6,2019-06-01,33858.1352,34226.9213,-368.7861,-1.0775
original,sazonal_ingenuo,2018-12-01,7,2019-07-01,33919.2557,33569.6216,349.6341,1.0415
original,sazonal_ingenuo,2018-12-01,8,2019-08-01,34465.4632,34180.6521,284.8111,0.8333
original,sazonal_ingenuo,2018-12-01,9,2019-09-01,35488.2045,36699.7232,-1211.5187,-3.3012
original,sazonal_ingenuo,2018-12-01,10,2019-10-01,36868.9276,37918.2543,-1049.3268,-2.7673
original,sazonal_ingenuo,2018-12-01,11,2019-11-01,36725.6111,37089.4265,-363.8154,-0.9809
original,sazonal_ingenuo,2018-12-01,12,2019-12-01,38158.3807,36887.2681,1271.1126,3.4459
original,sazonal_ingenuo,2019-01-01,1,2019-02-01,38534.2142,40667.0042,-2132.79,-5.2445
original,sazonal_ingenuo,2019-01-01,2,2019-03-01,40027.9812,38892.6826,1135.2986,2.9191
original,sazonal_ingenuo,2019-01-01,3,2019-04-01,36668.6995,37888.0324,-1219.3329,-3.2183
original,sazonal_ingenuo,2019-01-01,4,2019-05-01,34197.8245,35795.5702,-1597.7457,-4.4635
original,sazonal_ingenuo,2019-01-01,5,2019-06-01,33858.1352,34226.9213,-368.7861,-1.0775
original,sazonal_ingenuo,2019-01-01,6,2019-07-01,33919.2557,33569.6216,349.6341,1.0415
original,sazonal_ingenuo,2019-01-01,7,2019-08-01,34465.4632,34180.6521,284.8111,0.8333
original,sazonal_ingenuo,2019-01-01,8,2019-09-01,35488.2045,36699.7232,-1211.5187,-3.3012
original,sazonal_ingenuo,2019-01-01,9,2019-10-01,36868.9276,37918.2543,-1049.3268,-2.7673
original,sazonal_ingenuo,2019-01-01,10,2019-11-01,36725.6111,37089.4265,-363.8154,-0.9809
original,sazonal_ingenuo,2019-01-01,11,2019-12-01,38158.3807,36887.2681,1271.1126,3.4459
original,sazonal_ingenuo,2019-02-01,1,2019-03-01,40027.9812,38892.6826,1135.2986,2.9191
original,sazonal_ingenuo,2019-02-01,2,2019-04-01,36668.6995,37888.0324,-1219.3329,-3.2183
original,sazonal_ingenuo,2019-02-01,3,2019-05-01,34197.8245,35795.5702,-1597.7457,-4.4635
original,sazonal_ingenuo,2019-02-01,4,2019-06-01,33858.1352,34226.9213,-368.7861,-1.0775
original,sazonal_ingenuo,2019-02-01,5,2019-07-01,33919.2557,33569.6216,349.6341,1.0415
original,sazonal_ingenuo,2019-02-01,6,2019-08-01,34465.4632,34180.6521,284.8111,0.8333
original,sazonal_ingenuo,2019-02-01,7,2019-09-01,35488.2045,36699.7232,-1211.5187,-3.3012
original,sazonal_ingenuo,2019-02-01,8,2019-10-01,36868.9276,37918.2543,-1049.3268,-2.7673
original,sazonal_ingenuo,2019-02-01,9,2019-11-01,36725.6111,37089.4265,-363.8154,-0.9809
original,sazonal_ingenuo,2019-02-01,10,2019-12-01,38158.3807,36887.2681,1271.1126,3.4459
original,sazonal_ingenuo,2019-03-01,1,2019-04-01,36668.6995,37888.0324,-1219.3329,-3.2183
original,sazonal_ingenuo,2019-03-01,2,2019-05-01,34197.8245,35795.5702,-1597.7457,-4.4635
original,sazonal_ingenuo,2019-03-01,3,2019-06-01,33858.1352,34226.9213,-368.7861,-1.0775
original,sazonal_ingenuo,2019-03-01,4,2019-07-01,33919.2557,33569.6216,349.6341,1.0415
original,sazonal_ingenuo,2019-03-01,5,2019-08-01,34465.4632,34180.6521,284.8111,0.8333
original,sazonal_ingenuo,2019-03-01,6,2019-09-01,35488.2045,36699.7232,-1211.5187,-3.3012
original,sazonal_ingenuo,2019-03-01,7,2019-10-01,36868.9276,37918.2543,-1049.3268,-2.7673
original,sazonal_ingenuo,2019-03-01,8,2019-11-01,36725.6111,37089.4265,-363.8154,-0.9809
original,sazonal_ingenuo,2019-03-01,9,2019-12-01,38158.3807,36887.2681,1271.1126,3.4459
original,sazonal_ingenuo,2019-04-01,1,2019-05-01,34197.8245,35795.5702,-1597.7457,-4.4635
original,sazonal_ingenuo,2019-04-01,2,2019-06-01,33858.1352,34226.9213,-368.7861,-1.0775
original,sazonal_ingenuo,2019-04-01,3,2019-07-01,33919.2557,33569.6216,349.6341,1.0415
original,sazonal_ingenuo,2019-04-01,4,2019-08-01,34465.4632,34180.6521,284.8111,0.8333
original,sazonal_ingenuo,2019-04-01,5,2019-09-01,35488.2045,36699.7232,-1211.5187,-3.3012
original,sazonal_ingenuo,2019-04-01,6,2019-10-01,36868.9276,37918.2543,-1049.3268,-2.7673
original,sazonal_ingenuo,2019-04-01,7,2019-11-01,36725.6111,37089.4265,-363.8154,-0.9809
original,sazonal_ingenuo,2019-04-01,8,2019-12-01,38158.3807,36887.2681,1271.1126,3.4459
original,sazonal_ingenuo,2019-05-01,1,2019-06-01,33858.1352,34226.9213,-368.7861,-1.0775
original,sazonal_ingenuo,2019-05-01,2,2019-07-01,33919.2557,33569.6216,349.6341,1.0415
original,sazonal_ingenuo,2019-05-01,3,2019-08-01,34465.4632,34180.6521,284.8111,0.8333
original,sazonal_ingenuo,2019-05-01,4,2019-09-01,35488.2045,36699.7232,-1211.5187,-3.3012
original,sazonal_ingenuo,2019-05-01,5,2019-10-01,36868.9276,37918.2543,-1049.3268,-2.7673
original,sazonal_ingenuo,2019-05-01,6,2019-11-01,36725.6111,37089.4265,-363.8154,-0.9809
original,sazonal_ingenuo,2019-05-01,7,2019-12-01,38158.3807,36887.2681,1271.1126,3.4459
original,sazonal_ingenuo,2019-06-01,1,2019-07-01,33919.2557,33569.6216,349.6341,1.0415
original,sazonal_ingenuo,2019-06-01,2,2019-08-01,34465.4632,34180.6521,284.8111,0.8333
original,sazonal_ingenuo,2019-06-01,3,2019-09-01,35488.2045,36699.7232,-1211.5187,-3.3012
original,sazonal_ingenuo,2019-06-01,4,2019-10-01,36868.9276,37918.2543,-1049.3268,-2.7673
original,sazonal_ingenuo,2019-06-01,5,2019-11-01,36725.6111,37089.4265,-363.8154,-0.9809
original,sazonal_ingenuo,2019-06-01,6,2019-12-01,38158.3807,36887.2681,1271.1126,3.4459
original,sazonal_ingenuo,2019-07-01,1,2019-08-01,34465.4632,34180.6521,284.8111,0.8333
original,sazonal_ingenuo,2019-07-01,2,2019-09-01,35488.2045,36699.7232,-1211.5187,-3.3012
original,sazonal_ingenuo,2019-07-01,3,2019-10-01,36868.9276,37918.2543,-1049.3268,-2.7673
original,sazonal_ingenuo,2019-07-01,4,2019-11-01,36725.6111,37089.4265,-363.8154,-0.9809
original,sazonal_ingenuo,2019-07-01,5,2019-12-01,38158.3807,36887.2681,1271.1126,3.4459
original,sazonal_ingenuo,2019-08-01,1,2019-09-01,35488.2045,36699.7232,-1211.5187,-3.3012
original,sazonal_ingenuo,2019-08-01,2,2019-10-01,36868.9276,37918.2543,-1049.3268,-2.7673
original,sazonal_ingenuo,2019-08-01,3,2019-11-01,36725.6111,37089.4265,-363.8154,-0.9809
original,sazonal_ingenuo,2019-08-01,4,2019-12-01,38158.3807,36887.2681,1271.1126,3.4459
original,sazonal_ingenuo,2019-09-01,1,2019-10-01,36868.9276,37918.2543,-1049.3268,-2.7673
original,sazonal_ingenuo,2019-09-01,2,2019-11-01,36725.6111,37089.4265,-363.8154,-0.9809
original,sazonal_ingenuo,2019-09-01,3,2019-12-01,38158.3807,36887.2681,1271.1126,3.4459
original,sazonal_ingenuo,2019-10-01,1,2019-11-01,36725.6111,37089.4265,-363.8154,-0.9809
original,sazonal_ingenuo,2019-10-01,2,2019-12-01,38158.3807,36887.2681,1271.1126,3.4459
original,sazonal_ingenuo,2019-11-01,1,2019-12-01,38158.3807,36887.2681,1271.1126,3.4459
original,sazonal_crescimento,2011-01-01,12,2012-01-01,36999.8761,35138.7467,1861.1294,5.2965
original,sazonal_crescimento,2011-02-01,11,2012-01-01,36842.0753,35138.7467,1703.3286,4.8474
original,sazonal_crescimento,2011-02-01,12,2012-02-01,39237.9104,37785.0274,1452.883,3.8451
original,sazonal_crescimento,2011-03-01,10,2012-01-01,36614.9346,35138.7467,1476.1879,4.201
original,sazonal_crescimento,2011-03-01,11,2012-02-01,38995.9987,37785.0274,1210.9713,3.2049
original,sazonal_crescimento,2011-03-01,12,2012-03-01,36677.5834,38142.0916,-1464.5082,-3.8396
original,sazonal_crescimento,2011-04-01,9,2012-01-01,36543.2059,35138.7467,1404.4591,3.9969
original,sazonal_crescimento,2011-04-01,10,2012-02-01,38919.6055,37785.0274,1134.5781,3.0027
original,sazonal_crescimento,2011-04-01,11,2012-03-01,36605.7319,38142.0916,-1536.3597,-4.028
original,sazonal_crescimento,2011-04-01,12,2012-04-01,36604.227,36429.9418,174.2852,0.4784
original,sazonal_crescimento,2011-05-01,8,2012-01-01,36413.813,35138.7467,1275.0663,3.6287
original,sazonal_crescimento,2011-05-01,9,2012-02-01,38781.7982,37785.0274,996.7708,2.638
original,sazonal_crescimento,2011-05-01,10,2012-03-01,36476.1177,38142.0916,-1665.9739,-4.3678
original,sazonal_crescimento,2011-05-01,11,2012-04-01,36474.6181,36429.9418,44.6762,0.1226
original,sazonal_crescimento,2011-05-01,12,2012-05-01,34836.6589,34040.2569,796.402,2.3396
original,sazonal_crescimento,2011-06-01,7,2012-01-01,36217.0863,35138.7467,1078.3396,3.0688
original,sazonal_crescimento,2011-06-01,8,2012-02-01,38572.2784,37785.0274,787.251,2.0835
original,sazonal_crescimento,2011-06-01,9,2012-03-01,36279.0544,38142.0916,-1863.0372,-4.8845
original,sazonal_crescimento,2011-06-01,10,2012-04-01,36277.5629,36429.9418,-152.379,-0.4183
original,sazonal_crescimento,2011-06-01,11,2012-05-01,34648.4528,34040.2569,608.196,1.7867
original,sazonal_crescimento,2011-06-01,12,2012-06-01,33880.6917,32396.5755,1484.1162,4.5811
original,sazonal_crescimento,2011-07-01,6,2012-01-01,36056.3327,35138.7467,917.586,2.6113
original,sazonal_crescimento,2011-07-01,7,2012-02-01,38401.071,37785.0274,616.0436,1.6304
original,sazonal_crescimento,2011-07-01,8,2012-03-01,36118.0258,38142.0916,-2024.0658,-5.3066
original,sazonal_crescimento,2011-07-01,9,2012-04-01,36116.5409,36429.9418,-313.401,-0.8603
original,sazonal_crescimento,2011-07-01,10,2012-05-01,34494.6618,34040.2569,454.4049,1.3349
original,sazonal_crescimento,2011-07-01,11,2012-06-01,33730.3085,32396.5755,1333.733,4.1169
original,sazonal_crescimento,2011-07-01,12,2012-07-01,34233.678,32553.3452,1680.3328,5.1618
original,sazonal_crescimento,2011-08-01,5,2012-01-01,36059.5069,35138.7467,920.7602,2.6204
original,sazonal_crescimento,2011-08-01,6,2012-02-01,38404.4516,37785.0274,619.4242,1.6393
original,sazonal_crescimento,2011-08-01,7,2012-03-01,36121.2054,38142.0916,-2020.8862,-5.2983
original,sazonal_crescimento,2011-08-01,8,2012-04-01,36119.7203,36429.9418,-310.2215,-0.8516
original,sazonal_crescimento,2011-08-01,9,2012-05-01,34497.6985,34040.2569,457.4416,1.3438
original,sazonal_crescimento,2011-08-01,10,2012-06-01,33733.2779,32396.5755,1336.7024,4.1261
original,sazonal_crescimento,2011-08-01,11,2012-07-01,34236.6917,32553.3452,1683.3465,5.171
original,sazonal_crescimento,2011-08-01,12,2012-08-01,35949.6893,34867.9263,1081.7629,3.1025
original,sazonal_crescimento,2011-09-01,4,2012-01-01,35974.6345,35138.7467,835.8877,2.3788
original,sazonal_crescimento,2011-09-01,5,2012-02-01,38314.06,37785.0274,529.0326,1.4001
original,sazonal_crescimento,2011-09-01,6,2012-03-01,36036.1877,38142.0916,-2105.9039,-5.5212
original,sazonal_crescimento,2011-09-01,7,2012-04-01,36034.7062,36429.9418,-395.2356,-1.0849
original,sazonal_crescimento,2011-09-01,8,2012-05-01,34416.5021,34040.2569,376.2452,1.1053
original,sazonal_crescimento,2011-09-01,9,2012-06-01,33653.8807,32396.5755,1257.3052,3.881
original,sazonal_crescimento,2011-09-01,10,2012-07-01,34156.1096,32553.3452,1602.7644,4.9235
original,sazonal_crescimento,2011-09-01,11,2012-08-01,35865.0753,34867.9263,997.149,2.8598
original,sazonal_crescimento,2011-09-01,12,2012-09-01,36003.7079,35552.6986,451.0093,1.2686
original,sazonal_crescimento,2011-10-01,3,2012-01-01,35998.715,35138.7467,859.9683,2.4474
original,sazonal_crescimento,2011-10-01,4,2012-02-01,38339.7064,37785.0274,554.6791,1.468
original,sazonal_crescimento,2011-10-01,5,2012-03-01,36060.3095,38142.0916,-2081.7821,-5.458
original,sazonal_crescimento,2011-10-01,6,2012-04-01,36058.8269,36429.9418,-371.1149,-1.0187
original,sazonal_crescimento,2011-10-01,7,2012-05-01,34439.5396,34040.2569,399.2828,1.173
original,sazonal_crescimento,2011-10-01,8,2012-06-01,33676.4078,32396.5755,1279.8323,3.9505
original,sazonal_crescimento,2011-10-01,9,2012-07-01,34178.9729,32553.3452,1625.6276,4.9937
original,sazonal_crescimento,2011-10-01,10,2012-08-01,35889.0825,34867.9263,1021.1562,2.9286
original,sazonal_crescimento,2011-10-01,11,2012-09-01,36027.8079,35552.6986,475.1093,1.3364
original,sazonal_crescimento,2011-10-01,12,2012-10-01,35607.4515,36868.8102,-1261.3586,-3.4212
original,sazonal_crescimento,2011-11-01,2,2012-01-01,36204.6425,35138.7467,1065.8957,3.0334
original,sazonal_crescimento,2011-11-01,3,2012-02-01,38559.0253,37785.0274,773.998,2.0484
original,sazonal_crescimento,2011-11-01,4,2012-03-01,36266.5893,38142.0916,-1875.5023,-4.9171
original,sazonal_crescimento,2011-11-01,5,2012-04-01,36265.0983,36429.9418,-164.8436,-0.4525
original,sazonal_crescimento,2011-11-01,6,2012-05-01,34636.548,34040.2569,596.2911,1.7517
original,sazonal_crescimento,2011-11-01,7,2012-06-01,33869.0507,32396.5755,1472.4752,4.5452
original,sazonal_crescimento,2011-11-01,8,2012-07-01,34374.4907,32553.3452,1821.1454,5.5943
original,sazonal_crescimento,2011-11-01,9,2012-08-01,36094.3829,34867.9263,1226.4565,3.5174
original,sazonal_crescimento,2011-11-01,10,2012-09-01,36233.9018,35552.6986,681.2032,1.916
original,sazonal_crescimento,2011-11-01,11,2012-10-01,35811.1408,36868.8102,-1057.6694,-2.8687
original,sazonal_crescimento,2011-11-01,12,2012-11-01,36138.399,34588.8219,1549.5771,4.48
original,sazonal_crescimento,2011-12-01,1,2012-01-01,36110.7451,35138.7467,971.9984,2.7662
original,sazonal_crescimento,2011-12-01,2,2012-02-01,38459.0219,37785.0274,673.9945,1.7838
original,sazonal_crescimento,2011-12-01,3,2012-03-01,36172.5313,38142.0916,-1969.5603,-5.1637
original,sazonal_crescimento,2011-12-01,4,2012-04-01,36171.0441,36429.9418,-258.8977,-0.7107
original,sazonal_crescimento,2011-12-01,5,2012-05-01,34546.7175,34040.2569,506.4607,1.4878
original,sazonal_crescimento,2011-12-01,6,2012-06-01,33781.2108,32396.5755,1384.6353,4.274
original,sazonal_crescimento,2011-12-01,7,2012-07-01,34285.3399,32553.3452,1731.9946,5.3205
original,sazonal_crescimento,2011-12-01,8,2012-08-01,36000.7715,34867.9263,1132.8451,3.249
original,sazonal_crescimento,2011-12-01,9,2012-09-01,36139.9286,35552.6986,587.23,1.6517
original,sazonal_crescimento,2011-12-01,10,2012-10-01,35718.264,36868.8102,-1150.5461,-3.1206
original,sazonal_crescimento,2011-12-01,11,2012-11-01,36044.6735,34588.8219,1455.8515,4.209
original,sazonal_crescimento,2011-12-01,12,2012-12-01,36396.1835,36179.2566,216.9269,0.5996
original,sazonal_crescimento,2012-01-01,1,2012-02-01,38359.5998,37785.0274,574.5724,1.5206
original,sazonal_crescimento,2012-01-01,2,2012-03-01,36079.0201,38142.0916,-2063.0715,-5.4089
original,sazonal_crescimento,2012-01-01,3,2012-04-01,36077.5368,36429.9418,-352.405,-0.9673
original,sazonal_crescimento,2012-01-01,4,2012-05-01,34457.4093,34040.2569,417.1524,1.2255
original,sazonal_crescimento,2012-01-01,5,2012-06-01,33693.8815,32396.5755,1297.306,4.0045
original,sazonal_crescimento,2012-01-01,6,2012-07-01,34196.7073,32553.3452,1643.3621,5.0482
original,sazonal_crescimento,2012-01-01,7,2012-08-01,35907.7043,34867.9263,1039.778,2.982
original,sazonal_crescimento,2012-01-01,8,2012-09-01,36046.5016,35552.6986,493.8031,1.3889
original,sazonal_crescimento,2012-01-01,9,2012-10-01,35625.9272,36868.8102,-1242.883,-3.3711
original,sazonal_crescimento,2012-01-01,10,2012-11-01,35951.4928,34588.8219,1362.6708,3.9396
original,sazonal_crescimento,2012-01-01,11,2012-12-01,36302.0941,36179.2566,122.8375,0.3395
original,sazonal_crescimento,2012-01-01,12,2013-01-01,36361.4004,34415.2791,1946.1214,5.6548
original,sazonal_crescimento,2012-02-01,1,2012-03-01,35950.8665,38142.0916,-2191.2251,-5.7449
original,sazonal_crescimento,2012-02-01,2,2012-04-01,35949.3885,36429.9418,-480.5533,-1.3191
original,sazonal_crescimento,2012-02-01,3,2012-05-01,34335.0157,34040.2569,294.7589,0.8659
original,sazonal_crescimento,2012-02-01,4,2012-06-01,33574.2,32396.5755,1177.6245,3.635
original,sazonal_crescimento,2012-02-01,5,2012-07-01,34075.2398,32553.3452,1521.8946,4.6751
original,sazonal_crescimento,2012-02-01,6,2012-08-01,35780.1593,34867.9263,912.2329,2.6163
original,sazonal_crescimento,2012-02-01,7,2012-09-01,35918.4636,35552.6986,365.765,1.0288
original,sazonal_crescimento,2012-02-01,8,2012-10-01,35499.383,36868.8102,-1369.4272,-3.7143
original,sazonal_crescimento,2012-02-01,9,2012-11-01,35823.7922,34588.8219,1234.9703,3.5704
original,sazonal_crescimento,2012-02-01,10,2012-12-01,36173.1482,36179.2566,-6.1084,-0.0169
original,sazonal_crescimento,2012-02-01,11,2013-01-01,36232.2438,34415.2791,1816.9648,5.2795
original,sazonal_crescimento,2012-02-01,12,2013-02-01,38960.8752,36703.9906,2256.8846,6.1489
original,sazonal_crescimento,2012-03-01,1,2012-04-01,36222.4969,36429.9418,-207.4449,-0.5694
original,sazonal_crescimento,2012-03-01,2,2012-05-01,34595.8597,34040.2569,555.6028,1.6322
original,sazonal_crescimento,2012-03-01,3,2012-06-01,33829.264,32396.5755,1432.6885,4.4223
original,sazonal_crescimento,2012-03-01,4,2012-07-01,34334.1102,32553.3452,1780.765,5.4703
original,sazonal_crescimento,2012-03-01,5,2012-08-01,36051.982,34867.9263,1184.0557,3.3958
original,sazonal_crescimento,2012-03-01,6,2012-09-01,36191.337,35552.6986,638.6385,1.7963
original,sazonal_crescimento,2012-03-01,7,2012-10-01,35769.0727,36868.8102,-1099.7375,-2.9828
original,sazonal_crescimento,2012-03-01,8,2012-11-01,36095.9464,34588.8219,1507.1245,4.3573
original,sazonal_crescimento,2012-03-01,9,2012-12-01,36447.9565,36179.2566,268.6999,0.7427
original,sazonal_crescimento,2012-03-01,10,2013-01-01,36507.5011,34415.2791,2092.222,6.0793
original,sazonal_crescimento,2012-03-01,11,2013-02-01,39256.8619,36703.9906,2552.8713,6.9553
original,sazonal_crescimento,2012-03-01,12,2013-03-01,39627.8348,36142.0469,3485.7879,9.6447
original,sazonal_crescimento,2012-04-01,1,2012-05-01,34552.3416,34040.2569,512.0847,1.5044
original,sazonal_crescimento,2012-04-01,2,2012-06-01,33786.7102,32396.5755,1390.1347,4.291
original,sazonal_crescimento,2012-04-01,3,2012-07-01,34290.9213,32553.3452,1737.5761,5.3376
original,sazonal_crescimento,2012-04-01,4,2012-08-01,36006.6322,34867.9263,1138.7059,3.2658
original,sazonal_crescimento,2012-04-01,5,2012-09-01,36145.812,35552.6986,593.1134,1.6683
original,sazonal_crescimento,2012-04-01,6,2012-10-01,35724.0788,36868.8102,-1144.7314,-3.1049
original,sazonal_crescimento,2012-04-01,7,2012-11-01,36050.5413,34588.8219,1461.7194,4.226
original,sazonal_crescimento,2012-04-01,8,2012-12-01,36402.1086,36179.2566,222.852,0.616
original,sazonal_crescimento,2012-04-01,9,2013-01-01,36461.5783,34415.2791,2046.2992,5.9459
original,sazonal_crescimento,2012-04-01,10,2013-02-01,39207.4807,36703.9906,2503.4901,6.8208
original,sazonal_crescimento,2012-04-01,11,2013-03-01,39577.9869,36142.0469,3435.94,9.5068
original,sazonal_crescimento,2012-04-01,12,2013-04-01,37801.3816,34505.9381,3295.4436,9.5504
original,sazonal_crescimento,2012-05-01,1,2012-06-01,33754.8338,32396.5755,1358.2583,4.1926
original,sazonal_crescimento,2012-05-01,2,2012-07-01,34258.5693,32553.3452,1705.224,5.2382
original,sazonal_crescimento,2012-05-01,3,2012-08-01,35972.6614,34867.9263,1104.7351,3.1683
original,sazonal_crescimento,2012-05-01,4,2012-09-01,36111.7099,35552.6986,559.0113,1.5723
original,sazonal_crescimento,2012-05-01,5,2012-10-01,35690.3746,36868.8102,-1178.4356,-3.1963
original,sazonal_crescimento,2012-05-01,6,2012-11-01,36016.5291,34588.8219,1427.7072,4.1277
original,sazonal_crescimento,2012-05-01,7,2012-12-01,36367.7647,36179.2566,188.5081,0.521
original,sazonal_crescimento,2012-05-01,8,2013-01-01,36427.1783,34415.2791,2011.8992,5.8459
original,sazonal_crescimento,2012-05-01,9,2013-02-01,39170.4901,36703.9906,2466.4995,6.72
original,sazonal_crescimento,2012-05-01,10,2013-03-01,39540.6467,36142.0469,3398.5998,9.4035
original,sazonal_crescimento,2012-05-01,11,2013-04-01,37765.7176,34505.9381,3259.7795,9.447
original,sazonal_crescimento,2012-05-01,12,2013-05-01,35288.4101,33046.0622,2242.3479,6.7855
original,sazonal_crescimento,2012-06-01,1,2012-07-01,34185.7944,32553.3452,1632.4492,5.0147
original,sazonal_crescimento,2012-06-01,2,2012-08-01,35896.2454,34867.9263,1028.3191,2.9492
original,sazonal_crescimento,2012-06-01,3,2012-09-01,36034.9985,35552.6986,482.2999,1.3566
original,sazonal_crescimento,2012-06-01,4,2012-10-01,35614.5582,36868.8102,-1254.252,-3.4019
original,sazonal_crescimento,2012-06-01,5,2012-11-01,35940.0199,34588.8219,1351.198,3.9065
original,sazonal_crescimento,2012-06-01,6,2012-12-01,36290.5094,36179.2566,111.2528,0.3075
original,sazonal_crescimento,2012-06-01,7,2013-01-01,36349.7967,34415.2791,1934.5177,5.6211
original,sazonal_crescimento,2012-06-01,8,2013-02-01,39087.2809,36703.9906,2383.2904,6.4933
original,sazonal_crescimento,2012-06-01,9,2013-03-01,39456.6513,36142.0469,3314.6044,9.171
original,sazonal_crescimento,2012-06-01,10,2013-04-01,37685.4926,34505.9381,3179.5545,9.2145
original,sazonal_crescimento,2012-06-01,11,2013-05-01,35213.4476,33046.0622,2167.3854,6.5587
original,sazonal_crescimento,2012-06-01,12,2013-06-01,33513.1171,32968.8521,544.265,1.6508
original,sazonal_crescimento,2012-07-01,1,2012-08-01,35800.522,34867.9263,932.5957,2.6747
original,sazonal_crescimento,2012-07-01,2,2012-09-01,35938.9051,35552.6986,386.2065,1.0863
original,sazonal_crescimento,2012-07-01,3,2012-10-01,35519.586,36868.8102,-1349.2242,-3.6595
original,sazonal_crescimento,2012-07-01,4,2012-11-01,35844.1798,34588.8219,1255.3579,3.6294
original,sazonal_crescimento,2012-07-01,5,2012-12-01,36193.7346,36179.2566,14.478,0.04
original,sazonal_crescimento,2012-07-01,6,2013-01-01,36252.8639,34415.2791,1837.5849,5.3394
original,sazonal_crescimento,2012-07-01,7,2013-02-01,38983.0481,36703.9906,2279.0576,6.2093
original,sazonal_crescimento,2012-07-01,8,2013-03-01,39351.4335,36142.0469,3209.3866,8.8799
original,sazonal_crescimento,2012-07-01,9,2013-04-01,37584.9979,34505.9381,3079.0598,8.9233
original,sazonal_crescimento,2012-07-01,10,2013-05-01,35119.5451,33046.0622,2073.4829,6.2745
original,sazonal_crescimento,2012-07-01,11,2013-06-01,33423.7488,32968.8521,454.8967,1.3798
original,sazonal_crescimento,2012-07-01,12,2013-07-01,33585.4891,32891.3969,694.0921,2.1103
original,sazonal_crescimento,2012-08-01,1,2012-09-01,35772.7118,35552.6986,220.0132,0.6188
original,sazonal_crescimento,2012-08-01,2,2012-10-01,35355.3318,36868.8102,-1513.4784,-4.105
original,sazonal_crescimento,2012-08-01,3,2012-11-01,35678.4246,34588.8219,1089.6026,3.1502
original,sazonal_crescimento,2012-08-01,4,2012-12-01,36026.3629,36179.2566,-152.8937,-0.4226
original,sazonal_crescimento,2012-08-01,5,2013-01-01,36085.2188,34415.2791,1669.9397,4.8523
original,sazonal_crescimento,2012-08-01,6,2013-02-01,38802.7777,36703.9906,2098.7871,5.7181
original,sazonal_crescimento,2012-08-01,7,2013-03-01,39169.4595,36142.0469,3027.4126,8.3764
original,sazonal_crescimento,2012-08-01,8,2013-04-01,37411.1925,34505.9381,2905.2545,8.4196
original,sazonal_crescimento,2012-08-01,9,2013-05-01,34957.1408,33046.0622,1911.0786,5.7831
original,sazonal_crescimento,2012-08-01,10,2013-06-01,33269.1864,32968.8521,300.3343,0.911
original,sazonal_crescimento,2012-08-01,11,2013-07-01,33430.1787,32891.3969,538.7818,1.6381
original,sazonal_crescimento,2012-08-01,12,2013-08-01,35807.1037,33964.2456,1842.8581,5.4259
original,sazonal_crescimento,2012-09-01,1,2012-10-01,35331.6054,36868.8102,-1537.2048,-4.1694
original,sazonal_crescimento,2012-09-01,2,2012-11-01,35654.4813,34588.8219,1065.6594,3.0809
original,sazonal_crescimento,2012-09-01,3,2012-12-01,36002.1862,36179.2566,-177.0704,-0.4894
original,sazonal_crescimento,2012-09-01,4,2013-01-01,36061.0025,34415.2791,1645.7235,4.782
original,sazonal_crescimento,2012-09-01,5,2013-02-01,38776.7378,36703.9906,2072.7472,5.6472
original,sazonal_crescimento,2012-09-01,6,2013-03-01,39143.1735,36142.0469,3001.1266,8.3037
original,sazonal_crescimento,2012-09-01,7,2013-04-01,37386.0865,34505.9381,2880.1484,8.3468
original,sazonal_crescimento,2012-09-01,8,2013-05-01,34933.6816,33046.0622,1887.6194,5.7121
original,sazonal_crescimento,2012-09-01,9,2013-06-01,33246.8599,32968.8521,278.0079,0.8432
original,sazonal_crescimento,2012-09-01,10,2013-07-01,33407.7443,32891.3969,516.3473,1.5699
original,sazonal_crescimento,2012-09-01,11,2013-08-01,35783.0741,33964.2456,1818.8285,5.3551
original,sazonal_crescimento,2012-09-01,12,2013-09-01,36485.819,34766.6241,1719.1949,4.945
original,sazonal_crescimento,2012-10-01,1,2012-11-01,35740.5771,34588.8219,1151.7551,3.3298
original,sazonal_crescimento,2012-10-01,2,2012-12-01,36089.1216,36179.2566,-90.1351,-0.2491
original,sazonal_crescimento,2012-10-01,3,2013-01-01,36148.0799,34415.2791,1732.8009,5.035
original,sazonal_crescimento,2012-10-01,4,2013-02-01,38870.3729,36703.9906,2166.3823,5.9023
original,sazonal_crescimento,2012-10-01,5,2013-03-01,39237.6935,36142.0469,3095.6466,8.5652
original,sazonal_crescimento,2012-10-01,6,2013-04-01,37476.3636,34505.9381,2970.4255,8.6084
original,sazonal_crescimento,2012-10-01,7,2013-05-01,35018.0368,33046.0622,1971.9746,5.9674
original,sazonal_crescimento,2012-10-01,8,2013-06-01,33327.1419,32968.8521,358.2899,1.0868
original,sazonal_crescimento,2012-10-01,9,2013-07-01,33488.4148,32891.3969,597.0178,1.8151
original,sazonal_crescimento,2012-10-01,10,2013-08-01,35869.4804,33964.2456,1905.2348,5.6095
original,sazonal_crescimento,2012-10-01,11,2013-09-01,36573.9222,34766.6241,1807.2981,5.1984
original,sazonal_crescimento,2012-10-01,12,2013-10-01,37927.8381,35404.5633,2523.2748,7.127
original,sazonal_crescimento,2012-11-01,1,2012-12-01,35926.0745,36179.2566,-253.1821,-0.6998
original,sazonal_crescimento,2012-11-01,2,2013-01-01,35984.7665,34415.2791,1569.4875,4.5604
original,sazonal_crescimento,2012-11-01,3,2013-02-01,38694.7605,36703.9906,1990.7699,5.4239
original,sazonal_crescimento,2012-11-01,4,2013-03-01,39060.4216,36142.0469,2918.3746,8.0747
original,sazonal_crescimento,2012-11-01,5,2013-04-01,37307.0491,34505.9381,2801.111,8.1178
original,sazonal_crescimento,2012-11-01,6,2013-05-01,34859.8288,33046.0622,1813.7666,5.4886
original,sazonal_crescimento,2012-11-01,7,2013-06-01,33176.5733,32968.8521,207.7212,0.6301
original,sazonal_crescimento,2012-11-01,8,2013-07-01,33337.1175,32891.3969,445.7205,1.3551
original,sazonal_crescimento,2012-11-01,9,2013-08-01,35707.4257,33964.2456,1743.1801,5.1324
original,sazonal_crescimento,2012-11-01,10,2013-09-01,36408.6849,34766.6241,1642.0608,4.7231
original,sazonal_crescimento,2012-11-01,11,2013-10-01,37756.4839,35404.5633,2351.9206,6.643
original,sazonal_crescimento,2012-11-01,12,2013-11-01,35421.6014,35381.6161,39.9854,0.113
original,sazonal_crescimento,2012-12-01,1,2013-01-01,36007.5726,34415.2791,1592.2935,4.6267
original,sazonal_crescimento,2012-12-01,2,2013-02-01,38719.2841,36703.9906,2015.2935,5.4907
original,sazonal_crescimento,2012-12-01,3,2013-03-01,39085.1769,36142.0469,2943.13,8.1432
original,sazonal_crescimento,2012-12-01,4,2013-04-01,37330.6932,34505.9381,2824.7551,8.1863
original,sazonal_crescimento,2012-12-01,5,2013-05-01,34881.9219,33046.0622,1835.8597,5.5555
original,sazonal_crescimento,2012-12-01,6,2013-06-01,33197.5996,32968.8521,228.7475,0.6938
original,sazonal_crescimento,2012-12-01,7,2013-07-01,33358.2455,32891.3969,466.8486,1.4194
original,sazonal_crescimento,2012-12-01,8,2013-08-01,35730.056,33964.2456,1765.8104,5.199
original,sazonal_crescimento,2012-12-01,9,2013-09-01,36431.7596,34766.6241,1665.1355,4.7895
original,sazonal_crescimento,2012-12-01,10,2013-10-01,37780.4128,35404.5633,2375.8496,6.7106
original,sazonal_crescimento,2012-12-01,11,2013-11-01,35444.0506,35381.6161,62.4345,0.1765
original,sazonal_crescimento,2012-12-01,12,2013-12-01,37073.8097,35314.9921,1758.8176,4.9804
original,sazonal_crescimento,2013-01-01,1,2013-02-01,38622.3112,36703.9906,1918.3206,5.2265
original,sazonal_crescimento,2013-01-01,2,2013-03-01,38987.2876,36142.0469,2845.2407,7.8724
original,sazonal_crescimento,2013-01-01,3,2013-04-01,37237.1981,34505.9381,2731.26,7.9153
original,sazonal_crescimento,2013-01-01,4,2013-05-01,34794.5598,33046.0622,1748.4976,5.2911
original,sazonal_crescimento,2013-01-01,5,2013-06-01,33114.4558,32968.8521,145.6038,0.4416
original,sazonal_crescimento,2013-01-01,6,2013-07-01,33274.6995,32891.3969,383.3025,1.1654
original,sazonal_crescimento,2013-01-01,7,2013-08-01,35640.5697,33964.2456,1676.3241,4.9356
original,sazonal_crescimento,2013-01-01,8,2013-09-01,36340.5159,34766.6241,1573.8918,4.527
original,sazonal_crescimento,2013-01-01,9,2013-10-01,37685.7914,35404.5633,2281.2281,6.4433
original,sazonal_crescimento,2013-01-01,10,2013-11-01,35355.2806,35381.6161,-26.3355,-0.0744
original,sazonal_crescimento,2013-01-01,11,2013-12-01,36980.9579,35314.9921,1665.9658,4.7174
original,sazonal_crescimento,2013-01-01,12,2014-01-01,35177.8921,38704.8608,-3526.9686,-9.1125
original,sazonal_crescimento,2013-02-01,1,2013-03-01,38820.874,36142.0469,2678.8271,7.4119
original,sazonal_crescimento,2013-02-01,2,2013-04-01,37078.2546,34505.9381,2572.3165,7.4547
original,sazonal_crescimento,2013-02-01,3,2013-05-01,34646.0424,33046.0622,1599.9802,4.8417
original,sazonal_crescimento,2013-02-01,4,2013-06-01,32973.1098,32968.8521,4.2578,0.0129
original,sazonal_crescimento,2013-02-01,5,2013-07-01,33132.6695,32891.3969,241.2725,0.7335
original,sazonal_crescimento,2013-02-01,6,2013-08-01,35488.4412,33964.2456,1524.1956,4.4876
original,sazonal_crescimento,2013-02-01,7,2013-09-01,36185.3998,34766.6241,1418.7757,4.0809
original,sazonal_crescimento,2013-02-01,8,2013-10-01,37524.9331,35404.5633,2120.3698,5.989
original,sazonal_crescimento,2013-02-01,9,2013-11-01,35204.3698,35381.6161,-177.2462,-0.501
original,sazonal_crescimento,2013-02-01,10,2013-12-01,36823.1081,35314.9921,1508.116,4.2705
original,sazonal_crescimento,2013-02-01,11,2014-01-01,35027.7386,38704.8608,-3677.1222,-9.5004
original,sazonal_crescimento,2013-02-01,12,2014-02-01,37357.1803,39855.2823,-2498.102,-6.2679
original,sazonal_crescimento,2013-03-01,1,2013-04-01,36614.0228,34505.9381,2108.0847,6.1093
original,sazonal_crescimento,2013-03-01,2,2013-05-01,34212.2627,33046.0622,1166.2005,3.529
original,sazonal_crescimento,2013-03-01,3,2013-06-01,32560.2758,32968.8521,-408.5763,-1.2393
original,sazonal_crescimento,2013-03-01,4,2013-07-01,32717.8377,32891.3969,-173.5592,-0.5277
original,sazonal_crescimento,2013-03-01,5,2013-08-01,35044.1144,33964.2456,1079.8688,3.1794
original,sazonal_crescimento,2013-03-01,6,2013-09-01,35732.3468,34766.6241,965.7227,2.7777
original,sazonal_crescimento,2013-03-01,7,2013-10-01,37055.1087,35404.5633,1650.5454,4.662
original,sazonal_crescimento,2013-03-01,8,2013-11-01,34763.5997,35381.6161,-618.0164,-1.7467
original,sazonal_crescimento,2013-03-01,9,2013-12-01,36362.0708,35314.9921,1047.0787,2.965
original,sazonal_crescimento,2013-03-01,10,2014-01-01,34589.1799,38704.8608,-4115.6809,-10.6335
original,sazonal_crescimento,2013-03-01,11,2014-02-01,36889.4563,39855.2823,-2965.826,-7.4415
original,sazonal_crescimento,2013-03-01,12,2014-03-01,36324.6731,37542.7446,-1218.0715,-3.2445
original,sazonal_crescimento,2013-04-01,1,2013-05-01,33928.93,33046.0622,882.8677,2.6716
original,sazonal_crescimento,2013-04-01,2,2013-06-01,32290.6242,32968.8521,-678.2279,-2.0572
original,sazonal_crescimento,2013-04-01,3,2013-07-01,32446.8812,32891.3969,-444.5157,-1.3515
original,sazonal_crescimento,2013-04-01,4,2013-08-01,34753.8926,33964.2456,789.647,2.3249
original,sazonal_crescimento,2013-04-01,5,2013-09-01,35436.4253,34766.6241,669.8012,1.9266
original,sazonal_crescimento,2013-04-01,6,2013-10-01,36748.2326,35404.5633,1343.6693,3.7952
original,sazonal_crescimento,2013-04-01,7,2013-11-01,34475.701,35381.6161,-905.9151,-2.5604
original,sazonal_crescimento,2013-04-01,8,2013-12-01,36060.9342,35314.9921,745.9421,2.1123
original,sazonal_crescimento,2013-04-01,9,2014-01-01,34302.7256,38704.8608,-4402.1351,-11.3736
original,sazonal_crescimento,2013-04-01,10,2014-02-01,36583.9521,39855.2823,-3271.3303,-8.208
original,sazonal_crescimento,2013-04-01,11,2014-03-01,36023.8462,37542.7446,-1518.8984,-4.0458
original,sazonal_crescimento,2013-04-01,12,2014-04-01,34393.0882,35486.9658,-1093.8776,-3.0825
original,sazonal_crescimento,2013-05-01,1,2013-06-01,32157.2261,32968.8521,-811.626,-2.4618
original,sazonal_crescimento,2013-05-01,2,2013-07-01,32312.8376,32891.3969,-578.5594,-1.759
original,sazonal_crescimento,2013-05-01,3,2013-08-01,34610.3183,33964.2456,646.0727,1.9022
original,sazonal_crescimento,2013-05-01,4,2013-09-01,35290.0314,34766.6241,523.4073,1.5055
original,sazonal_crescimento,2013-05-01,5,2013-10-01,36596.4194,35404.5633,1191.8561,3.3664
original,sazonal_crescimento,2013-05-01,6,2013-11-01,34333.276,35381.6161,-1048.3401,-2.963
original,sazonal_crescimento,2013-05-01,7,2013-12-01,35911.9603,35314.9921,596.9682,1.6904
original,sazonal_crescimento,2013-05-01,8,2014-01-01,34161.0152,38704.8608,-4543.8455,-11.7397
original,sazonal_crescimento,2013-05-01,9,2014-02-01,36432.8175,39855.2823,-3422.4648,-8.5872
original,sazonal_crescimento,2013-05-01,10,2014-03-01,35875.0255,37542.7446,-1667.7191,-4.4422
original,sazonal_crescimento,2013-05-01,11,2014-04-01,34251.0045,35486.9658,-1235.9613,-3.4829
original,sazonal_crescimento,2013-05-01,12,2014-05-01,32801.9143,35309.2711,-2507.3568,-7.1011
original,sazonal_crescimento,2013-06-01,1,2013-07-01,32369.7339,32891.3969,-521.663,-1.586
original,sazonal_crescimento,2013-06-01,2,2013-08-01,34671.26,33964.2456,707.0144,2.0816
original,sazonal_crescimento,2013-06-01,3,2013-09-01,35352.1699,34766.6241,585.5458,1.6842
original,sazonal_crescimento,2013-06-01,4,2013-10-01,36660.8582,35404.5633,1256.295,3.5484
original,sazonal_crescimento,2013-06-01,5,2013-11-01,34393.7299,35381.6161,-987.8862,-2.7921
original,sazonal_crescimento,2013-06-01,6,2013-12-01,35975.194,35314.9921,660.2019,1.8695
original,sazonal_crescimento,2013-06-01,7,2014-01-01,34221.1658,38704.8608,-4483.6949,-11.5843
original,sazonal_crescimento,2013-06-01,8,2014-02-01,36496.9683,39855.2823,-3358.3141,-8.4263
original,sazonal_crescimento,2013-06-01,9,2014-03-01,35938.1942,37542.7446,-1604.5505,-4.2739
original,sazonal_crescimento,2013-06-01,10,2014-04-01,34311.3135,35486.9658,-1175.6523,-3.3129
original,sazonal_crescimento,2013-06-01,11,2014-05-01,32859.6718,35309.2711,-2449.5993,-6.9376
original,sazonal_crescimento,2013-06-01,12,2014-06-01,32782.8971,34120.949,-1338.0519,-3.9215
original,sazonal_crescimento,2013-07-01,1,2013-08-01,34740.0185,33964.2456,775.7729,2.2841
original,sazonal_crescimento,2013-07-01,2,2013-09-01,35422.2787,34766.6241,655.6546,1.8859
original,sazonal_crescimento,2013-07-01,3,2013-10-01,36733.5623,35404.5633,1328.9991,3.7538
original,sazonal_crescimento,2013-07-01,4,2013-11-01,34461.9379,35381.6161,-919.6781,-2.5993
original,sazonal_crescimento,2013-07-01,5,2013-12-01,36046.5383,35314.9921,731.5462,2.0715
original,sazonal_crescimento,2013-07-01,6,2014-01-01,34289.0317,38704.8608,-4415.8291,-11.409
original,sazonal_crescimento,2013-07-01,7,2014-02-01,36569.3474,39855.2823,-3285.935,-8.2447
original,sazonal_crescimento,2013-07-01,8,2014-03-01,36009.4651,37542.7446,-1533.2795,-4.0841
original,sazonal_crescimento,2013-07-01,9,2014-04-01,34379.3581,35486.9658,-1107.6077,-3.1212
original,sazonal_crescimento,2013-07-01,10,2014-05-01,32924.8376,35309.2711,-2384.4335,-6.753
original,sazonal_crescimento,2013-07-01,11,2014-06-01,32847.9107,34120.949,-1273.0383,-3.731
original,sazonal_crescimento,2013-07-01,12,2014-07-01,32770.7397,34146.1814,-1375.4418,-4.0281
original,sazonal_crescimento,2013-08-01,1,2013-09-01,35331.7409,34766.6241,565.1168,1.6255
original,sazonal_crescimento,2013-08-01,2,2013-10-01,36639.6729,35404.5633,1235.1096,3.4886
original,sazonal_crescimento,2013-08-01,3,2013-11-01,34373.8546,35381.6161,-1007.7614,-2.8483
original,sazonal_crescimento,2013-08-01,4,2013-12-01,35954.4049,35314.9921,639.4128,1.8106
original,sazonal_crescimento,2013-08-01,5,2014-01-01,34201.3903,38704.8608,-4503.4704,-11.6354
original,sazonal_crescimento,2013-08-01,6,2014-02-01,36475.8777,39855.2823,-3379.4047,-8.4792
original,sazonal_crescimento,2013-08-01,7,2014-03-01,35917.4264,37542.7446,-1625.3182,-4.3292
original,sazonal_crescimento,2013-08-01,8,2014-04-01,34291.4859,35486.9658,-1195.4799,-3.3688
original,sazonal_crescimento,2013-08-01,9,2014-05-01,32840.6831,35309.2711,-2468.588,-6.9913
original,sazonal_crescimento,2013-08-01,10,2014-06-01,32763.9528,34120.949,-1356.9962,-3.977
original,sazonal_crescimento,2013-08-01,11,2014-07-01,32686.979,34146.1814,-1459.2024,-4.2734
original,sazonal_crescimento,2013-08-01,12,2014-08-01,33753.16,34537.1042,-783.9442,-2.2699
original,sazonal_crescimento,2013-09-01,1,2013-10-01,36508.372,35404.5633,1103.8087,3.1177
original,sazonal_crescimento,2013-09-01,2,2013-11-01,34250.6735,35381.6161,-1130.9426,-3.1964
original,sazonal_crescimento,2013-09-01,3,2013-12-01,35825.5597,35314.9921,510.5675,1.4458
original,sazonal_crescimento,2013-09-01,4,2014-01-01,34078.8272,38704.8608,-4626.0336,-11.9521
original,sazonal_crescimento,2013-09-01,5,2014-02-01,36345.1637,39855.2823,-3510.1186,-8.8072
original,sazonal_crescimento,2013-09-01,6,2014-03-01,35788.7137,37542.7446,-1754.0309,-4.6721
original,sazonal_crescimento,2013-09-01,7,2014-04-01,34168.5999,35486.9658,-1318.3659,-3.7151
original,sazonal_crescimento,2013-09-01,8,2014-05-01,32722.9961,35309.2711,-2586.275,-7.3246
original,sazonal_crescimento,2013-09-01,9,2014-06-01,32646.5408,34120.949,-1474.4082,-4.3211
original,sazonal_crescimento,2013-09-01,10,2014-07-01,32569.8429,34146.1814,-1576.3386,-4.6164
original,sazonal_crescimento,2013-09-01,11,2014-08-01,33632.2031,34537.1042,-904.9011,-2.6201
original,sazonal_crescimento,2013-09-01,12,2014-09-01,34426.7374,36110.8825,-1684.1451,-4.6638
original,sazonal_crescimento,2013-10-01,1,2013-11-01,33933.7565,35381.6161,-1447.8595,-4.0921
original,sazonal_crescimento,2013-10-01,2,2013-12-01,35494.0706,35314.9921,179.0784,0.5071
original,sazonal_crescimento,2013-10-01,3,2014-01-01,33763.5003,38704.8608,-4941.3604,-12.7668
original,sazonal_crescimento,2013-10-01,4,2014-02-01,36008.8668,39855.2823,-3846.4156,-9.651
original,sazonal_crescimento,2013-10-01,5,2014-03-01,35457.5656,37542.7446,-2085.1791,-5.5541
original,sazonal_crescimento,2013-10-01,6,2014-04-01,33852.4424,35486.9658,-1634.5234,-4.606
original,sazonal_crescimento,2013-10-01,7,2014-05-01,32420.2146,35309.2711,-2889.0565,-8.1821
original,sazonal_crescimento,2013-10-01,8,2014-06-01,32344.4667,34120.949,-1776.4823,-5.2064
original,sazonal_crescimento,2013-10-01,9,2014-07-01,32268.4785,34146.1814,-1877.703,-5.499
original,sazonal_crescimento,2013-10-01,10,2014-08-01,33321.0088,34537.1042,-1216.0954,-3.5211
original,sazonal_crescimento,2013-10-01,11,2014-09-01,34108.1914,36110.8825,-2002.6911,-5.5459
original,sazonal_crescimento,2013-10-01,12,2014-10-01,34734.0489,37058.0356,-2323.9868,-6.2712
original,sazonal_crescimento,2013-11-01,1,2013-12-01,35574.6989,35314.9921,259.7067,0.7354
original,sazonal_crescimento,2013-11-01,2,2014-01-01,33840.1975,38704.8608,-4864.6633,-12.5686
original,sazonal_crescimento,2013-11-01,3,2014-02-01,36090.6645,39855.2823,-3764.6179,-9.4457
original,sazonal_crescimento,2013-11-01,4,2014-03-01,35538.1109,37542.7446,-2004.6337,-5.3396
original,sazonal_crescimento,2013-11-01,5,2014-04-01,33929.3416,35486.9658,-1557.6242,-4.3893
original,sazonal_crescimento,2013-11-01,6,2014-05-01,32493.8603,35309.2711,-2815.4108,-7.9736
original,sazonal_crescimento,2013-11-01,7,2014-06-01,32417.9404,34120.949,-1703.0086,-4.9911
original,sazonal_crescimento,2013-11-01,8,2014-07-01,32341.7795,34146.1814,-1804.4019,-5.2843
original,sazonal_crescimento,2013-11-01,9,2014-08-01,33396.7008,34537.1042,-1140.4034,-3.302
original,sazonal_crescimento,2013-11-01,10,2014-09-01,34185.6715,36110.8825,-1925.211,-5.3314
original,sazonal_crescimento,2013-11-01,11,2014-10-01,34812.9507,37058.0356,-2245.085,-6.0583
original,sazonal_crescimento,2013-11-01,12,2014-11-01,34790.3869,36280.763,-1490.3761,-4.1079
original,sazonal_crescimento,2013-12-01,1,2014-01-01,33682.6296,38704.8608,-5022.2312,-12.9757
original,sazonal_crescimento,2013-12-01,2,2014-02-01,35922.6179,39855.2823,-3932.6644,-9.8674
original,sazonal_crescimento,2013-12-01,3,2014-03-01,35372.6372,37542.7446,-2170.1075,-5.7804
original,sazonal_crescimento,2013-12-01,4,2014-04-01,33771.3586,35486.9658,-1715.6072,-4.8345
original,sazonal_crescimento,2013-12-01,5,2014-05-01,32342.5613,35309.2711,-2966.7098,-8.4021
original,sazonal_crescimento,2013-12-01,6,2014-06-01,32266.9948,34120.949,-1853.9542,-5.4335
original,sazonal_crescimento,2013-12-01,7,2014-07-01,32191.1886,34146.1814,-1954.9928,-5.7254
original,sazonal_crescimento,2013-12-01,8,2014-08-01,33241.198,34537.1042,-1295.9063,-3.7522
original,sazonal_crescimento,2013-12-01,9,2014-09-01,34026.495,36110.8825,-2084.3874,-5.7722
original,sazonal_crescimento,2013-12-01,10,2014-10-01,34650.8534,37058.0356,-2407.1822,-6.4957
original,sazonal_crescimento,2013-12-01,11,2014-11-01,34628.3947,36280.763,-1652.3683,-4.5544
original,sazonal_crescimento,2013-12-01,12,2014-12-01,34563.1891,36171.1909,-1608.0018,-4.4455
original,sazonal_crescimento,2014-01-01,1,2014-02-01,36355.4281,39855.2823,-3499.8543,-8.7814
original,sazonal_crescimento,2014-01-01,2,2014-03-01,35798.8209,37542.7446,-1743.9237,-4.6452
original,sazonal_crescimento,2014-01-01,3,2014-04-01,34178.2496,35486.9658,-1308.7162,-3.6879
original,sazonal_crescimento,2014-01-01,4,2014-05-01,32732.2375,35309.2711,-2577.0336,-7.2985
original,sazonal_crescimento,2014-01-01,5,2014-06-01,32655.7606,34120.949,-1465.1884,-4.2941
original,sazonal_crescimento,2014-01-01,6,2014-07-01,32579.041,34146.1814,-1567.1404,-4.5895
original,sazonal_crescimento,2014-01-01,7,2014-08-01,33641.7013,34537.1042,-895.4029,-2.5926
original,sazonal_crescimento,2014-01-01,8,2014-09-01,34436.4599,36110.8825,-1674.4225,-4.6369
original,sazonal_crescimento,2014-01-01,9,2014-10-01,35068.3409,37058.0356,-1989.6948,-5.3691
original,sazonal_crescimento,2014-01-01,10,2014-11-01,35045.6116,36280.763,-1235.1514,-3.4044
original,sazonal_crescimento,2014-01-01,11,2014-12-01,34979.6204,36171.1909,-1191.5706,-3.2943
original,sazonal_crescimento,2014-01-01,12,2015-01-01,38337.2968,40467.7143,-2130.4175,-5.2645
original,sazonal_crescimento,2014-02-01,1,2014-03-01,36159.7859,37542.7446,-1382.9587,-3.6837
original,sazonal_crescimento,2014-02-01,2,2014-04-01,34522.8741,35486.9658,-964.0917,-2.7167
original,sazonal_crescimento,2014-02-01,3,2014-05-01,33062.2817,35309.2711,-2246.9894,-6.3637
original,sazonal_crescimento,2014-02-01,4,2014-06-01,32985.0336,34120.949,-1135.9154,-3.3291
original,sazonal_crescimento,2014-02-01,5,2014-07-01,32907.5405,34146.1814,-1238.6409,-3.6275
original,sazonal_crescimento,2014-02-01,6,2014-08-01,33980.9157,34537.1042,-556.1885,-1.6104
original,sazonal_crescimento,2014-02-01,7,2014-09-01,34783.688,36110.8825,-1327.1944,-3.6753
original,sazonal_crescimento,2014-02-01,8,2014-10-01,35421.9403,37058.0356,-1636.0953,-4.415
original,sazonal_crescimento,2014-02-01,9,2014-11-01,35398.9818,36280.763,-881.7811,-2.4304
original,sazonal_crescimento,2014-02-01,10,2014-12-01,35332.3252,36171.1909,-838.8657,-2.3192
original,sazonal_crescimento,2014-02-01,11,2015-01-01,38723.8576,40467.7143,-1743.8567,-4.3093
original,sazonal_crescimento,2014-02-01,12,2015-02-01,39874.8439,39133.7826,741.0613,1.8937
original,sazonal_crescimento,2014-03-01,1,2014-04-01,34801.8587,35486.9658,-685.1071,-1.9306
original,sazonal_crescimento,2014-03-01,2,2014-05-01,33329.463,35309.2711,-1979.8081,-5.607
original,sazonal_crescimento,2014-03-01,3,2014-06-01,33251.5907,34120.949,-869.3583,-2.5479
original,sazonal_crescimento,2014-03-01,4,2014-07-01,33173.4713,34146.1814,-972.7101,-2.8487
original,sazonal_crescimento,2014-03-01,5,2014-08-01,34255.5207,34537.1042,-281.5836,-0.8153
original,sazonal_crescimento,2014-03-01,6,2014-09-01,35064.7803,36110.8825,-1046.1022,-2.8969
original,sazonal_crescimento,2014-03-01,7,2014-10-01,35708.1904,37058.0356,-1349.8452,-3.6425
original,sazonal_crescimento,2014-03-01,8,2014-11-01,35685.0464,36280.763,-595.7166,-1.642
original,sazonal_crescimento,2014-03-01,9,2014-12-01,35617.8511,36171.1909,-553.3398,-1.5298
original,sazonal_crescimento,2014-03-01,10,2015-01-01,39036.791,40467.7143,-1430.9233,-3.536
original,sazonal_crescimento,2014-03-01,11,2015-02-01,40197.0785,39133.7826,1063.2959,2.7171
original,sazonal_crescimento,2014-03-01,12,2015-03-01,37864.7086,38210.4323,-345.7237,-0.9048
original,sazonal_crescimento,2014-04-01,1,2014-05-01,33559.9827,35309.2711,-1749.2883,-4.9542
original,sazonal_crescimento,2014-04-01,2,2014-06-01,33481.5718,34120.949,-639.3772,-1.8739
original,sazonal_crescimento,2014-04-01,3,2014-07-01,33402.9121,34146.1814,-743.2693,-2.1767
original,sazonal_crescimento,2014-04-01,4,2014-08-01,34492.4454,34537.1042,-44.6588,-0.1293
original,sazonal_crescimento,2014-04-01,5,2014-09-01,35307.3022,36110.8825,-803.5803,-2.2253
original,sazonal_crescimento,2014-04-01,6,2014-10-01,35955.1624,37058.0356,-1102.8733,-2.9761
original,sazonal_crescimento,2014-04-01,7,2014-11-01,35931.8583,36280.763,-348.9047,-0.9617
original,sazonal_crescimento,2014-04-01,8,2014-12-01,35864.1982,36171.1909,-306.9927,-0.8487
original,sazonal_crescimento,2014-04-01,9,2015-01-01,39306.7849,40467.7143,-1160.9294,-2.8688
original,sazonal_crescimento,2014-04-01,10,2015-02-01,40475.0974,39133.7826,1341.3148,3.4275
original,sazonal_crescimento,2014-04-01,11,2015-03-01,38126.5959,38210.4323,-83.8364,-0.2194
original,sazonal_crescimento,2014-04-01,12,2015-04-01,36038.8464,35760.8064,278.04,0.7775
original,sazonal_crescimento,2014-05-01,1,2014-06-01,33739.8228,34120.949,-381.1262,-1.117
original,sazonal_crescimento,2014-05-01,2,2014-07-01,33660.5564,34146.1814,-485.6251,-1.4222
original,sazonal_crescimento,2014-05-01,3,2014-08-01,34758.4934,34537.1042,221.3892,0.641
original,sazonal_crescimento,2014-05-01,4,2014-09-01,35579.6354,36110.8825,-531.2471,-1.4712
original,sazonal_crescimento,2014-05-01,5,2014-10-01,36232.4927,37058.0356,-825.543,-2.2277
original,sazonal_crescimento,2014-05-01,6,2014-11-01,36209.0088,36280.763,-71.7542,-0.1978
original,sazonal_crescimento,2014-05-01,7,2014-12-01,36140.8269,36171.1909,-30.364,-0.0839
original,sazonal_crescimento,2014-05-01,8,2015-01-01,39609.967,40467.7143,-857.7473,-2.1196
original,sazonal_crescimento,2014-05-01,9,2015-02-01,40787.291,39133.7826,1653.5084,4.2253
original,sazonal_crescimento,2014-05-01,10,2015-03-01,38420.675,38210.4323,210.2427,0.5502
original,sazonal_crescimento,2014-05-01,11,2015-04-01,36316.8221,35760.8064,556.0158,1.5548
original,sazonal_crescimento,2014-05-01,12,2015-05-01,36134.9721,33218.0308,2916.9412,8.7812
original,sazonal_crescimento,2014-06-01,1,2014-07-01,33705.0861,34146.1814,-441.0953,-1.2918
original,sazonal_crescimento,2014-06-01,2,2014-08-01,34804.4756,34537.1042,267.3714,0.7742
original,sazonal_crescimento,2014-06-01,3,2014-09-01,35626.7039,36110.8825,-484.1786,-1.3408
original,sazonal_crescimento,2014-06-01,4,2014-10-01,36280.4248,37058.0356,-777.6108,-2.0984
original,sazonal_crescimento,2014-06-01,5,2014-11-01,36256.9099,36280.763,-23.8531,-0.0657
original,sazonal_crescimento,2014-06-01,6,2014-12-01,36188.6378,36171.1909,17.4469,0.0482
original,sazonal_crescimento,2014-06-01,7,2015-01-01,39662.3672,40467.7143,-805.3471,-1.9901
original,sazonal_crescimento,2014-06-01,8,2015-02-01,40841.2487,39133.7826,1707.4661,4.3632
original,sazonal_crescimento,2014-06-01,9,2015-03-01,38471.5019,38210.4323,261.0696,0.6832
original,sazonal_crescimento,2014-06-01,10,2015-04-01,36364.8659,35760.8064,604.0595,1.6892
original,sazonal_crescimento,2014-06-01,11,2015-05-01,36182.7752,33218.0308,2964.7444,8.9251
original,sazonal_crescimento,2014-06-01,12,2015-06-01,34965.0556,32475.565,2489.4906,7.6657
original,sazonal_crescimento,2014-07-01,1,2014-08-01,34878.1556,34537.1042,341.0514,0.9875
original,sazonal_crescimento,2014-07-01,2,2014-09-01,35702.1245,36110.8825,-408.758,-1.132
original,sazonal_crescimento,2014-07-01,3,2014-10-01,36357.2293,37058.0356,-700.8063,-1.8911
original,sazonal_crescimento,2014-07-01,4,2014-11-01,36333.6647,36280.763,52.9017,0.1458
original,sazonal_crescimento,2014-07-01,5,2014-12-01,36265.248,36171.1909,94.0571,0.26
original,sazonal_crescimento,2014-07-01,6,2015-01-01,39746.3312,40467.7143,-721.3831,-1.7826
original,sazonal_crescimento,2014-07-01,7,2015-02-01,40927.7084,39133.7826,1793.9258,4.5841
original,sazonal_crescimento,2014-07-01,8,2015-03-01,38552.9449,38210.4323,342.5126,0.8964
original,sazonal_crescimento,2014-07-01,9,2015-04-01,36441.8491,35760.8064,681.0428,1.9044
original,sazonal_crescimento,2014-07-01,10,2015-05-01,36259.373,33218.0308,3041.3422,9.1557
original,sazonal_crescimento,2014-07-01,11,2015-06-01,35039.0756,32475.565,2563.5106,7.8937
original,sazonal_crescimento,2014-07-01,12,2015-07-01,35064.9869,33015.5469,2049.44,6.2075
original,sazonal_crescimento,2014-08-01,1,2014-09-01,35827.0078,36110.8825,-283.8746,-0.7861
original,sazonal_crescimento,2014-08-01,2,2014-10-01,36484.4042,37058.0356,-573.6315,-1.5479
original,sazonal_crescimento,2014-08-01,3,2014-11-01,36460.7571,36280.763,179.9941,0.4961
original,sazonal_crescimento,2014-08-01,4,2014-12-01,36392.1011,36171.1909,220.9102,0.6107
original,sazonal_crescimento,2014-08-01,5,2015-01-01,39885.3609,40467.7143,-582.3534,-1.4391
original,sazonal_crescimento,2014-08-01,6,2015-02-01,41070.8704,39133.7826,1937.0878,4.9499
original,sazonal_crescimento,2014-08-01,7,2015-03-01,38687.8002,38210.4323,477.3679,1.2493
original,sazonal_crescimento,2014-08-01,8,2015-04-01,36569.32,35760.8064,808.5136,2.2609
original,sazonal_crescimento,2014-08-01,9,2015-05-01,36386.2056,33218.0308,3168.1747,9.5375
original,sazonal_crescimento,2014-08-01,10,2015-06-01,35161.6396,32475.565,2686.0746,8.2711
original,sazonal_crescimento,2014-08-01,11,2015-07-01,35187.6416,33015.5469,2172.0947,6.579
original,sazonal_crescimento,2014-08-01,12,2015-08-01,35590.4876,33889.707,1700.7806,5.0186
original,sazonal_crescimento,2014-09-01,1,2014-10-01,36667.2933,37058.0356,-390.7423,-1.0544
original,sazonal_crescimento,2014-09-01,2,2014-11-01,36643.5277,36280.763,362.7647,0.9999
original,sazonal_crescimento,2014-09-01,3,2014-12-01,36574.5276,36171.1909,403.3367,1.1151
original,sazonal_crescimento,2014-09-01,4,2015-01-01,40085.2984,40467.7143,-382.4159,-0.945
original,sazonal_crescimento,2014-09-01,5,2015-02-01,41276.7506,39133.7826,2142.968,5.476
original,sazonal_crescimento,2014-09-01,6,2015-03-01,38881.7345,38210.4323,671.3022,1.7569
original,sazonal_crescimento,2014-09-01,7,2015-04-01,36752.6348,35760.8064,991.8285,2.7735
original,sazonal_crescimento,2014-09-01,8,2015-05-01,36568.6025,33218.0308,3350.5716,10.0866
original,sazonal_crescimento,2014-09-01,9,2015-06-01,35337.898,32475.565,2862.333,8.8138
original,sazonal_crescimento,2014-09-01,10,2015-07-01,35364.0304,33015.5469,2348.4834,7.1133
original,sazonal_crescimento,2014-09-01,11,2015-08-01,35768.8957,33889.707,1879.1887,5.545
original,sazonal_crescimento,2014-09-01,12,2015-09-01,37398.8039,35495.7658,1903.0382,5.3613
original,sazonal_crescimento,2014-10-01,1,2014-11-01,36913.4119,36280.763,632.6489,1.7438
original,sazonal_crescimento,2014-10-01,2,2014-12-01,36843.9036,36171.1909,672.7127,1.8598
original,sazonal_crescimento,2014-10-01,3,2015-01-01,40380.5317,40467.7143,-87.1826,-0.2154
original,sazonal_crescimento,2014-10-01,4,2015-02-01,41580.7591,39133.7826,2446.9765,6.2528
original,sazonal_crescimento,2014-10-01,5,2015-03-01,39168.1034,38210.4323,957.6711,2.5063
original,sazonal_crescimento,2014-10-01,6,2015-04-01,37023.3226,35760.8064,1262.5163,3.5304
original,sazonal_crescimento,2014-10-01,7,2015-05-01,36837.9349,33218.0308,3619.904,10.8974
original,sazonal_crescimento,2014-10-01,8,2015-06-01,35598.1661,32475.565,3122.6011,9.6152
original,sazonal_crescimento,2014-10-01,9,2015-07-01,35624.4909,33015.5469,2608.944,7.9022
original,sazonal_crescimento,2014-10-01,10,2015-08-01,36032.3382,33889.707,2142.6312,6.3224
original,sazonal_crescimento,2014-10-01,11,2015-09-01,37674.2509,35495.7658,2178.4851,6.1373
original,sazonal_crescimento,2014-10-01,12,2015-10-01,38662.4097,36637.6374,2024.7723,5.5265
original,sazonal_crescimento,2014-11-01,1,2014-12-01,36850.0129,36171.1909,678.822,1.8767
original,sazonal_crescimento,2014-11-01,2,2015-01-01,40387.2274,40467.7143,-80.4869,-0.1989
original,sazonal_crescimento,2014-11-01,3,2015-02-01,41587.6539,39133.7826,2453.8713,6.2705
original,sazonal_crescimento,2014-11-01,4,2015-03-01,39174.5981,38210.4323,964.1658,2.5233
original,sazonal_crescimento,2014-11-01,5,2015-04-01,37029.4617,35760.8064,1268.6553,3.5476
original,sazonal_crescimento,2014-11-01,6,2015-05-01,36844.0432,33218.0308,3626.0124,10.9158
original,sazonal_crescimento,2014-11-01,7,2015-06-01,35604.0689,32475.565,3128.5039,9.6334
original,sazonal_crescimento,2014-11-01,8,2015-07-01,35630.3981,33015.5469,2614.8511,7.9201
original,sazonal_crescimento,2014-11-01,9,2015-08-01,36038.3129,33889.707,2148.6059,6.34
original,sazonal_crescimento,2014-11-01,10,2015-09-01,37680.4979,35495.7658,2184.7321,6.1549
original,sazonal_crescimento,2014-11-01,11,2015-10-01,38668.8205,36637.6374,2031.1831,5.544
original,sazonal_crescimento,2014-11-01,12,2015-11-01,37857.7625,36322.0451,1535.7174,4.2281
original,sazonal_crescimento,2014-12-01,1,2015-01-01,40550.9901,40467.7143,83.2758,0.2058
original,sazonal_crescimento,2014-12-01,2,2015-02-01,41756.284,39133.7826,2622.5015,6.7014
original,sazonal_crescimento,2014-12-01,3,2015-03-01,39333.4438,38210.4323,1123.0115,2.939
original,sazonal_crescimento,2014-12-01,4,2015-04-01,37179.6092,35760.8064,1418.8029,3.9675
original,sazonal_crescimento,2014-12-01,5,2015-05-01,36993.4389,33218.0308,3775.4081,11.3655
original,sazonal_crescimento,2014-12-01,6,2015-06-01,35748.4367,32475.565,3272.8717,10.078
original,sazonal_crescimento,2014-12-01,7,2015-07-01,35774.8727,33015.5469,2759.3257,8.3577
original,sazonal_crescimento,2014-12-01,8,2015-08-01,36184.4415,33889.707,2294.7346,6.7712
original,sazonal_crescimento,2014-12-01,9,2015-09-01,37833.2852,35495.7658,2337.5195,6.5853
original,sazonal_crescimento,2014-12-01,10,2015-10-01,38825.6154,36637.6374,2187.978,5.9719
original,sazonal_crescimento,2014-12-01,11,2015-11-01,38011.2687,36322.0451,1689.2235,4.6507
original,sazonal_crescimento,2014-12-01,12,2015-12-01,37896.4703,36608.2814,1288.1889,3.5188
original,sazonal_crescimento,2015-01-01,1,2015-02-01,41496.972,39133.7826,2363.1894,6.0387
original,sazonal_crescimento,2015-01-01,2,2015-03-01,39089.1779,38210.4323,878.7456,2.2998
original,sazonal_crescimento,2015-01-01,3,2015-04-01,36948.7189,35760.8064,1187.9126,3.3218
original,sazonal_crescimento,2015-01-01,4,2015-05-01,36763.7047,33218.0308,3545.6739,10.6739
original,sazonal_crescimento,2015-01-01,5,2015-06-01,35526.4342,32475.565,3050.8691,9.3944
original,sazonal_crescimento,2015-01-01,6,2015-07-01,35552.7059,33015.5469,2537.159,7.6847
original,sazonal_crescimento,2015-01-01,7,2015-08-01,35959.7313,33889.707,2070.0244,6.1081
original,sazonal_crescimento,2015-01-01,8,2015-09-01,37598.3355,35495.7658,2102.5697,5.9234
original,sazonal_crescimento,2015-01-01,9,2015-10-01,38584.5031,36637.6374,1946.8657,5.3138
original,sazonal_crescimento,2015-01-01,10,2015-11-01,37775.2136,36322.0451,1453.1685,4.0008
original,sazonal_crescimento,2015-01-01,11,2015-12-01,37661.1281,36608.2814,1052.8468,2.876
original,sazonal_crescimento,2015-01-01,12,2016-01-01,42134.6308,36556.0508,5578.58,15.2603
original,sazonal_crescimento,2015-02-01,1,2015-03-01,38733.8883,38210.4323,523.456,1.3699
original,sazonal_crescimento,2015-02-01,2,2015-04-01,36612.8844,35760.8064,852.078,2.3827
original,sazonal_crescimento,2015-02-01,3,2015-05-01,36429.5518,33218.0308,3211.521,9.668
original,sazonal_crescimento,2015-02-01,4,2015-06-01,35203.5271,32475.565,2727.9621,8.4
original,sazonal_crescimento,2015-02-01,5,2015-07-01,35229.5601,33015.5469,2214.0131,6.706
original,sazonal_crescimento,2015-02-01,6,2015-08-01,35632.8859,33889.707,1743.1789,5.1437
original,sazonal_crescimento,2015-02-01,7,2015-09-01,37256.5965,35495.7658,1760.8307,4.9607
original,sazonal_crescimento,2015-02-01,8,2015-10-01,38233.8006,36637.6374,1596.1632,4.3566
original,sazonal_crescimento,2015-02-01,9,2015-11-01,37431.8669,36322.0451,1109.8218,3.0555
original,sazonal_crescimento,2015-02-01,10,2015-12-01,37318.8184,36608.2814,710.537,1.9409
original,sazonal_crescimento,2015-02-01,11,2016-01-01,41751.6604,36556.0508,5195.6096,14.2127
original,sazonal_crescimento,2015-02-01,12,2016-02-01,40375.4062,39524.4383,850.9678,2.153
original,sazonal_crescimento,2015-03-01,1,2015-04-01,36547.8684,35760.8064,787.062,2.2009
original,sazonal_crescimento,2015-03-01,2,2015-05-01,36364.8613,33218.0308,3146.8305,9.4733
original,sazonal_crescimento,2015-03-01,3,2015-06-01,35141.0137,32475.565,2665.4487,8.2076
original,sazonal_crescimento,2015-03-01,4,2015-07-01,35167.0005,33015.5469,2151.4535,6.5165
original,sazonal_crescimento,2015-03-01,5,2015-08-01,35569.6101,33889.707,1679.9031,4.957
original,sazonal_crescimento,2015-03-01,6,2015-09-01,37190.4374,35495.7658,1694.6716,4.7743
original,sazonal_crescimento,2015-03-01,7,2015-10-01,38165.9062,36637.6374,1528.2688,4.1713
original,sazonal_crescimento,2015-03-01,8,2015-11-01,37365.3966,36322.0451,1043.3514,2.8725
original,sazonal_crescimento,2015-03-01,9,2015-12-01,37252.5488,36608.2814,644.2674,1.7599
original,sazonal_crescimento,2015-03-01,10,2016-01-01,41677.5191,36556.0508,5121.4683,14.0099
original,sazonal_crescimento,2015-03-01,11,2016-02-01,40303.7088,39524.4383,779.2704,1.9716
original,sazonal_crescimento,2015-03-01,12,2016-03-01,39352.7544,38455.003,897.7514,2.3346
original,sazonal_crescimento,2015-04-01,1,2015-05-01,36303.7184,33218.0308,3085.6875,9.2892
original,sazonal_crescimento,2015-04-01,2,2015-06-01,35081.9285,32475.565,2606.3635,8.0256
original,sazonal_crescimento,2015-04-01,3,2015-07-01,35107.8716,33015.5469,2092.3246,6.3374
original,sazonal_crescimento,2015-04-01,4,2015-08-01,35509.8043,33889.707,1620.0973,4.7805
original,sazonal_crescimento,2015-04-01,5,2015-09-01,37127.9063,35495.7658,1632.1405,4.5981
original,sazonal_crescimento,2015-04-01,6,2015-10-01,38101.735,36637.6374,1464.0976,3.9962
original,sazonal_crescimento,2015-04-01,7,2015-11-01,37302.5713,36322.0451,980.5262,2.6995
original,sazonal_crescimento,2015-04-01,8,2015-12-01,37189.9133,36608.2814,581.6319,1.5888
original,sazonal_crescimento,2015-04-01,9,2016-01-01,41607.4436,36556.0508,5051.3928,13.8182
original,sazonal_crescimento,2015-04-01,10,2016-02-01,40235.9431,39524.4383,711.5048,1.8002
original,sazonal_crescimento,2015-04-01,11,2016-03-01,39286.5877,38455.003,831.5846,2.1625
original,sazonal_crescimento,2015-04-01,12,2016-04-01,36767.9707,37695.7025,-927.7319,-2.4611
original,sazonal_crescimento,2015-05-01,1,2015-06-01,34729.3657,32475.565,2253.8007,6.94
original,sazonal_crescimento,2015-05-01,2,2015-07-01,34755.048,33015.5469,1739.5011,5.2687
original,sazonal_crescimento,2015-05-01,3,2015-08-01,35152.9414,33889.707,1263.2345,3.7275
original,sazonal_crescimento,2015-05-01,4,2015-09-01,36754.782,35495.7658,1259.0162,3.5469
original,sazonal_crescimento,2015-05-01,5,2015-10-01,37718.824,36637.6374,1081.1867,2.951
original,sazonal_crescimento,2015-05-01,6,2015-11-01,36927.6917,36322.0451,605.6466,1.6674
original,sazonal_crescimento,2015-05-01,7,2015-12-01,36816.1658,36608.2814,207.8845,0.5679
original,sazonal_crescimento,2015-05-01,8,2016-01-01,41189.3013,36556.0508,4633.2505,12.6744
original,sazonal_crescimento,2015-05-01,9,2016-02-01,39831.584,39524.4383,307.1457,0.7771
original,sazonal_crescimento,2015-05-01,10,2016-03-01,38891.7693,38455.003,436.7663,1.1358
original,sazonal_crescimento,2015-05-01,11,2016-04-01,36398.4636,37695.7025,-1297.2389,-3.4413
original,sazonal_crescimento,2015-05-01,12,2016-05-01,33810.3474,33979.3809,-169.0334,-0.4975
original,sazonal_crescimento,2015-06-01,1,2015-07-01,34530.6137,33015.5469,1515.0668,4.5889
original,sazonal_crescimento,2015-06-01,2,2015-08-01,34925.9377,33889.707,1036.2307,3.0577
original,sazonal_crescimento,2015-06-01,3,2015-09-01,36517.4342,35495.7658,1021.6684,2.8783
original,sazonal_crescimento,2015-06-01,4,2015-10-01,37475.2508,36637.6374,837.6134,2.2862
original,sazonal_crescimento,2015-06-01,5,2015-11-01,36689.2273,36322.0451,367.1822,1.0109
original,sazonal_crescimento,2015-06-01,6,2015-12-01,36578.4216,36608.2814,-29.8598,-0.0816
original,sazonal_crescimento,2015-06-01,7,2016-01-01,40923.3171,36556.0508,4367.2663,11.9468
original,sazonal_crescimento,2015-06-01,8,2016-02-01,39574.3674,39524.4383,49.9291,0.1263
original,sazonal_crescimento,2015-06-01,9,2016-03-01,38640.6217,38455.003,185.6186,0.4827
original,sazonal_crescimento,2015-06-01,10,2016-04-01,36163.4168,37695.7025,-1532.2857,-4.0649
original,sazonal_crescimento,2015-06-01,11,2016-05-01,33592.0136,33979.3809,-387.3673,-1.14
original,sazonal_crescimento,2015-06-01,12,2016-06-01,32841.1888,33271.7115,-430.5227,-1.294
original,sazonal_crescimento,2015-07-01,1,2015-08-01,34733.2081,33889.707,843.5012,2.489
original,sazonal_crescimento,2015-07-01,2,2015-09-01,36315.9224,35495.7658,820.1566,2.3106
original,sazonal_crescimento,2015-07-01,3,2015-10-01,37268.4536,36637.6374,630.8162,1.7218
original,sazonal_crescimento,2015-07-01,4,2015-11-01,36486.7675,36322.0451,164.7224,0.4535
original,sazonal_crescimento,2015-07-01,5,2015-12-01,36376.5733,36608.2814,-231.7081,-0.6329
original,sazonal_crescimento,2015-07-01,6,2016-01-01,40697.4926,36556.0508,4141.4418,11.329
original,sazonal_crescimento,2015-07-01,7,2016-02-01,39355.9868,39524.4383,-168.4516,-0.4262
original,sazonal_crescimento,2015-07-01,8,2016-03-01,38427.3936,38455.003,-27.6094,-0.0718
original,sazonal_crescimento,2015-07-01,9,2016-04-01,35963.8586,37695.7025,-1731.844,-4.5943
original,sazonal_crescimento,2015-07-01,10,2016-05-01,33406.645,33979.3809,-572.7359,-1.6855
original,sazonal_crescimento,2015-07-01,11,2016-06-01,32659.9634,33271.7115,-611.7481,-1.8386
original,sazonal_crescimento,2015-07-01,12,2016-07-01,33203.0114,33182.5985,20.4129,0.0615
original,sazonal_crescimento,2015-08-01,1,2015-09-01,36213.3099,35495.7658,717.5441,2.0215
original,sazonal_crescimento,2015-08-01,2,2015-10-01,37163.1497,36637.6374,525.5123,1.4344
original,sazonal_crescimento,2015-08-01,3,2015-11-01,36383.6723,36322.0451,61.6272,0.1697
original,sazonal_crescimento,2015-08-01,4,2015-12-01,36273.7895,36608.2814,-334.4919,-0.9137
original,sazonal_crescimento,2015-08-01,5,2016-01-01,40582.4998,36556.0508,4026.449,11.0145
original,sazonal_crescimento,2015-08-01,6,2016-02-01,39244.7844,39524.4383,-279.6539,-0.7075
original,sazonal_crescimento,2015-08-01,7,2016-03-01,38318.8151,38455.003,-136.188,-0.3541
original,sazonal_crescimento,2015-08-01,8,2016-04-01,35862.2408,37695.7025,-1833.4617,-4.8638
original,sazonal_crescimento,2015-08-01,9,2016-05-01,33312.2528,33979.3809,-667.1281,-1.9633
original,sazonal_crescimento,2015-08-01,10,2016-06-01,32567.681,33271.7115,-704.0305,-2.116
original,sazonal_crescimento,2015-08-01,11,2016-07-01,33109.1946,33182.5985,-73.4039,-0.2212
original,sazonal_crescimento,2015-08-01,12,2016-08-01,33985.8341,34310.1087,-324.2745,-0.9451
original,sazonal_crescimento,2015-09-01,1,2015-10-01,36994.7095,36637.6374,357.0722,0.9746
original,sazonal_crescimento,2015-09-01,2,2015-11-01,36218.7651,36322.0451,-103.28,-0.2843
original,sazonal_crescimento,2015-09-01,3,2015-12-01,36109.3803,36608.2814,-498.9011,-1.3628
original,sazonal_crescimento,2015-09-01,4,2016-01-01,40398.5616,36556.0508,3842.5108,10.5113
original,sazonal_crescimento,2015-09-01,5,2016-02-01,39066.9094,39524.4383,-457.529,-1.1576
original,sazonal_crescimento,2015-09-01,6,2016-03-01,38145.1369,38455.003,-309.8661,-0.8058
original,sazonal_crescimento,2015-09-01,7,2016-04-01,35699.697,37695.7025,-1996.0055,-5.295
original,sazonal_crescimento,2015-09-01,8,2016-05-01,33161.2667,33979.3809,-818.1142,-2.4077
original,sazonal_crescimento,2015-09-01,9,2016-06-01,32420.0696,33271.7115,-851.6419,-2.5597
original,sazonal_crescimento,2015-09-01,10,2016-07-01,32959.1288,33182.5985,-223.4697,-0.6735
original,sazonal_crescimento,2015-09-01,11,2016-08-01,33831.795,34310.1087,-478.3136,-1.3941
original,sazonal_crescimento,2015-09-01,12,2016-09-01,35435.1094,34770.657,664.4523,1.911
original,sazonal_crescimento,2015-10-01,1,2015-11-01,36045.4614,36322.0451,-276.5837,-0.7615
original,sazonal_crescimento,2015-10-01,2,2015-12-01,35936.6,36608.2814,-671.6814,-1.8348
original,sazonal_crescimento,2015-10-01,3,2016-01-01,40205.258,36556.0508,3649.2072,9.9825
original,sazonal_crescimento,2015-10-01,4,2016-02-01,38879.9775,39524.4383,-644.4608,-1.6305
original,sazonal_crescimento,2015-10-01,5,2016-03-01,37962.6157,38455.003,-492.3873,-1.2804
original,sazonal_crescimento,2015-10-01,6,2016-04-01,35528.877,37695.7025,-2166.8255,-5.7482
original,sazonal_crescimento,2015-10-01,7,2016-05-01,33002.5928,33979.3809,-976.788,-2.8746
original,sazonal_crescimento,2015-10-01,8,2016-06-01,32264.9423,33271.7115,-1006.7692,-3.0259
original,sazonal_crescimento,2015-10-01,9,2016-07-01,32801.4222,33182.5985,-381.1763,-1.1487
original,sazonal_crescimento,2015-10-01,10,2016-08-01,33669.9128,34310.1087,-640.1959,-1.8659
original,sazonal_crescimento,2015-10-01,11,2016-09-01,35265.5554,34770.657,494.8983,1.4233
original,sazonal_crescimento,2015-10-01,12,2016-10-01,36400.0213,35154.594,1245.4273,3.5427
original,sazonal_crescimento,2015-11-01,1,2015-12-01,35865.6648,36608.2814,-742.6166,-2.0285
original,sazonal_crescimento,2015-11-01,2,2016-01-01,40125.8969,36556.0508,3569.8461,9.7654
original,sazonal_crescimento,2015-11-01,3,2016-02-01,38803.2325,39524.4383,-721.2059,-1.8247
original,sazonal_crescimento,2015-11-01,4,2016-03-01,37887.6814,38455.003,-567.3216,-1.4753
original,sazonal_crescimento,2015-11-01,5,2016-04-01,35458.7466,37695.7025,-2236.9559,-5.9342
original,sazonal_crescimento,2015-11-01,6,2016-05-01,32937.4491,33979.3809,-1041.9318,-3.0664
original,sazonal_crescimento,2015-11-01,7,2016-06-01,32201.2546,33271.7115,-1070.4569,-3.2173
original,sazonal_crescimento,2015-11-01,8,2016-07-01,32736.6755,33182.5985,-445.9229,-1.3438
original,sazonal_crescimento,2015-11-01,9,2016-08-01,33603.4518,34310.1087,-706.6569,-2.0596
original,sazonal_crescimento,2015-11-01,10,2016-09-01,35195.9448,34770.657,425.2877,1.2231
original,sazonal_crescimento,2015-11-01,11,2016-10-01,36328.1714,35154.594,1173.5774,3.3383
original,sazonal_crescimento,2015-11-01,12,2016-11-01,36015.2448,34743.5067,1271.7381,3.6604
original,sazonal_crescimento,2015-12-01,1,2016-01-01,40087.6089,36556.0508,3531.5581,9.6607
original,sazonal_crescimento,2015-12-01,2,2016-02-01,38766.2065,39524.4383,-758.2318,-1.9184
original,sazonal_crescimento,2015-12-01,3,2016-03-01,37851.5291,38455.003,-603.4739,-1.5693
original,sazonal_crescimento,2015-12-01,4,2016-04-01,35424.912,37695.7025,-2270.7905,-6.024
original,sazonal_crescimento,2015-12-01,5,2016-05-01,32906.0203,33979.3809,-1073.3606,-3.1589
original,sazonal_crescimento,2015-12-01,6,2016-06-01,32170.5283,33271.7115,-1101.1832,-3.3097
original,sazonal_crescimento,2015-12-01,7,2016-07-01,32705.4383,33182.5985,-477.1602,-1.438
original,sazonal_crescimento,2015-12-01,8,2016-08-01,33571.3875,34310.1087,-738.7212,-2.1531
original,sazonal_crescimento,2015-12-01,9,2016-09-01,35162.3609,34770.657,391.7039,1.1265
original,sazonal_crescimento,2015-12-01,10,2016-10-01,36293.5072,35154.594,1138.9132,3.2397
original,sazonal_crescimento,2015-12-01,11,2016-11-01,35980.8792,34743.5067,1237.3725,3.5614
original,sazonal_crescimento,2015-12-01,12,2016-12-01,36264.4269,35760.8785,503.5484,1.4081
original,sazonal_crescimento,2016-01-01,1,2016-02-01,38259.6317,39524.4383,-1264.8067,-3.2001
original,sazonal_crescimento,2016-01-01,2,2016-03-01,37356.9067,38455.003,-1098.0963,-2.8555
original,sazonal_crescimento,2016-01-01,3,2016-04-01,34961.9993,37695.7025,-2733.7032,-7.252
original,sazonal_crescimento,2016-01-01,4,2016-05-01,32476.023,33979.3809,-1503.3578,-4.4243
original,sazonal_crescimento,2016-01-01,5,2016-06-01,31750.142,33271.7115,-1521.5695,-4.5732
original,sazonal_crescimento,2016-01-01,6,2016-07-01,32278.0621,33182.5985,-904.5364,-2.7259
original,sazonal_crescimento,2016-01-01,7,2016-08-01,33132.6956,34310.1087,-1177.4131,-3.4317
original,sazonal_crescimento,2016-01-01,8,2016-09-01,34702.8791,34770.657,-67.778,-0.1949
original,sazonal_crescimento,2016-01-01,9,2016-10-01,35819.2441,35154.594,664.6501,1.8906
original,sazonal_crescimento,2016-01-01,10,2016-11-01,35510.7014,34743.5067,767.1947,2.2082
original,sazonal_crescimento,2016-01-01,11,2016-12-01,35790.5439,35760.8785,29.6654,0.083
original,sazonal_crescimento,2016-01-01,12,2017-01-01,35739.48,38977.4158,-3237.9358,-8.3072
original,sazonal_crescimento,2016-02-01,1,2016-03-01,37452.8816,38455.003,-1002.1215,-2.606
original,sazonal_crescimento,2016-02-01,2,2016-04-01,35051.8213,37695.7025,-2643.8812,-7.0137
original,sazonal_crescimento,2016-02-01,3,2016-05-01,32559.4583,33979.3809,-1419.9226,-4.1788
original,sazonal_crescimento,2016-02-01,4,2016-06-01,31831.7124,33271.7115,-1439.9991,-4.328
original,sazonal_crescimento,2016-02-01,5,2016-07-01,32360.9887,33182.5985,-821.6097,-2.476
original,sazonal_crescimento,2016-02-01,6,2016-08-01,33217.8179,34310.1087,-1092.2908,-3.1836
original,sazonal_crescimento,2016-02-01,7,2016-09-01,34792.0354,34770.657,21.3783,0.0615
original,sazonal_crescimento,2016-02-01,8,2016-10-01,35911.2685,35154.594,756.6745,2.1524
original,sazonal_crescimento,2016-02-01,9,2016-11-01,35601.9331,34743.5067,858.4264,2.4708
original,sazonal_crescimento,2016-02-01,10,2016-12-01,35882.4945,35760.8785,121.616,0.3401
original,sazonal_crescimento,2016-02-01,11,2017-01-01,35831.2994,38977.4158,-3146.1164,-8.0716
original,sazonal_crescimento,2016-02-01,12,2017-02-01,38740.8365,40063.0993,-1322.2628,-3.3005
original,sazonal_crescimento,2016-03-01,1,2016-04-01,35018.2824,37695.7025,-2677.4201,-7.1027
original,sazonal_crescimento,2016-03-01,2,2016-05-01,32528.3041,33979.3809,-1451.0768,-4.2705
original,sazonal_crescimento,2016-03-01,3,2016-06-01,31801.2546,33271.7115,-1470.4569,-4.4195
original,sazonal_crescimento,2016-03-01,4,2016-07-01,32330.0245,33182.5985,-852.574,-2.5693
original,sazonal_crescimento,2016-03-01,5,2016-08-01,33186.0338,34310.1087,-1124.0749,-3.2762
original,sazonal_crescimento,2016-03-01,6,2016-09-01,34758.745,34770.657,-11.912,-0.0343
original,sazonal_crescimento,2016-03-01,7,2016-10-01,35876.9072,35154.594,722.3133,2.0547
original,sazonal_crescimento,2016-03-01,8,2016-11-01,35567.8678,34743.5067,824.3612,2.3727
original,sazonal_crescimento,2016-03-01,9,2016-12-01,35848.1608,35760.8785,87.2823,0.2441
original,sazonal_crescimento,2016-03-01,10,2017-01-01,35797.0147,38977.4158,-3180.4011,-8.1596
original,sazonal_crescimento,2016-03-01,11,2017-02-01,38703.7677,40063.0993,-1359.3315,-3.393
original,sazonal_crescimento,2016-03-01,12,2017-03-01,37656.5378,39435.9515,-1779.4137,-4.5122
original,sazonal_crescimento,2016-04-01,1,2016-05-01,32654.9105,33979.3809,-1324.4704,-3.8979
original,sazonal_crescimento,2016-04-01,2,2016-06-01,31925.0311,33271.7115,-1346.6804,-4.0475
original,sazonal_crescimento,2016-04-01,3,2016-07-01,32455.8592,33182.5985,-726.7393,-2.1901
original,sazonal_crescimento,2016-04-01,4,2016-08-01,33315.2002,34310.1087,-994.9085,-2.8998
original,sazonal_crescimento,2016-04-01,5,2016-09-01,34894.0327,34770.657,123.3757,0.3548
original,sazonal_crescimento,2016-04-01,6,2016-10-01,36016.547,35154.594,861.953,2.4519
original,sazonal_crescimento,2016-04-01,7,2016-11-01,35706.3048,34743.5067,962.7981,2.7712
original,sazonal_crescimento,2016-04-01,8,2016-12-01,35987.6887,35760.8785,226.8102,0.6342
original,sazonal_crescimento,2016-04-01,9,2017-01-01,35936.3435,38977.4158,-3041.0723,-7.8021
original,sazonal_crescimento,2016-04-01,10,2017-02-01,38854.4102,40063.0993,-1208.6891,-3.017
original,sazonal_crescimento,2016-04-01,11,2017-03-01,37803.1042,39435.9515,-1632.8473,-4.1405
original,sazonal_crescimento,2016-04-01,12,2017-04-01,37056.6756,35806.0063,1250.6693,3.4929
original,sazonal_crescimento,2016-05-01,1,2016-06-01,32135.2445,33271.7115,-1136.467,-3.4157
original,sazonal_crescimento,2016-05-01,2,2016-07-01,32669.5678,33182.5985,-513.0307,-1.5461
original,sazonal_crescimento,2016-05-01,3,2016-08-01,33534.5673,34310.1087,-775.5414,-2.2604
original,sazonal_crescimento,2016-05-01,4,2016-09-01,35123.7957,34770.657,353.1387,1.0156
original,sazonal_crescimento,2016-05-01,5,2016-10-01,36253.7013,35154.594,1099.1073,3.1265
original,sazonal_crescimento,2016-05-01,6,2016-11-01,35941.4163,34743.5067,1197.9096,3.4479
original,sazonal_crescimento,2016-05-01,7,2016-12-01,36224.653,35760.8785,463.7745,1.2969
original,sazonal_crescimento,2016-05-01,8,2017-01-01,36172.9697,38977.4158,-2804.4461,-7.1951
original,sazonal_crescimento,2016-05-01,9,2017-02-01,39110.2507,40063.0993,-952.8486,-2.3784
original,sazonal_crescimento,2016-05-01,10,2017-03-01,38052.0223,39435.9515,-1383.9292,-3.5093
original,sazonal_crescimento,2016-05-01,11,2017-04-01,37300.6787,35806.0063,1494.6724,4.1744
original,sazonal_crescimento,2016-05-01,12,2017-05-01,33623.3014,34414.136,-790.8345,-2.298
original,sazonal_crescimento,2016-06-01,1,2016-07-01,32854.1726,33182.5985,-328.4259,-0.9898
original,sazonal_crescimento,2016-06-01,2,2016-08-01,33724.0599,34310.1087,-586.0488,-1.7081
original,sazonal_crescimento,2016-06-01,3,2016-09-01,35322.2686,34770.657,551.6115,1.5864
original,sazonal_crescimento,2016-06-01,4,2016-10-01,36458.5589,35154.594,1303.9649,3.7092
original,sazonal_crescimento,2016-06-01,5,2016-11-01,36144.5092,34743.5067,1401.0025,4.0324
original,sazonal_crescimento,2016-06-01,6,2016-12-01,36429.3464,35760.8785,668.4679,1.8693
original,sazonal_crescimento,2016-06-01,7,2017-01-01,36377.3711,38977.4158,-2600.0447,-6.6706
original,sazonal_crescimento,2016-06-01,8,2017-02-01,39331.2496,40063.0993,-731.8496,-1.8267
original,sazonal_crescimento,2016-06-01,9,2017-03-01,38267.0416,39435.9515,-1168.91,-2.9641
original,sazonal_crescimento,2016-06-01,10,2017-04-01,37511.4524,35806.0063,1705.4461,4.763
original,sazonal_crescimento,2016-06-01,11,2017-05-01,33813.2955,34414.136,-600.8405,-1.7459
original,sazonal_crescimento,2016-06-01,12,2017-06-01,33109.0851,33858.7829,-749.6978,-2.2142
original,sazonal_crescimento,2016-07-01,1,2016-08-01,33825.3246,34310.1087,-484.784,-1.4129
original,sazonal_crescimento,2016-07-01,2,2016-09-01,35428.3323,34770.657,657.6753,1.8915
original,sazonal_crescimento,2016-07-01,3,2016-10-01,36568.0346,35154.594,1413.4406,4.0206
original,sazonal_crescimento,2016-07-01,4,2016-11-01,36253.0419,34743.5067,1509.5353,4.3448
original,sazonal_crescimento,2016-07-01,5,2016-12-01,36538.7344,35760.8785,777.8559,2.1752
original,sazonal_crescimento,2016-07-01,6,2017-01-01,36486.603,38977.4158,-2490.8128,-6.3904
original,sazonal_crescimento,2016-07-01,7,2017-02-01,39449.3514,40063.0993,-613.7479,-1.532
original,sazonal_crescimento,2016-07-01,8,2017-03-01,38381.9477,39435.9515,-1054.0038,-2.6727
original,sazonal_crescimento,2016-07-01,9,2017-04-01,37624.0897,35806.0063,1818.0834,5.0776
original,sazonal_crescimento,2016-07-01,10,2017-05-01,33914.8282,34414.136,-499.3078,-1.4509
original,sazonal_crescimento,2016-07-01,11,2017-06-01,33208.5032,33858.7829,-650.2797,-1.9206
original,sazonal_crescimento,2016-07-01,12,2017-07-01,33119.5595,32552.0376,567.5219,1.7434
original,sazonal_crescimento,2016-08-01,1,2016-09-01,35516.0103,34770.657,745.3532,2.1436
original,sazonal_crescimento,2016-08-01,2,2016-10-01,36658.5331,35154.594,1503.9391,4.2781
original,sazonal_crescimento,2016-08-01,3,2016-11-01,36342.7609,34743.5067,1599.2542,4.603
original,sazonal_crescimento,2016-08-01,4,2016-12-01,36629.1604,35760.8785,868.2819,2.428
original,sazonal_crescimento,2016-08-01,5,2017-01-01,36576.9,38977.4158,-2400.5158,-6.1587
original,sazonal_crescimento,2016-08-01,6,2017-02-01,39546.9805,40063.0993,-516.1187,-1.2883
original,sazonal_crescimento,2016-08-01,7,2017-03-01,38476.9353,39435.9515,-959.0162,-2.4318
original,sazonal_crescimento,2016-08-01,8,2017-04-01,37717.2017,35806.0063,1911.1954,5.3376
original,sazonal_crescimento,2016-08-01,9,2017-05-01,33998.7605,34414.136,-415.3754,-1.207
original,sazonal_crescimento,2016-08-01,10,2017-06-01,33290.6875,33858.7829,-568.0953,-1.6778
original,sazonal_crescimento,2016-08-01,11,2017-07-01,33201.5237,32552.0376,649.4861,1.9952
original,sazonal_crescimento,2016-08-01,12,2017-08-01,34329.677,33822.7218,506.9552,1.4989
original,sazonal_crescimento,2016-09-01,1,2016-10-01,36649.2168,35154.594,1494.6228,4.2516
original,sazonal_crescimento,2016-09-01,2,2016-11-01,36333.5248,34743.5067,1590.0181,4.5764
original,sazonal_crescimento,2016-09-01,3,2016-12-01,36619.8515,35760.8785,858.973,2.402
original,sazonal_crescimento,2016-09-01,4,2017-01-01,36567.6044,38977.4158,-2409.8114,-6.1826
original,sazonal_crescimento,2016-09-01,5,2017-02-01,39536.9301,40063.0993,-526.1691,-1.3134
original,sazonal_crescimento,2016-09-01,6,2017-03-01,38467.1568,39435.9515,-968.7947,-2.4566
original,sazonal_crescimento,2016-09-01,7,2017-04-01,37707.6163,35806.0063,1901.61,5.3109
original,sazonal_crescimento,2016-09-01,8,2017-05-01,33990.1201,34414.136,-424.0158,-1.2321
original,sazonal_crescimento,2016-09-01,9,2017-06-01,33282.2271,33858.7829,-576.5558,-1.7028
original,sazonal_crescimento,2016-09-01,10,2017-07-01,33193.0859,32552.0376,641.0483,1.9693
original,sazonal_crescimento,2016-09-01,11,2017-08-01,34320.9525,33822.7218,498.2307,1.4731
original,sazonal_crescimento,2016-09-01,12,2017-09-01,34781.6464,35533.9745,-752.3282,-2.1172
original,sazonal_crescimento,2016-10-01,1,2016-11-01,36243.9322,34743.5067,1500.4256,4.3186
original,sazonal_crescimento,2016-10-01,2,2016-12-01,36529.5529,35760.8785,768.6744,2.1495
original,sazonal_crescimento,2016-10-01,3,2017-01-01,36477.4346,38977.4158,-2499.9811,-6.4139
original,sazonal_crescimento,2016-10-01,4,2017-02-01,39439.4385,40063.0993,-623.6608,-1.5567
original,sazonal_crescimento,2016-10-01,5,2017-03-01,38372.3031,39435.9515,-1063.6484,-2.6972
original,sazonal_crescimento,2016-10-01,6,2017-04-01,37614.6355,35806.0063,1808.6292,5.0512
original,sazonal_crescimento,2016-10-01,7,2017-05-01,33906.306,34414.136,-507.8299,-1.4756
original,sazonal_crescimento,2016-10-01,8,2017-06-01,33200.1585,33858.7829,-658.6243,-1.9452
original,sazonal_crescimento,2016-10-01,9,2017-07-01,33111.2371,32552.0376,559.1996,1.7179
original,sazonal_crescimento,2016-10-01,10,2017-08-01,34236.3226,33822.7218,413.6008,1.2228
original,sazonal_crescimento,2016-10-01,11,2017-09-01,34695.8805,35533.9745,-838.094,-2.3586
original,sazonal_crescimento,2016-10-01,12,2017-10-01,35078.9918,36565.8335,-1486.8417,-4.0662
original,sazonal_crescimento,2016-11-01,1,2016-12-01,36391.9117,35760.8785,631.0332,1.7646
original,sazonal_crescimento,2016-11-01,2,2017-01-01,36339.9898,38977.4158,-2637.426,-6.7665
original,sazonal_crescimento,2016-11-01,3,2017-02-01,39290.833,40063.0993,-772.2663,-1.9276
original,sazonal_crescimento,2016-11-01,4,2017-03-01,38227.7185,39435.9515,-1208.2331,-3.0638
original,sazonal_crescimento,2016-11-01,5,2017-04-01,37472.9057,35806.0063,1666.8994,4.6554
original,sazonal_crescimento,2016-11-01,6,2017-05-01,33778.549,34414.136,-635.5869,-1.8469
original,sazonal_crescimento,2016-11-01,7,2017-06-01,33075.0623,33858.7829,-783.7206,-2.3147
original,sazonal_crescimento,2016-11-01,8,2017-07-01,32986.4759,32552.0376,434.4384,1.3346
original,sazonal_crescimento,2016-11-01,9,2017-08-01,34107.3221,33822.7218,284.6003,0.8414
original,sazonal_crescimento,2016-11-01,10,2017-09-01,34565.1484,35533.9745,-968.8261,-2.7265
original,sazonal_crescimento,2016-11-01,11,2017-10-01,34946.8162,36565.8335,-1619.0173,-4.4277
original,sazonal_crescimento,2016-11-01,12,2017-11-01,34538.1585,35790.6351,-1252.4766,-3.4995
original,sazonal_crescimento,2016-12-01,1,2017-01-01,36231.3216,38977.4158,-2746.0942,-7.0453
original,sazonal_crescimento,2016-12-01,2,2017-02-01,39173.3408,40063.0993,-889.7585,-2.2209
original,sazonal_crescimento,2016-12-01,3,2017-03-01,38113.4053,39435.9515,-1322.5462,-3.3537
original,sazonal_crescimento,2016-12-01,4,2017-04-01,37360.8497,35806.0063,1554.8434,4.3424
original,sazonal_crescimento,2016-12-01,5,2017-05-01,33677.5404,34414.136,-736.5956,-2.1404
original,sazonal_crescimento,2016-12-01,6,2017-06-01,32976.1572,33858.7829,-882.6256,-2.6068
original,sazonal_crescimento,2016-12-01,7,2017-07-01,32887.8358,32552.0376,335.7982,1.0316
original,sazonal_crescimento,2016-12-01,8,2017-08-01,34005.3303,33822.7218,182.6085,0.5399
original,sazonal_crescimento,2016-12-01,9,2017-09-01,34461.7876,35533.9745,-1072.187,-3.0174
original,sazonal_crescimento,2016-12-01,10,2017-10-01,34842.314,36565.8335,-1723.5195,-4.7135
original,sazonal_crescimento,2016-12-01,11,2017-11-01,34434.8784,35790.6351,-1355.7567,-3.788
original,sazonal_crescimento,2016-12-01,12,2017-12-01,35443.2129,36736.4746,-1293.2617,-3.5204
original,sazonal_crescimento,2017-01-01,1,2017-02-01,39755.8876,40063.0993,-307.2117,-0.7668
original,sazonal_crescimento,2017-01-01,2,2017-03-01,38680.1898,39435.9515,-755.7617,-1.9164
original,sazonal_crescimento,2017-01-01,3,2017-04-01,37916.443,35806.0063,2110.4366,5.8941
original,sazonal_crescimento,2017-01-01,4,2017-05-01,34178.3591,34414.136,-235.7769,-0.6851
original,sazonal_crescimento,2017-01-01,5,2017-06-01,33466.5457,33858.7829,-392.2372,-1.1585
original,sazonal_crescimento,2017-01-01,6,2017-07-01,33376.9108,32552.0376,824.8733,2.534
original,sazonal_crescimento,2017-01-01,7,2017-08-01,34511.0236,33822.7218,688.3018,2.035
original,sazonal_crescimento,2017-01-01,8,2017-09-01,34974.2689,35533.9745,-559.7057,-1.5751
original,sazonal_crescimento,2017-01-01,9,2017-10-01,35360.4541,36565.8335,-1205.3794,-3.2965
original,sazonal_crescimento,2017-01-01,10,2017-11-01,34946.9595,35790.6351,-843.6756,-2.3573
original,sazonal_crescimento,2017-01-01,11,2017-12-01,35970.2889,36736.4746,-766.1857,-2.0856
original,sazonal_crescimento,2017-01-01,12,2018-01-01,39205.6618,39014.7803,190.8814,0.4893
original,sazonal_crescimento,2017-02-01,1,2017-03-01,38693.291,39435.9515,-742.6605,-1.8832
original,sazonal_crescimento,2017-02-01,2,2017-04-01,37929.2855,35806.0063,2123.2792,5.93
original,sazonal_crescimento,2017-02-01,3,2017-05-01,34189.9355,34414.136,-224.2005,-0.6515
original,sazonal_crescimento,2017-02-01,4,2017-06-01,33477.881,33858.7829,-380.9018,-1.125
original,sazonal_crescimento,2017-02-01,5,2017-07-01,33388.2158,32552.0376,836.1782,2.5687
original,sazonal_crescimento,2017-02-01,6,2017-08-01,34522.7127,33822.7218,699.9909,2.0696
original,sazonal_crescimento,2017-02-01,7,2017-09-01,34986.1148,35533.9745,-547.8597,-1.5418
original,sazonal_crescimento,2017-02-01,8,2017-10-01,35372.4309,36565.8335,-1193.4026,-3.2637
original,sazonal_crescimento,2017-02-01,9,2017-11-01,34958.7962,35790.6351,-831.8389,-2.3242
original,sazonal_crescimento,2017-02-01,10,2017-12-01,35982.4722,36736.4746,-754.0024,-2.0525
original,sazonal_crescimento,2017-02-01,11,2018-01-01,39218.9409,39014.7803,204.1606,0.5233
original,sazonal_crescimento,2017-02-01,12,2018-02-01,40311.3519,38534.2142,1777.1377,4.6118
original,sazonal_crescimento,2017-03-01,1,2017-04-01,37994.014,35806.0063,2188.0077,6.1107
original,sazonal_crescimento,2017-03-01,2,2017-05-01,34248.2826,34414.136,-165.8534,-0.4819
original,sazonal_crescimento,2017-03-01,3,2017-06-01,33535.013,33858.7829,-323.7699,-0.9562
original,sazonal_crescimento,2017-03-01,4,2017-07-01,33445.1947,32552.0376,893.1571,2.7438
original,sazonal_crescimento,2017-03-01,5,2017-08-01,34581.6277,33822.7218,758.9059,2.2438
original,sazonal_crescimento,2017-03-01,6,2017-09-01,35045.8207,35533.9745,-488.1539,-1.3738
original,sazonal_crescimento,2017-03-01,7,2017-10-01,35432.796,36565.8335,-1133.0375,-3.0986
original,sazonal_crescimento,2017-03-01,8,2017-11-01,35018.4554,35790.6351,-772.1797,-2.1575
original,sazonal_crescimento,2017-03-01,9,2017-12-01,36043.8784,36736.4746,-692.5962,-1.8853
original,sazonal_crescimento,2017-03-01,10,2018-01-01,39285.8703,39014.7803,271.09,0.6948
original,sazonal_crescimento,2017-03-01,11,2018-02-01,40380.1456,38534.2142,1845.9314,4.7904
original,sazonal_crescimento,2017-03-01,12,2018-03-01,39748.0347,40027.9812,-279.9465,-0.6994
original,sazonal_crescimento,2017-04-01,1,2017-05-01,33944.7714,34414.136,-469.3646,-1.3639
original,sazonal_crescimento,2017-04-01,2,2017-06-01,33237.8228,33858.7829,-620.96,-1.834
original,sazonal_crescimento,2017-04-01,3,2017-07-01,33148.8005,32552.0376,596.763,1.8333
original,sazonal_crescimento,2017-04-01,4,2017-08-01,34275.1623,33822.7218,452.4406,1.3377
original,sazonal_crescimento,2017-04-01,5,2017-09-01,34735.2416,35533.9745,-798.7329,-2.2478
original,sazonal_crescimento,2017-04-01,6,2017-10-01,35118.7875,36565.8335,-1447.046,-3.9574
original,sazonal_crescimento,2017-04-01,7,2017-11-01,34708.1189,35790.6351,-1082.5162,-3.0246
original,sazonal_crescimento,2017-04-01,8,2017-12-01,35724.4545,36736.4746,-1012.0201,-2.7548
original,sazonal_crescimento,2017-04-01,9,2018-01-01,38937.7156,39014.7803,-77.0647,-0.1975
original,sazonal_crescimento,2017-04-01,10,2018-02-01,40022.2933,38534.2142,1488.0791,3.8617
original,sazonal_crescimento,2017-04-01,11,2018-03-01,39395.7843,40027.9812,-632.197,-1.5794
original,sazonal_crescimento,2017-04-01,12,2018-04-01,35769.5363,36668.6995,-899.1631,-2.4521
original,sazonal_crescimento,2017-05-01,1,2017-06-01,33212.6505,33858.7829,-646.1323,-1.9083
original,sazonal_crescimento,2017-05-01,2,2017-07-01,33123.6957,32552.0376,571.6581,1.7561
original,sazonal_crescimento,2017-05-01,3,2017-08-01,34249.2044,33822.7218,426.4827,1.2609
original,sazonal_crescimento,2017-05-01,4,2017-09-01,34708.9353,35533.9745,-825.0393,-2.3218
original,sazonal_crescimento,2017-05-01,5,2017-10-01,35092.1907,36565.8335,-1473.6428,-4.0301
original,sazonal_crescimento,2017-05-01,6,2017-11-01,34681.8331,35790.6351,-1108.802,-3.098
original,sazonal_crescimento,2017-05-01,7,2017-12-01,35697.399,36736.4746,-1039.0756,-2.8285
original,sazonal_crescimento,2017-05-01,8,2018-01-01,38908.2266,39014.7803,-106.5537,-0.2731
original,sazonal_crescimento,2017-05-01,9,2018-02-01,39991.9828,38534.2142,1457.7687,3.7831
original,sazonal_crescimento,2017-05-01,10,2018-03-01,39365.9483,40027.9812,-662.0329,-1.6539
original,sazonal_crescimento,2017-05-01,11,2018-04-01,35742.4467,36668.6995,-926.2528,-2.526
original,sazonal_crescimento,2017-05-01,12,2018-05-01,34353.0471,34197.8245,155.2226,0.4539
original,sazonal_crescimento,2017-06-01,1,2017-07-01,33107.7246,32552.0376,555.687,1.7071
original,sazonal_crescimento,2017-06-01,2,2017-08-01,34232.6906,33822.7218,409.9689,1.2121
original,sazonal_crescimento,2017-06-01,3,2017-09-01,34692.1998,35533.9745,-841.7747,-2.3689
original,sazonal_crescimento,2017-06-01,4,2017-10-01,35075.2704,36565.8335,-1490.5631,-4.0764
original,sazonal_crescimento,2017-06-01,5,2017-11-01,34665.1107,35790.6351,-1125.5244,-3.1447
original,sazonal_crescimento,2017-06-01,6,2017-12-01,35680.1869,36736.4746,-1056.2877,-2.8753
original,sazonal_crescimento,2017-06-01,7,2018-01-01,38889.4663,39014.7803,-125.314,-0.3212
original,sazonal_crescimento,2017-06-01,8,2018-02-01,39972.7001,38534.2142,1438.4859,3.733
original,sazonal_crescimento,2017-06-01,9,2018-03-01,39346.9674,40027.9812,-681.0138,-1.7013
original,sazonal_crescimento,2017-06-01,10,2018-04-01,35725.2129,36668.6995,-943.4866,-2.573
original,sazonal_crescimento,2017-06-01,11,2018-05-01,34336.4832,34197.8245,138.6587,0.4055
original,sazonal_crescimento,2017-06-01,12,2018-06-01,33782.3832,33858.1352,-75.752,-0.2237
original,sazonal_crescimento,2017-07-01,1,2017-08-01,34169.317,33822.7218,346.5952,1.0247
original,sazonal_crescimento,2017-07-01,2,2017-09-01,34627.9755,35533.9745,-905.9991,-2.5497
original,sazonal_crescimento,2017-07-01,3,2017-10-01,35010.3369,36565.8335,-1555.4966,-4.254
original,sazonal_crescimento,2017-07-01,4,2017-11-01,34600.9365,35790.6351,-1189.6986,-3.3241
original,sazonal_crescimento,2017-07-01,5,2017-12-01,35614.1336,36736.4746,-1122.3411,-3.0551
original,sazonal_crescimento,2017-07-01,6,2018-01-01,38817.4718,39014.7803,-197.3086,-0.5057
original,sazonal_crescimento,2017-07-01,7,2018-02-01,39898.7001,38534.2142,1364.486,3.541
original,sazonal_crescimento,2017-07-01,8,2018-03-01,39274.1259,40027.9812,-753.8554,-1.8833
original,sazonal_crescimento,2017-07-01,9,2018-04-01,35659.0762,36668.6995,-1009.6233,-2.7534
original,sazonal_crescimento,2017-07-01,10,2018-05-01,34272.9174,34197.8245,75.0929,0.2196
original,sazonal_crescimento,2017-07-01,11,2018-06-01,33719.8432,33858.1352,-138.2921,-0.4084
original,sazonal_crescimento,2017-07-01,12,2018-07-01,32418.4601,33919.2557,-1500.7956,-4.4246
original,sazonal_crescimento,2017-08-01,1,2017-09-01,34555.0551,35533.9745,-978.9194,-2.7549
original,sazonal_crescimento,2017-08-01,2,2017-10-01,34936.6114,36565.8335,-1629.2221,-4.4556
original,sazonal_crescimento,2017-08-01,3,2017-11-01,34528.0731,35790.6351,-1262.562,-3.5276
original,sazonal_crescimento,2017-08-01,4,2017-12-01,35539.1365,36736.4746,-1197.3381,-3.2593
original,sazonal_crescimento,2017-08-01,5,2018-01-01,38735.7291,39014.7803,-279.0513,-0.7152
original,sazonal_crescimento,2017-08-01,6,2018-02-01,39814.6806,38534.2142,1280.4664,3.3229
original,sazonal_crescimento,2017-08-01,7,2018-03-01,39191.4215,40027.9812,-836.5597,-2.0899
original,sazonal_crescimento,2017-08-01,8,2018-04-01,35583.9845,36668.6995,-1084.715,-2.9581
original,sazonal_crescimento,2017-08-01,9,2018-05-01,34200.7447,34197.8245,2.9202,0.0085
original,sazonal_crescimento,2017-08-01,10,2018-06-01,33648.8352,33858.1352,-209.3001,-0.6182
original,sazonal_crescimento,2017-08-01,11,2018-07-01,32350.1926,33919.2557,-1569.0631,-4.6259
original,sazonal_crescimento,2017-08-01,12,2018-08-01,33612.9977,34465.4632,-852.4655,-2.4734
original,sazonal_crescimento,2017-09-01,1,2017-10-01,35057.5604,36565.8335,-1508.2731,-4.1248
original,sazonal_crescimento,2017-09-01,2,2017-11-01,34647.6078,35790.6351,-1143.0274,-3.1936
original,sazonal_crescimento,2017-09-01,3,2017-12-01,35662.1714,36736.4746,-1074.3032,-2.9244
original,sazonal_crescimento,2017-09-01,4,2018-01-01,38869.8305,39014.7803,-144.9499,-0.3715
original,sazonal_crescimento,2017-09-01,5,2018-02-01,39952.5172,38534.2142,1418.3031,3.6806
original,sazonal_crescimento,2017-09-01,6,2018-03-01,39327.1005,40027.9812,-700.8807,-1.751
original,sazonal_crescimento,2017-09-01,7,2018-04-01,35707.1747,36668.6995,-961.5248,-2.6222
original,sazonal_crescimento,2017-09-01,8,2018-05-01,34319.1462,34197.8245,121.3217,0.3548
original,sazonal_crescimento,2017-09-01,9,2018-06-01,33765.326,33858.1352,-92.8093,-0.2741
original,sazonal_crescimento,2017-09-01,10,2018-07-01,32462.1875,33919.2557,-1457.0682,-4.2957
original,sazonal_crescimento,2017-09-01,11,2018-08-01,33729.3644,34465.4632,-736.0988,-2.1358
original,sazonal_crescimento,2017-09-01,12,2018-09-01,35435.8938,35488.2045,-52.3107,-0.1474
original,sazonal_crescimento,2017-10-01,1,2017-11-01,34881.2238,35790.6351,-909.4113,-2.5409
original,sazonal_crescimento,2017-10-01,2,2017-12-01,35902.6283,36736.4746,-833.8463,-2.2698
original,sazonal_crescimento,2017-10-01,3,2018-01-01,39131.9154,39014.7803,117.1351,0.3002
original,sazonal_crescimento,2017-10-01,4,2018-02-01,40221.9023,38534.2142,1687.6882,4.3797
original,sazonal_crescimento,2017-10-01,5,2018-03-01,39592.2687,40027.9812,-435.7126,-1.0885
original,sazonal_crescimento,2017-10-01,6,2018-04-01,35947.935,36668.6995,-720.7645,-1.9656
original,sazonal_crescimento,2017-10-01,7,2018-05-01,34550.5475,34197.8245,352.723,1.0314
original,sazonal_crescimento,2017-10-01,8,2018-06-01,33992.9931,33858.1352,134.8579,0.3983
original,sazonal_crescimento,2017-10-01,9,2018-07-01,32681.0681,33919.2557,-1238.1876,-3.6504
original,sazonal_crescimento,2017-10-01,10,2018-08-01,33956.7891,34465.4632,-508.6742,-1.4759
original,sazonal_crescimento,2017-10-01,11,2018-09-01,35674.825,35488.2045,186.6205,0.5259
original,sazonal_crescimento,2017-10-01,12,2018-10-01,36710.774,36868.9276,-158.1535,-0.429
original,sazonal_crescimento,2017-11-01,1,2017-12-01,36122.4052,36736.4746,-614.0694,-1.6716
original,sazonal_crescimento,2017-11-01,2,2018-01-01,39371.4603,39014.7803,356.68,0.9142
original,sazonal_crescimento,2017-11-01,3,2018-02-01,40468.1196,38534.2142,1933.9054,5.0187
original,sazonal_crescimento,2017-11-01,4,2018-03-01,39834.6316,40027.9812,-193.3496,-0.483
original,sazonal_crescimento,2017-11-01,5,2018-04-01,36167.9893,36668.6995,-500.7102,-1.3655
original,sazonal_crescimento,2017-11-01,6,2018-05-01,34762.0477,34197.8245,564.2232,1.6499
original,sazonal_crescimento,2017-11-01,7,2018-06-01,34201.0802,33858.1352,342.945,1.0129
original,sazonal_crescimento,2017-11-01,8,2018-07-01,32881.1243,33919.2557,-1038.1314,-3.0606
original,sazonal_crescimento,2017-11-01,9,2018-08-01,34164.6546,34465.4632,-300.8086,-0.8728
original,sazonal_crescimento,2017-11-01,10,2018-09-01,35893.2074,35488.2045,405.0029,1.1412
original,sazonal_crescimento,2017-11-01,11,2018-10-01,36935.498,36868.9276,66.5704,0.1806
original,sazonal_crescimento,2017-11-01,12,2018-11-01,36152.4627,36725.6111,-573.1484,-1.5606
original,sazonal_crescimento,2017-12-01,1,2018-01-01,39538.491,39014.7803,523.7107,1.3423
original,sazonal_crescimento,2017-12-01,2,2018-02-01,40639.8028,38534.2142,2105.5886,5.4642
original,sazonal_crescimento,2017-12-01,3,2018-03-01,40003.6273,40027.9812,-24.3539,-0.0608
original,sazonal_crescimento,2017-12-01,4,2018-04-01,36321.4295,36668.6995,-347.27,-0.947
original,sazonal_crescimento,2017-12-01,5,2018-05-01,34909.5233,34197.8245,711.6988,2.0811
original,sazonal_crescimento,2017-12-01,6,2018-06-01,34346.176,33858.1352,488.0408,1.4414
original,sazonal_crescimento,2017-12-01,7,2018-07-01,33020.6203,33919.2557,-898.6355,-2.6493
original,sazonal_crescimento,2017-12-01,8,2018-08-01,34309.5958,34465.4632,-155.8674,-0.4522
original,sazonal_crescimento,2017-12-01,9,2018-09-01,36045.4819,35488.2045,557.2774,1.5703
original,sazonal_crescimento,2017-12-01,10,2018-10-01,37092.1943,36868.9276,223.2667,0.6056
original,sazonal_crescimento,2017-12-01,11,2018-11-01,36305.837,36725.6111,-419.7741,-1.143
original,sazonal_crescimento,2017-12-01,12,2018-12-01,37265.2917,38158.3807,-893.089,-2.3405
original,sazonal_crescimento,2018-01-01,1,2018-02-01,40414.3468,38534.2142,1880.1326,4.8791
original,sazonal_crescimento,2018-01-01,2,2018-03-01,39781.7006,40027.9812,-246.2807,-0.6153
original,sazonal_crescimento,2018-01-01,3,2018-04-01,36119.9304,36668.6995,-548.7691,-1.4966
original,sazonal_crescimento,2018-01-01,4,2018-05-01,34715.857,34197.8245,518.0325,1.5148
original,sazonal_crescimento,2018-01-01,5,2018-06-01,34155.6349,33858.1352,297.4997,0.8787
original,sazonal_crescimento,2018-01-01,6,2018-07-01,32837.4329,33919.2557,-1081.8228,-3.1894
original,sazonal_crescimento,2018-01-01,7,2018-08-01,34119.2576,34465.4632,-346.2056,-1.0045
original,sazonal_crescimento,2018-01-01,8,2018-09-01,35845.5136,35488.2045,357.3091,1.0068
original,sazonal_crescimento,2018-01-01,9,2018-10-01,36886.4192,36868.9276,17.4917,0.0474
original,sazonal_crescimento,2018-01-01,10,2018-11-01,36104.4244,36725.6111,-621.1867,-1.6914
original,sazonal_crescimento,2018-01-01,11,2018-12-01,37058.5564,38158.3807,-1099.8243,-2.8823
original,sazonal_crescimento,2018-01-01,12,2019-01-01,39356.8368,42133.9275,-2777.0907,-6.5911
original,sazonal_crescimento,2018-02-01,1,2018-03-01,39591.8107,40027.9812,-436.1705,-1.0897
original,sazonal_crescimento,2018-02-01,2,2018-04-01,35947.5192,36668.6995,-721.1803,-1.9667
original,sazonal_crescimento,2018-02-01,3,2018-05-01,34550.1479,34197.8245,352.3234,1.0303
original,sazonal_crescimento,2018-02-01,4,2018-06-01,33992.5999,33858.1352,134.4647,0.3971
original,sazonal_crescimento,2018-02-01,5,2018-07-01,32680.6901,33919.2557,-1238.5656,-3.6515
original,sazonal_crescimento,2018-02-01,6,2018-08-01,33956.3963,34465.4632,-509.0669,-1.477
original,sazonal_crescimento,2018-02-01,7,2018-09-01,35674.4123,35488.2045,186.2078,0.5247
original,sazonal_crescimento,2018-02-01,8,2018-10-01,36710.3494,36868.9276,-158.5782,-0.4301
original,sazonal_crescimento,2018-02-01,9,2018-11-01,35932.0873,36725.6111,-793.5238,-2.1607
original,sazonal_crescimento,2018-02-01,10,2018-12-01,36881.6649,38158.3807,-1276.7158,-3.3458
original,sazonal_crescimento,2018-02-01,11,2019-01-01,39168.975,42133.9275,-2964.9526,-7.037
original,sazonal_crescimento,2018-02-01,12,2019-02-01,38686.5095,40667.0042,-1980.4947,-4.87
original,sazonal_crescimento,2018-03-01,1,2018-04-01,35914.9132,36668.6995,-753.7862,-2.0557
original,sazonal_crescimento,2018-03-01,2,2018-05-01,34518.8094,34197.8245,320.9849,0.9386
original,sazonal_crescimento,2018-03-01,3,2018-06-01,33961.7671,33858.1352,103.6319,0.3061
original,sazonal_crescimento,2018-03-01,4,2018-07-01,32651.0473,33919.2557,-1268.2085,-3.7389
original,sazonal_crescimento,2018-03-01,5,2018-08-01,33925.5964,34465.4632,-539.8669,-1.5664
original,sazonal_crescimento,2018-03-01,6,2018-09-01,35642.0541,35488.2045,153.8496,0.4335
original,sazonal_crescimento,2018-03-01,7,2018-10-01,36677.0515,36868.9276,-191.8761,-0.5204
original,sazonal_crescimento,2018-03-01,8,2018-11-01,35899.4953,36725.6111,-826.1158,-2.2494
original,sazonal_crescimento,2018-03-01,9,2018-12-01,36848.2116,38158.3807,-1310.1691,-3.4335
original,sazonal_crescimento,2018-03-01,10,2019-01-01,39133.447,42133.9275,-3000.4806,-7.1213
original,sazonal_crescimento,2018-03-01,11,2019-02-01,38651.4191,40667.0042,-2015.5851,-4.9563
original,sazonal_crescimento,2018-03-01,12,2019-03-01,40149.7296,38892.6826,1257.047,3.2321
original,sazonal_crescimento,2018-04-01,1,2018-05-01,34739.8307,34197.8245,542.0062,1.5849
original,sazonal_crescimento,2018-04-01,2,2018-06-01,34179.2217,33858.1352,321.0865,0.9483
original,sazonal_crescimento,2018-04-01,3,2018-07-01,32860.1094,33919.2557,-1059.1463,-3.1226
original,sazonal_crescimento,2018-04-01,4,2018-08-01,34142.8194,34465.4632,-322.6439,-0.9361
original,sazonal_crescimento,2018-04-01,5,2018-09-01,35870.2674,35488.2045,382.0629,1.0766
original,sazonal_crescimento,2018-04-01,6,2018-10-01,36911.8919,36868.9276,42.9643,0.1165
original,sazonal_crescimento,2018-04-01,7,2018-11-01,36129.357,36725.6111,-596.2541,-1.6235
original,sazonal_crescimento,2018-04-01,8,2018-12-01,37084.1479,38158.3807,-1074.2328,-2.8152
original,sazonal_crescimento,2018-04-01,9,2019-01-01,39384.0155,42133.9275,-2749.9121,-6.5266
original,sazonal_crescimento,2018-04-01,10,2019-02-01,38898.9012,40667.0042,-1768.103,-4.3478
original,sazonal_crescimento,2018-04-01,11,2019-03-01,40406.8053,38892.6826,1514.1227,3.8931
original,sazonal_crescimento,2018-04-01,12,2019-04-01,37015.7313,37888.0324,-872.301,-2.3023
original,sazonal_crescimento,2018-05-01,1,2018-06-01,34127.6188,33858.1352,269.4835,0.7959
original,sazonal_crescimento,2018-05-01,2,2018-07-01,32810.498,33919.2557,-1108.7577,-3.2688
original,sazonal_crescimento,2018-05-01,3,2018-08-01,34091.2713,34465.4632,-374.1919,-1.0857
original,sazonal_crescimento,2018-05-01,4,2018-09-01,35816.1113,35488.2045,327.9069,0.924
original,sazonal_crescimento,2018-05-01,5,2018-10-01,36856.1632,36868.9276,-12.7644,-0.0346
original,sazonal_crescimento,2018-05-01,6,2018-11-01,36074.8098,36725.6111,-650.8013,-1.7721
original,sazonal_crescimento,2018-05-01,7,2018-12-01,37028.1591,38158.3807,-1130.2216,-2.9619
original,sazonal_crescimento,2018-05-01,8,2019-01-01,39324.5544,42133.9275,-2809.3731,-6.6677
original,sazonal_crescimento,2018-05-01,9,2019-02-01,38840.1726,40667.0042,-1826.8316,-4.4922
original,sazonal_crescimento,2018-05-01,10,2019-03-01,40345.8001,38892.6826,1453.1175,3.7362
original,sazonal_crescimento,2018-05-01,11,2019-04-01,36959.8459,37888.0324,-928.1865,-2.4498
original,sazonal_crescimento,2018-05-01,12,2019-05-01,34469.3524,35795.5702,-1326.2178,-3.705
original,sazonal_crescimento,2018-06-01,1,2018-07-01,32765.7032,33919.2557,-1153.5525,-3.4009
original,sazonal_crescimento,2018-06-01,2,2018-08-01,34044.7279,34465.4632,-420.7353,-1.2207
original,sazonal_crescimento,2018-06-01,3,2018-09-01,35767.213,35488.2045,279.0086,0.7862
original,sazonal_crescimento,2018-06-01,4,2018-10-01,36805.8449,36868.9276,-63.0826,-0.1711
original,sazonal_crescimento,2018-06-01,5,2018-11-01,36025.5583,36725.6111,-700.0528,-1.9062
original,sazonal_crescimento,2018-06-01,6,2018-12-01,36977.6061,38158.3807,-1180.7746,-3.0944
original,sazonal_crescimento,2018-06-01,7,2019-01-01,39270.8662,42133.9275,-2863.0614,-6.7951
original,sazonal_crescimento,2018-06-01,8,2019-02-01,38787.1457,40667.0042,-1879.8585,-4.6226
original,sazonal_crescimento,2018-06-01,9,2019-03-01,40290.7176,38892.6826,1398.035,3.5946
original,sazonal_crescimento,2018-06-01,10,2019-04-01,36909.3861,37888.0324,-978.6463,-2.583
original,sazonal_crescimento,2018-06-01,11,2019-05-01,34422.2928,35795.5702,-1373.2775,-3.8364
original,sazonal_crescimento,2018-06-01,12,2019-06-01,34080.3738,34226.9213,-146.5475,-0.4282
original,sazonal_crescimento,2018-07-01,1,2018-08-01,34202.2497,34465.4632,-263.2135,-0.7637
original,sazonal_crescimento,2018-07-01,2,2018-09-01,35932.7047,35488.2045,444.5002,1.2525
original,sazonal_crescimento,2018-07-01,3,2018-10-01,36976.1422,36868.9276,107.2146,0.2908
original,sazonal_crescimento,2018-07-01,4,2018-11-01,36192.2452,36725.6111,-533.3659,-1.4523
original,sazonal_crescimento,2018-07-01,5,2018-12-01,37148.6981,38158.3807,-1009.6826,-2.646
original,sazonal_crescimento,2018-07-01,6,2019-01-01,39452.5689,42133.9275,-2681.3587,-6.3639
original,sazonal_crescimento,2018-07-01,7,2019-02-01,38966.6102,40667.0042,-1700.394,-4.1813
original,sazonal_crescimento,2018-07-01,8,2019-03-01,40477.139,38892.6826,1584.4564,4.0739
original,sazonal_crescimento,2018-07-01,9,2019-04-01,37080.1624,37888.0324,-807.8699,-2.1323
original,sazonal_crescimento,2018-07-01,10,2019-05-01,34581.5615,35795.5702,-1214.0087,-3.3915
original,sazonal_crescimento,2018-07-01,11,2019-06-01,34238.0606,34226.9213,11.1393,0.0325
original,sazonal_crescimento,2018-07-01,12,2019-07-01,34299.8669,33569.6216,730.2453,2.1753
original,sazonal_crescimento,2018-08-01,1,2018-09-01,36026.6871,35488.2045,538.4826,1.5174
original,sazonal_crescimento,2018-08-01,2,2018-10-01,37072.8538,36868.9276,203.9262,0.5531
original,sazonal_crescimento,2018-08-01,3,2018-11-01,36286.9065,36725.6111,-438.7046,-1.1945
original,sazonal_crescimento,2018-08-01,4,2018-12-01,37245.861,38158.3807,-912.5197,-2.3914
original,sazonal_crescimento,2018-08-01,5,2019-01-01,39555.7576,42133.9275,-2578.17,-6.119
original,sazonal_crescimento,2018-08-01,6,2019-02-01,39068.5279,40667.0042,-1598.4763,-3.9306
original,sazonal_crescimento,2018-08-01,7,2019-03-01,40583.0075,38892.6826,1690.3249,4.3461
original,sazonal_crescimento,2018-08-01,8,2019-04-01,37177.1461,37888.0324,-710.8863,-1.8763
original,sazonal_crescimento,2018-08-01,9,2019-05-01,34672.0101,35795.5702,-1123.5601,-3.1388
original,sazonal_crescimento,2018-08-01,10,2019-06-01,34327.6107,34226.9213,100.6894,0.2942
original,sazonal_crescimento,2018-08-01,11,2019-07-01,34389.5787,33569.6216,819.9571,2.4426
original,sazonal_crescimento,2018-08-01,12,2019-08-01,34943.3598,34180.6521,762.7077,2.2314
original,sazonal_crescimento,2018-09-01,1,2018-10-01,37003.1715,36868.9276,134.2439,0.3641
original,sazonal_crescimento,2018-09-01,2,2018-11-01,36218.7015,36725.6111,-506.9096,-1.3803
original,sazonal_crescimento,2018-09-01,3,2018-12-01,37175.8535,38158.3807,-982.5272,-2.5749
original,sazonal_crescimento,2018-09-01,4,2019-01-01,39481.4084,42133.9275,-2652.5192,-6.2954
original,sazonal_crescimento,2018-09-01,5,2019-02-01,38995.0945,40667.0042,-1671.9097,-4.1112
original,sazonal_crescimento,2018-09-01,6,2019-03-01,40506.7275,38892.6826,1614.0449,4.15
original,sazonal_crescimento,2018-09-01,7,2019-04-01,37107.2677,37888.0324,-780.7646,-2.0607
original,sazonal_crescimento,2018-09-01,8,2019-05-01,34606.8404,35795.5702,-1188.7298,-3.3209
original,sazonal_crescimento,2018-09-01,9,2019-06-01,34263.0883,34226.9213,36.167,0.1057
original,sazonal_crescimento,2018-09-01,10,2019-07-01,34324.9398,33569.6216,755.3182,2.25
original,sazonal_crescimento,2018-09-01,11,2019-08-01,34877.6801,34180.6521,697.028,2.0392
original,sazonal_crescimento,2018-09-01,12,2019-09-01,35912.6537,36699.7232,-787.0695,-2.1446
original,sazonal_crescimento,2018-10-01,1,2018-11-01,36125.3941,36725.6111,-600.217,-1.6343
original,sazonal_crescimento,2018-10-01,2,2018-12-01,37080.0803,38158.3807,-1078.3004,-2.8259
original,sazonal_crescimento,2018-10-01,3,2019-01-01,39379.6956,42133.9275,-2754.232,-6.5369
original,sazonal_crescimento,2018-10-01,4,2019-02-01,38894.6345,40667.0042,-1772.3697,-4.3582
original,sazonal_crescimento,2018-10-01,5,2019-03-01,40402.3732,38892.6826,1509.6906,3.8817
original,sazonal_crescimento,2018-10-01,6,2019-04-01,37011.6712,37888.0324,-876.3611,-2.313
original,sazonal_crescimento,2018-10-01,7,2019-05-01,34517.6855,35795.5702,-1277.8847,-3.57
original,sazonal_crescimento,2018-10-01,8,2019-06-01,34174.819,34226.9213,-52.1022,-0.1522
original,sazonal_crescimento,2018-10-01,9,2019-07-01,34236.5112,33569.6216,666.8896,1.9866
original,sazonal_crescimento,2018-10-01,10,2019-08-01,34787.8275,34180.6521,607.1754,1.7764
original,sazonal_crescimento,2018-10-01,11,2019-09-01,35820.1347,36699.7232,-879.5885,-2.3967
original,sazonal_crescimento,2018-10-01,12,2019-10-01,37213.7721,37918.2543,-704.4822,-1.8579
original,sazonal_crescimento,2018-11-01,1,2018-12-01,37069.7241,38158.3807,-1088.6566,-2.853
original,sazonal_crescimento,2018-11-01,2,2019-01-01,39368.6971,42133.9275,-2765.2304,-6.563
original,sazonal_crescimento,2018-11-01,3,2019-02-01,38883.7716,40667.0042,-1783.2326,-4.385
original,sazonal_crescimento,2018-11-01,4,2019-03-01,40391.0891,38892.6826,1498.4065,3.8527
original,sazonal_crescimento,2018-11-01,5,2019-04-01,37001.3342,37888.0324,-886.6982,-2.3403
original,sazonal_crescimento,2018-11-01,6,2019-05-01,34508.045,35795.5702,-1287.5252,-3.5969
original,sazonal_crescimento,2018-11-01,7,2019-06-01,34165.2743,34226.9213,-61.647,-0.1801
original,sazonal_crescimento,2018-11-01,8,2019-07-01,34226.9492,33569.6216,657.3276,1.9581
original,sazonal_crescimento,2018-11-01,9,2019-08-01,34778.1116,34180.6521,597.4595,1.7479
original,sazonal_crescimento,2018-11-01,10,2019-09-01,35810.1305,36699.7232,-889.5927,-2.424
original,sazonal_crescimento,2018-11-01,11,2019-10-01,37203.3786,37918.2543,-714.8758,-1.8853
original,sazonal_crescimento,2018-11-01,12,2019-11-01,37058.762,37089.4265,-30.6645,-0.0827
original,sazonal_crescimento,2018-12-01,1,2019-01-01,39408.0631,42133.9275,-2725.8644,-6.4695
original,sazonal_crescimento,2018-12-01,2,2019-02-01,38922.6527,40667.0042,-1744.3515,-4.2894
original,sazonal_crescimento,2018-12-01,3,2019-03-01,40431.4775,38892.6826,1538.7949,3.9565
original,sazonal_crescimento,2018-12-01,4,2019-04-01,37038.3329,37888.0324,-849.6994,-2.2427
original,sazonal_crescimento,2018-12-01,5,2019-05-01,34542.5507,35795.5702,-1253.0195,-3.5005
original,sazonal_crescimento,2018-12-01,6,2019-06-01,34199.4372,34226.9213,-27.4841,-0.0803
original,sazonal_crescimento,2018-12-01,7,2019-07-01,34261.1738,33569.6216,691.5522,2.0601
original,sazonal_crescimento,2018-12-01,8,2019-08-01,34812.8873,34180.6521,632.2352,1.8497
original,sazonal_crescimento,2018-12-01,9,2019-09-01,35845.9381,36699.7232,-853.7851,-2.3264
original,sazonal_crescimento,2018-12-01,10,2019-10-01,37240.5794,37918.2543,-677.6749,-1.7872
original,sazonal_crescimento,2018-12-01,11,2019-11-01,37095.8183,37089.4265,6.3918,0.0172
original,sazonal_crescimento,2018-12-01,12,2019-12-01,38543.0307,36887.2681,1655.7626,4.4887
original,sazonal_crescimento,2019-01-01,1,2019-02-01,39196.5021,40667.0042,-1470.5021,-3.616
original,sazonal_crescimento,2019-01-01,2,2019-03-01,40715.9425,38892.6826,1823.2599,4.6879
original,sazonal_crescimento,2019-01-01,3,2019-04-01,37298.9247,37888.0324,-589.1076,-1.5549
original,sazonal_crescimento,2019-01-01,4,2019-05-01,34785.5828,35795.5702,-1009.9874,-2.8215
original,sazonal_crescimento,2019-01-01,5,2019-06-01,34440.0553,34226.9213,213.134,0.6227
original,sazonal_crescimento,2019-01-01,6,2019-07-01,34502.2263,33569.6216,932.6047,2.7781
original,sazonal_crescimento,2019-01-01,7,2019-08-01,35057.8215,34180.6521,877.1693,2.5663
original,sazonal_crescimento,2019-01-01,8,2019-09-01,36098.1406,36699.7232,-601.5826,-1.6392
original,sazonal_crescimento,2019-01-01,9,2019-10-01,37502.5942,37918.2543,-415.6602,-1.0962
original,sazonal_crescimento,2019-01-01,10,2019-11-01,37356.8145,37089.4265,267.388,0.7209
original,sazonal_crescimento,2019-01-01,11,2019-12-01,38814.2092,36887.2681,1926.941,5.2239
original,sazonal_crescimento,2019-02-01,1,2019-03-01,41057.6066,38892.6826,2164.924,5.5664
original,sazonal_crescimento,2019-02-01,2,2019-04-01,37611.9152,37888.0324,-276.1171,-0.7288
original,sazonal_crescimento,2019-02-01,3,2019-05-01,35077.4828,35795.5702,-718.0874,-2.0061
original,sazonal_crescimento,2019-02-01,4,2019-06-01,34729.0559,34226.9213,502.1346,1.4671
original,sazonal_crescimento,2019-02-01,5,2019-07-01,34791.7485,33569.6216,1222.1269,3.6406
original,sazonal_crescimento,2019-02-01,6,2019-08-01,35352.0059,34180.6521,1171.3538,3.4269
original,sazonal_crescimento,2019-02-01,7,2019-09-01,36401.0548,36699.7232,-298.6684,-0.8138
original,sazonal_crescimento,2019-02-01,8,2019-10-01,37817.2937,37918.2543,-100.9606,-0.2663
original,sazonal_crescimento,2019-02-01,9,2019-11-01,37670.2908,37089.4265,580.8643,1.5661
original,sazonal_crescimento,2019-02-01,10,2019-12-01,39139.915,36887.2681,2252.6469,6.1068
original,sazonal_crescimento,2019-03-01,1,2019-04-01,37464.2296,37888.0324,-423.8027,-1.1186
original,sazonal_crescimento,2019-03-01,2,2019-05-01,34939.7489,35795.5702,-855.8214,-2.3909
original,sazonal_crescimento,2019-03-01,3,2019-06-01,34592.69,34226.9213,365.7687,1.0687
original,sazonal_crescimento,2019-03-01,4,2019-07-01,34655.1365,33569.6216,1085.5149,3.2336
original,sazonal_crescimento,2019-03-01,5,2019-08-01,35213.194,34180.6521,1032.5419,3.0208
original,sazonal_crescimento,2019-03-01,6,2019-09-01,36258.1237,36699.7232,-441.5995,-1.2033
original,sazonal_crescimento,2019-03-01,7,2019-10-01,37668.8017,37918.2543,-249.4526,-0.6579
original,sazonal_crescimento,2019-03-01,8,2019-11-01,37522.376,37089.4265,432.9495,1.1673
original,sazonal_crescimento,2019-03-01,9,2019-12-01,38986.2296,36887.2681,2098.9615,5.6902
original,sazonal_crescimento,2019-04-01,1,2019-05-01,34966.4056,35795.5702,-829.1646,-2.3164
original,sazonal_crescimento,2019-04-01,2,2019-06-01,34619.082,34226.9213,392.1607,1.1458
original,sazonal_crescimento,2019-04-01,3,2019-07-01,34681.5761,33569.6216,1111.9545,3.3124
original,sazonal_crescimento,2019-04-01,4,2019-08-01,35240.0594,34180.6521,1059.4073,3.0994
original,sazonal_crescimento,2019-04-01,5,2019-09-01,36285.7863,36699.7232,-413.9369,-1.1279
original,sazonal_crescimento,2019-04-01,6,2019-10-01,37697.5405,37918.2543,-220.7138,-0.5821
original,sazonal_crescimento,2019-04-01,7,2019-11-01,37551.0031,37089.4265,461.5766,1.2445
original,sazonal_crescimento,2019-04-01,8,2019-12-01,39015.9736,36887.2681,2128.7055,5.7708
original,sazonal_crescimento,2019-05-01,1,2019-06-01,34761.2113,34226.9213,534.29,1.561
original,sazonal_crescimento,2019-05-01,2,2019-07-01,34823.962,33569.6216,1254.3404,3.7365
original,sazonal_crescimento,2019-05-01,3,2019-08-01,35384.7381,34180.6521,1204.086,3.5227
original,sazonal_crescimento,2019-05-01,4,2019-09-01,36434.7583,36699.7232,-264.9649,-0.722
original,sazonal_crescimento,2019-05-01,5,2019-10-01,37852.3085,37918.2543,-65.9458,-0.1739
original,sazonal_crescimento,2019-05-01,6,2019-11-01,37705.1695,37089.4265,615.743,1.6602
original,sazonal_crescimento,2019-05-01,7,2019-12-01,39176.1544,36887.2681,2288.8863,6.2051
original,sazonal_crescimento,2019-06-01,1,2019-07-01,34852.8829,33569.6216,1283.2613,3.8227
original,sazonal_crescimento,2019-06-01,2,2019-08-01,35414.1247,34180.6521,1233.4726,3.6087
original,sazonal_crescimento,2019-06-01,3,2019-09-01,36465.0169,36699.7232,-234.7063,-0.6395
original,sazonal_crescimento,2019-06-01,4,2019-10-01,37883.7444,37918.2543,-34.5099,-0.091
original,sazonal_crescimento,2019-06-01,5,2019-11-01,37736.4831,37089.4265,647.0566,1.7446
original,sazonal_crescimento,2019-06-01,6,2019-12-01,39208.6897,36887.2681,2321.4216,6.2933
original,sazonal_crescimento,2019-07-01,1,2019-08-01,35275.0098,34180.6521,1094.3577,3.2017
original,sazonal_crescimento,2019-07-01,2,2019-09-01,36321.7739,36699.7232,-377.9493,-1.0298
original,sazonal_crescimento,2019-07-01,3,2019-10-01,37734.9283,37918.2543,-183.3261,-0.4835
original,sazonal_crescimento,2019-07-01,4,2019-11-01,37588.2455,37089.4265,498.819,1.3449
original,sazonal_crescimento,2019-07-01,5,2019-12-01,39054.6689,36887.2681,2167.4008,5.8757
original,sazonal_crescimento,2019-08-01,1,2019-09-01,36244.9259,36699.7232,-454.7973,-1.2392
original,sazonal_crescimento,2019-08-01,2,2019-10-01,37655.0904,37918.2543,-263.1639,-0.694
original,sazonal_crescimento,2019-08-01,3,2019-11-01,37508.718,37089.4265,419.2915,1.1305
original,sazonal_crescimento,2019-08-01,4,2019-12-01,38972.0388,36887.2681,2084.7707,5.6517
original,sazonal_crescimento,2019-09-01,1,2019-10-01,37761.6706,37918.2543,-156.5838,-0.413
original,sazonal_crescimento,2019-09-01,2,2019-11-01,37614.8838,37089.4265,525.4573,1.4167
original,sazonal_crescimento,2019-09-01,3,2019-12-01,39082.3465,36887.2681,2195.0783,5.9508
original,sazonal_crescimento,2019-10-01,1,2019-11-01,37677.1845,37089.4265,587.758,1.5847
original,sazonal_crescimento,2019-10-01,2,2019-12-01,39147.0776,36887.2681,2259.8095,6.1263
original,sazonal_crescimento,2019-11-01,1,2019-12-01,39095.0302,36887.2681,2207.7621,5.9852
ajustada,sazonal_ingenuo,2018-01-01,12,2019-01-01,40035.8114,43206.6274,-3170.816,-7.3387
ajustada,sazonal_ingenuo,2018-02-01,11,2019-01-01,40035.8114,43206.6274,-3170.816,-7.3387
ajustada,sazonal_ingenuo,2018-02-01,12,2019-02-01,39913.7173,42072.4317,-2158.7144,-5.1309
ajustada,sazonal_ingenuo,2018-03-01,10,2019-01-01,40035.8114,43206.6274,-3170.816,-7.3387
ajustada,sazonal_ingenuo,2018-03-01,11,2019-02-01,39913.7173,42072.4317,-2158.7144,-5.1309
ajustada,sazonal_ingenuo,2018-03-01,12,2019-03-01,41832.215,40668.4992,1163.7158,2.8615
ajustada,sazonal_ingenuo,2018-04-01,9,2019-01-01,40035.8114,43206.6274,-3170.816,-7.3387
ajustada,sazonal_ingenuo,2018-04-01,10,2019-02-01,39913.7173,42072.4317,-2158.7144,-5.1309
ajustada,sazonal_ingenuo,2018-04-01,11,2019-03-01,41832.215,40668.4992,1163.7158,2.8615
ajustada,sazonal_ingenuo,2018-04-01,12,2019-04-01,39516.868,40513.7401,-996.8721,-2.4606
ajustada,sazonal_ingenuo,2018-05-01,8,2019-01-01,40035.8114,43206.6274,-3170.816,-7.3387
ajustada,sazonal_ingenuo,2018-05-01,9,2019-02-01,39913.7173,42072.4317,-2158.7144,-5.1309
ajustada,sazonal_ingenuo,2018-05-01,10,2019-03-01,41832.215,40668.4992,1163.7158,2.8615
ajustada,sazonal_ingenuo,2018-05-01,11,2019-04-01,39516.868,40513.7401,-996.8721,-2.4606
ajustada,sazonal_ingenuo,2018-05-01,12,2019-05-01,37260.5937,39142.8557,-1882.262,-4.8087
ajustada,sazonal_ingenuo,2018-06-01,7,2019-01-01,40035.8114,43206.6274,-3170.816,-7.3387
ajustada,sazonal_ingenuo,2018-06-01,8,2019-02-01,39913.7173,42072.4317,-2158.7144,-5.1309
ajustada,sazonal_ingenuo,2018-06-01,9,2019-03-01,41832.215,40668.4992,1163.7158,2.8615
ajustada,sazonal_ingenuo,2018-06-01,10,2019-04-01,39516.868,40513.7401,-996.8721,-2.4606
ajustada,sazonal_ingenuo,2018-06-01,11,2019-05-01,37260.5937,39142.8557,-1882.262,-4.8087
ajustada,sazonal_ingenuo,2018-06-01,12,2019-06-01,36999.3969,37263.8865,-264.4896,-0.7098
ajustada,sazonal_ingenuo,2018-07-01,6,2019-01-01,40035.8114,43206.6274,-3170.816,-7.3387
ajustada,sazonal_ingenuo,2018-07-01,7,2019-02-01,39913.7173,42072.4317,-2158.7144,-5.1309
ajustada,sazonal_ingenuo,2018-07-01,8,2019-03-01,41832.215,40668.4992,1163.7158,2.8615
ajustada,sazonal_ingenuo,2018-07-01,9,2019-04-01,39516.868,40513.7401,-996.8721,-2.4606
ajustada,sazonal_ingenuo,2018-07-01,10,2019-05-01,37260.5937,39142.8557,-1882.262,-4.8087
ajustada,sazonal_ingenuo,2018-07-01,11,2019-06-01,36999.3969,37263.8865,-264.4896,-0.7098
ajustada,sazonal_ingenuo,2018-07-01,12,2019-07-01,37000.2403,36571.1549,429.0854,1.1733
ajustada,sazonal_ingenuo,2018-08-01,5,2019-01-01,40035.8114,43206.6274,-3170.816,-7.3387
ajustada,sazonal_ingenuo,2018-08-01,6,2019-02-01,39913.7173,42072.4317,-2158.7144,-5.1309
ajustada,sazonal_ingenuo,2018-08-01,7,2019-03-01,41832.215,40668.4992,1163.7158,2.8615
ajustada,sazonal_ingenuo,2018-08-01,8,2019-04-01,39516.868,40513.7401,-996.8721,-2.4606
ajustada,sazonal_ingenuo,2018-08-01,9,2019-05-01,37260.5937,39142.8557,-1882.262,-4.8087
ajustada,sazonal_ingenuo,2018-08-01,10,2019-06-01,36999.3969,37263.8865,-264.4896,-0.7098
ajustada,sazonal_ingenuo,2018-08-01,11,2019-07-01,37000.2403,36571.1549,429.0854,1.1733
ajustada,sazonal_ingenuo,2018-08-01,12,2019-08-01,37366.2184,37186.0549,180.1635,0.4845
ajustada,sazonal_ingenuo,2018-09-01,4,2019-01-01,40035.8114,43206.6274,-3170.816,-7.3387
ajustada,sazonal_ingenuo,2018-09-01,5,2019-02-01,39913.7173,42072.4317,-2158.7144,-5.1309
ajustada,sazonal_ingenuo,2018-09-01,6,2019-03-01,41832.215,40668.4992,1163.7158,2.8615
ajustada,sazonal_ingenuo,2018-09-01,7,2019-04-01,39516.868,40513.7401,-996.8721,-2.4606
ajustada,sazonal_ingenuo,2018-09-01,8,2019-05-01,37260.5937,39142.8557,-1882.262,-4.8087
ajustada,sazonal_ingenuo,2018-09-01,9,2019-06-01,36999.3969,37263.8865,-264.4896,-0.7098
ajustada,sazonal_ingenuo,2018-09-01,10,2019-07-01,37000.2403,36571.1549,429.0854,1.1733
ajustada,sazonal_ingenuo,2018-09-01,11,2019-08-01,37366.2184,37186.0549,180.1635,0.4845
ajustada,sazonal_ingenuo,2018-09-01,12,2019-09-01,38086.2497,39522.8915,-1436.6418,-3.635
ajustada,sazonal_ingenuo,2018-10-01,3,2019-01-01,40035.8114,43206.6274,-3170.816,-7.3387
ajustada,sazonal_ingenuo,2018-10-01,4,2019-02-01,39913.7173,42072.4317,-2158.7144,-5.1309
ajustada,sazonal_ingenuo,2018-10-01,5,2019-03-01,41832.215,40668.4992,1163.7158,2.8615
ajustada,sazonal_ingenuo,2018-10-01,6,2019-04-01,39516.868,40513.7401,-996.8721,-2.4606
ajustada,sazonal_ingenuo,2018-10-01,7,2019-05-01,37260.5937,39142.8557,-1882.262,-4.8087
ajustada,sazonal_ingenuo,2018-10-01,8,2019-06-01,36999.3969,37263.8865,-264.4896,-0.7098
ajustada,sazonal_ingenuo,2018-10-01,9,2019-07-01,37000.2403,36571.1549,429.0854,1.1733
ajustada,sazonal_ingenuo,2018-10-01,10,2019-08-01,37366.2184,37186.0549,180.1635,0.4845
ajustada,sazonal_ingenuo,2018-10-01,11,2019-09-01,38086.2497,39522.8915,-1436.6418,-3.635
ajustada,sazonal_ingenuo,2018-10-01,12,2019-10-01,39271.3835,40890.0616,-1618.6781,-3.9586
ajustada,sazonal_ingenuo,2018-11-01,2,2019-01-01,40035.8114,43206.6274,-3170.816,-7.3387
ajustada,sazonal_ingenuo,2018-11-01,3,2019-02-01,39913.7173,42072.4317,-2158.7144,-5.1309
ajustada,sazonal_ingenuo,2018-11-01,4,2019-03-01,41832.215,40668.4992,1163.7158,2.8615
ajustada,sazonal_ingenuo,2018-11-01,5,2019-04-01,39516.868,40513.7401,-996.8721,-2.4606
ajustada,sazonal_ingenuo,2018-11-01,6,2019-05-01,37260.5937,39142.8557,-1882.262,-4.8087
ajustada,sazonal_ingenuo,2018-11-01,7,2019-06-01,36999.3969,37263.8865,-264.4896,-0.7098
ajustada,sazonal_ingenuo,2018-11-01,8,2019-07-01,37000.2403,36571.1549,429.0854,1.1733
ajustada,sazonal_ingenuo,2018-11-01,9,2019-08-01,37366.2184,37186.0549,180.1635,0.4845
ajustada,sazonal_ingenuo,2018-11-01,10,2019-09-01,38086.2497,39522.8915,-1436.6418,-3.635
ajustada,sazonal_ingenuo,2018-11-01,11,2019-10-01,39271.3835,40890.0616,-1618.6781,-3.9586
ajustada,sazonal_ingenuo,2018-11-01,12,2019-11-01,39058.4265,39825.4368,-767.0103,-1.9259
ajustada,sazonal_ingenuo,2018-12-01,1,2019-01-01,40035.8114,43206.6274,-3170.816,-7.3387
ajustada,sazonal_ingenuo,2018-12-01,2,2019-02-01,39913.7173,42072.4317,-2158.7144,-5.1309
ajustada,sazonal_ingenuo,2018-12-01,3,2019-03-01,41832.215,40668.4992,1163.7158,2.8615
ajustada,sazonal_ingenuo,2018-12-01,4,2019-04-01,39516.868,40513.7401,-996.8721,-2.4606
ajustada,sazonal_ingenuo,2018-12-01,5,2019-05-01,37260.5937,39142.8557,-1882.262,-4.8087
ajustada,sazonal_ingenuo,2018-12-01,6,2019-06-01,36999.3969,37263.8865,-264.4896,-0.7098
ajustada,sazonal_ingenuo,2018-12-01,7,2019-07-01,37000.2403,36571.1549,429.0854,1.1733
ajustada,sazonal_ingenuo,2018-12-01,8,2019-08-01,37366.2184,37186.0549,180.1635,0.4845
ajustada,sazonal_ingenuo,2018-12-01,9,2019-09-01,38086.2497,39522.8915,-1436.6418,-3.635
ajustada,sazonal_ingenuo,2018-12-01,10,2019-10-01,39271.3835,40890.0616,-1618.6781,-3.9586
ajustada,sazonal_ingenuo,2018-12-01,11,2019-11-01,39058.4265,39825.4368,-767.0103,-1.9259
ajustada,sazonal_ingenuo,2018-12-01,12,2019-12-01,39798.2039,38952.4638,845.7401,2.1712
ajustada,sazonal_ingenuo,2019-01-01,1,2019-02-01,39913.7173,42072.4317,-2158.7144,-5.1309
ajustada,sazonal_ingenuo,2019-01-01,2,2019-03-01,41832.215,40668.4992,1163.7158,2.8615
ajustada,sazonal_ingenuo,2019-01-01,3,2019-04-01,39516.868,40513.7401,-996.8721,-2.4606
ajustada,sazonal_ingenuo,2019-01-01,4,2019-05-01,37260.5937,39142.8557,-1882.262,-4.8087
ajustada,sazonal_ingenuo,2019-01-01,5,2019-06-01,36999.3969,37263.8865,-264.4896,-0.7098
ajustada,sazonal_ingenuo,2019-01-01,6,2019-07-01,37000.2403,36571.1549,429.0854,1.1733
ajustada,sazonal_ingenuo,2019-01-01,7,2019-08-01,37366.2184,37186.0549,180.1635,0.4845
ajustada,sazonal_ingenuo,2019-01-01,8,2019-09-01,38086.2497,39522.8915,-1436.6418,-3.635
ajustada,sazonal_ingenuo,2019-01-01,9,2019-10-01,39271.3835,40890.0616,-1618.6781,-3.9586
ajustada,sazonal_ingenuo,2019-01-01,10,2019-11-01,39058.4265,39825.4368,-767.0103,-1.9259
ajustada,sazonal_ingenuo,2019-01-01,11,2019-12-01,39798.2039,38952.4638,845.7401,2.1712
ajustada,sazonal_ingenuo,2019-02-01,1,2019-03-01,41832.215,40668.4992,1163.7158,2.8615
ajustada,sazonal_ingenuo,2019-02-01,2,2019-04-01,39516.868,40513.7401,-996.8721,-2.4606
ajustada,sazonal_ingenuo,2019-02-01,3,2019-05-01,37260.5937,39142.8557,-1882.262,-4.8087
ajustada,sazonal_ingenuo,2019-02-01,4,2019-06-01,36999.3969,37263.8865,-264.4896,-0.7098
ajustada,sazonal_ingenuo,2019-02-01,5,2019-07-01,37000.2403,36571.1549,429.0854,1.1733
ajustada,sazonal_ingenuo,2019-02-01,6,2019-08-01,37366.2184,37186.0549,180.1635,0.4845
ajustada,sazonal_ingenuo,2019-02-01,7,2019-09-01,38086.2497,39522.8915,-1436.6418,-3.635
ajustada,sazonal_ingenuo,2019-02-01,8,2019-10-01,39271.3835,40890.0616,-1618.6781,-3.9586
ajustada,sazonal_ingenuo,2019-02-01,9,2019-11-01,39058.4265,39825.4368,-767.0103,-1.9259
ajustada,sazonal_ingenuo,2019-02-01,10,2019-12-01,39798.2039,38952.4638,845.7401,2.1712
ajustada,sazonal_ingenuo,2019-03-01,1,2019-04-01,39516.868,40513.7401,-996.8721,-2.4606
ajustada,sazonal_ingenuo,2019-03-01,2,2019-05-01,37260.5937,39142.8557,-1882.262,-4.8087
ajustada,sazonal_ingenuo,2019-03-01,3,2019-06-01,36999.3969,37263.8865,-264.4896,-0.7098
ajustada,sazonal_ingenuo,2019-03-01,4,2019-07-01,37000.2403,36571.1549,429.0854,1.1733
ajustada,sazonal_ingenuo,2019-03-01,5,2019-08-01,37366.2184,37186.0549,180.1635,0.4845
ajustada,sazonal_ingenuo,2019-03-01,6,2019-09-01,38086.2497,39522.8915,-1436.6418,-3.635
ajustada,sazonal_ingenuo,2019-03-01,7,2019-10-01,39271.3835,40890.0616,-1618.6781,-3.9586
ajustada,sazonal_ingenuo,2019-03-01,8,2019-11-01,39058.4265,39825.4368,-767.0103,-1.9259
ajustada,sazonal_ingenuo,2019-03-01,9,2019-12-01,39798.2039,38952.4638,845.7401,2.1712
ajustada,sazonal_ingenuo,2019-04-01,1,2019-05-01,37260.5937,39142.8557,-1882.262,-4.8087
ajustada,sazonal_ingenuo,2019-04-01,2,2019-06-01,36999.3969,37263.8865,-264.4896,-0.7098
ajustada,sazonal_ingenuo,2019-04-01,3,2019-07-01,37000.2403,36571.1549,429.0854,1.1733
ajustada,sazonal_ingenuo,2019-04-01,4,2019-08-01,37366.2184,37186.0549,180.1635,0.4845
ajustada,sazonal_ingenuo,2019-04-01,5,2019-09-01,38086.2497,39522.8915,-1436.6418,-3.635
ajustada,sazonal_ingenuo,2019-04-01,6,2019-10-01,39271.3835,40890.0616,-1618.6781,-3.9586
ajustada,sazonal_ingenuo,2019-04-01,7,2019-11-01,39058.4265,39825.4368,-767.0103,-1.9259
ajustada,sazonal_ingenuo,2019-04-01,8,2019-12-01,39798.2039,38952.4638,845.7401,2.1712
ajustada,sazonal_ingenuo,2019-05-01,1,2019-06-01,36999.3969,37263.8865,-264.4896,-0.7098
ajustada,sazonal_ingenuo,2019-05-01,2,2019-07-01,37000.2403,36571.1549,429.0854,1.1733
ajustada,sazonal_ingenuo,2019-05-01,3,2019-08-01,37366.2184,37186.0549,180.1635,0.4845
ajustada,sazonal_ingenuo,2019-05-01,4,2019-09-01,38086.2497,39522.8915,-1436.6418,-3.635
ajustada,sazonal_ingenuo,2019-05-01,5,2019-10-01,39271.3835,40890.0616,-1618.6781,-3.9586
ajustada,sazonal_ingenuo,2019-05-01,6,2019-11-01,39058.4265,39825.4368,-767.0103,-1.9259
ajustada,sazonal_ingenuo,2019-05-01,7,2019-12-01,39798.2039,38952.4638,845.7401,2.1712
ajustada,sazonal_ingenuo,2019-06-01,1,2019-07-01,37000.2403,36571.1549,429.0854,1.1733
ajustada,sazonal_ingenuo,2019-06-01,2,2019-08-01,37366.2184,37186.0549,180.1635,0.4845
ajustada,sazonal_ingenuo,2019-06-01,3,2019-09-01,38086.2497,39522.8915,-1436.6418,-3.635
ajustada,sazonal_ingenuo,2019-06-01,4,2019-10-01,39271.3835,40890.0616,-1618.6781,-3.9586
ajustada,sazonal_ingenuo,2019-06-01,5,2019-11-01,39058.4265,39825.4368,-767.0103,-1.9259
ajustada,sazonal_ingenuo,2019-06-01,6,2019-12-01,39798.2039,38952.4638,845.7401,2.1712
ajustada,sazonal_ingenuo,2019-07-01,1,2019-08-01,37366.2184,37186.0549,180.1635,0.4845
ajustada,sazonal_ingenuo,2019-07-01,2,2019-09-01,38086.2497,39522.8915,-1436.6418,-3.635
ajustada,sazonal_ingenuo,2019-07-01,3,2019-10-01,39271.3835,40890.0616,-1618.6781,-3.9586
ajustada,sazonal_ingenuo,2019-07-01,4,2019-11-01,39058.4265,39825.4368,-767.0103,-1.9259
ajustada,sazonal_ingenuo,2019-07-01,5,2019-12-01,39798.2039,38952.4638,845.7401,2.1712
ajustada,sazonal_ingenuo,2019-08-01,1,2019-09-01,38086.2497,39522.8915,-1436.6418,-3.635
ajustada,sazonal_ingenuo,2019-08-01,2,2019-10-01,39271.3835,40890.0616,-1618.6781,-3.9586
ajustada,sazonal_ingenuo,2019-08-01,3,2019-11-01,39058.4265,39825.4368,-767.0103,-1.9259
ajustada,sazonal_ingenuo,2019-08-01,4,2019-12-01,39798.2039,38952.4638,845.7401,2.1712
ajustada,sazonal_ingenuo,2019-09-01,1,2019-10-01,39271.3835,40890.0616,-1618.6781,-3.9586
ajustada,sazonal_ingenuo,2019-09-01,2,2019-11-01,39058.4265,39825.4368,-767.0103,-1.9259
ajustada,sazonal_ingenuo,2019-09-01,3,2019-12-01,39798.2039,38952.4638,845.7401,2.1712
ajustada,sazonal_ingenuo,2019-10-01,1,2019-11-01,39058.4265,39825.4368,-767.0103,-1.9259
ajustada,sazonal_ingenuo,2019-10-01,2,2019-12-01,39798.2039,38952.4638,845.7401,2.1712
ajustada,sazonal_ingenuo,2019-11-01,1,2019-12-01,39798.2039,38952.4638,845.7401,2.1712
original_nos_pares_da_ajustada,sazonal_ingenuo,2018-01-01,12,2019-01-01,39014.7803,42133.9275,-3119.1472,-7.4029
original_nos_pares_da_ajustada,sazonal_ingenuo,2018-02-01,11,2019-01-01,39014.7803,42133.9275,-3119.1472,-7.4029
original_nos_pares_da_ajustada,sazonal_ingenuo,2018-02-01,12,2019-02-01,38534.2142,40667.0042,-2132.79,-5.2445
original_nos_pares_da_ajustada,sazonal_ingenuo,2018-03-01,10,2019-01-01,39014.7803,42133.9275,-3119.1472,-7.4029
original_nos_pares_da_ajustada,sazonal_ingenuo,2018-03-01,11,2019-02-01,38534.2142,40667.0042,-2132.79,-5.2445
original_nos_pares_da_ajustada,sazonal_ingenuo,2018-03-01,12,2019-03-01,40027.9812,38892.6826,1135.2986,2.9191
original_nos_pares_da_ajustada,sazonal_ingenuo,2018-04-01,9,2019-01-01,39014.7803,42133.9275,-3119.1472,-7.4029
original_nos_pares_da_ajustada,sazonal_ingenuo,2018-04-01,10,2019-02-01,38534.2142,40667.0042,-2132.79,-5.2445
original_nos_pares_da_ajustada,sazonal_ingenuo,2018-04-01,11,2019-03-01,40027.9812,38892.6826,1135.2986,2.9191
original_nos_pares_da_ajustada,sazonal_ingenuo,2018-04-01,12,2019-04-01,36668.6995,37888.0324,-1219.3329,-3.2183
original_nos_pares_da_ajustada,sazonal_ingenuo,2018-05-01,8,2019-01-01,39014.7803,42133.9275,-3119.1472,-7.4029
original_nos_pares_da_ajustada,sazonal_ingenuo,2018-05-01,9,2019-02-01,38534.2142,40667.0042,-2132.79,-5.2445
original_nos_pares_da_ajustada,sazonal_ingenuo,2018-05-01,10,2019-03-01,40027.9812,38892.6826,1135.2986,2.9191
original_nos_pares_da_ajustada,sazonal_ingenuo,2018-05-01,11,2019-04-01,36668.6995,37888.0324,-1219.3329,-3.2183
original_nos_pares_da_ajustada,sazonal_ingenuo,2018-05-01,12,2019-05-01,34197.8245,35795.5702,-1597.7457,-4.4635
original_nos_pares_da_ajustada,sazonal_ingenuo,2018-06-01,7,2019-01-01,39014.7803,42133.9275,-3119.1472,-7.4029
original_nos_pares_da_ajustada,sazonal_ingenuo,2018-06-01,8,2019-02-01,38534.2142,40667.0042,-2132.79,-5.2445
original_nos_pares_da_ajustada,sazonal_ingenuo,2018-06-01,9,2019-03-01,40027.9812,38892.6826,1135.2986,2.9191
original_nos_pares_da_ajustada,sazonal_ingenuo,2018-06-01,10,2019-04-01,36668.6995,37888.0324,-1219.3329,-3.2183
original_nos_pares_da_ajustada,sazonal_ingenuo,2018-06-01,11,2019-05-01,34197.8245,35795.5702,-1597.7457,-4.4635
original_nos_pares_da_ajustada,sazonal_ingenuo,2018-06-01,12,2019-06-01,33858.1352,34226.9213,-368.7861,-1.0775
original_nos_pares_da_ajustada,sazonal_ingenuo,2018-07-01,6,2019-01-01,39014.7803,42133.9275,-3119.1472,-7.4029
original_nos_pares_da_ajustada,sazonal_ingenuo,2018-07-01,7,2019-02-01,38534.2142,40667.0042,-2132.79,-5.2445
original_nos_pares_da_ajustada,sazonal_ingenuo,2018-07-01,8,2019-03-01,40027.9812,38892.6826,1135.2986,2.9191
original_nos_pares_da_ajustada,sazonal_ingenuo,2018-07-01,9,2019-04-01,36668.6995,37888.0324,-1219.3329,-3.2183
original_nos_pares_da_ajustada,sazonal_ingenuo,2018-07-01,10,2019-05-01,34197.8245,35795.5702,-1597.7457,-4.4635
original_nos_pares_da_ajustada,sazonal_ingenuo,2018-07-01,11,2019-06-01,33858.1352,34226.9213,-368.7861,-1.0775
original_nos_pares_da_ajustada,sazonal_ingenuo,2018-07-01,12,2019-07-01,33919.2557,33569.6216,349.6341,1.0415
original_nos_pares_da_ajustada,sazonal_ingenuo,2018-08-01,5,2019-01-01,39014.7803,42133.9275,-3119.1472,-7.4029
original_nos_pares_da_ajustada,sazonal_ingenuo,2018-08-01,6,2019-02-01,38534.2142,40667.0042,-2132.79,-5.2445
original_nos_pares_da_ajustada,sazonal_ingenuo,2018-08-01,7,2019-03-01,40027.9812,38892.6826,1135.2986,2.9191
original_nos_pares_da_ajustada,sazonal_ingenuo,2018-08-01,8,2019-04-01,36668.6995,37888.0324,-1219.3329,-3.2183
original_nos_pares_da_ajustada,sazonal_ingenuo,2018-08-01,9,2019-05-01,34197.8245,35795.5702,-1597.7457,-4.4635
original_nos_pares_da_ajustada,sazonal_ingenuo,2018-08-01,10,2019-06-01,33858.1352,34226.9213,-368.7861,-1.0775
original_nos_pares_da_ajustada,sazonal_ingenuo,2018-08-01,11,2019-07-01,33919.2557,33569.6216,349.6341,1.0415
original_nos_pares_da_ajustada,sazonal_ingenuo,2018-08-01,12,2019-08-01,34465.4632,34180.6521,284.8111,0.8333
original_nos_pares_da_ajustada,sazonal_ingenuo,2018-09-01,4,2019-01-01,39014.7803,42133.9275,-3119.1472,-7.4029
original_nos_pares_da_ajustada,sazonal_ingenuo,2018-09-01,5,2019-02-01,38534.2142,40667.0042,-2132.79,-5.2445
original_nos_pares_da_ajustada,sazonal_ingenuo,2018-09-01,6,2019-03-01,40027.9812,38892.6826,1135.2986,2.9191
original_nos_pares_da_ajustada,sazonal_ingenuo,2018-09-01,7,2019-04-01,36668.6995,37888.0324,-1219.3329,-3.2183
original_nos_pares_da_ajustada,sazonal_ingenuo,2018-09-01,8,2019-05-01,34197.8245,35795.5702,-1597.7457,-4.4635
original_nos_pares_da_ajustada,sazonal_ingenuo,2018-09-01,9,2019-06-01,33858.1352,34226.9213,-368.7861,-1.0775
original_nos_pares_da_ajustada,sazonal_ingenuo,2018-09-01,10,2019-07-01,33919.2557,33569.6216,349.6341,1.0415
original_nos_pares_da_ajustada,sazonal_ingenuo,2018-09-01,11,2019-08-01,34465.4632,34180.6521,284.8111,0.8333
original_nos_pares_da_ajustada,sazonal_ingenuo,2018-09-01,12,2019-09-01,35488.2045,36699.7232,-1211.5187,-3.3012
original_nos_pares_da_ajustada,sazonal_ingenuo,2018-10-01,3,2019-01-01,39014.7803,42133.9275,-3119.1472,-7.4029
original_nos_pares_da_ajustada,sazonal_ingenuo,2018-10-01,4,2019-02-01,38534.2142,40667.0042,-2132.79,-5.2445
original_nos_pares_da_ajustada,sazonal_ingenuo,2018-10-01,5,2019-03-01,40027.9812,38892.6826,1135.2986,2.9191
original_nos_pares_da_ajustada,sazonal_ingenuo,2018-10-01,6,2019-04-01,36668.6995,37888.0324,-1219.3329,-3.2183
original_nos_pares_da_ajustada,sazonal_ingenuo,2018-10-01,7,2019-05-01,34197.8245,35795.5702,-1597.7457,-4.4635
original_nos_pares_da_ajustada,sazonal_ingenuo,2018-10-01,8,2019-06-01,33858.1352,34226.9213,-368.7861,-1.0775
original_nos_pares_da_ajustada,sazonal_ingenuo,2018-10-01,9,2019-07-01,33919.2557,33569.6216,349.6341,1.0415
original_nos_pares_da_ajustada,sazonal_ingenuo,2018-10-01,10,2019-08-01,34465.4632,34180.6521,284.8111,0.8333
original_nos_pares_da_ajustada,sazonal_ingenuo,2018-10-01,11,2019-09-01,35488.2045,36699.7232,-1211.5187,-3.3012
original_nos_pares_da_ajustada,sazonal_ingenuo,2018-10-01,12,2019-10-01,36868.9276,37918.2543,-1049.3268,-2.7673
original_nos_pares_da_ajustada,sazonal_ingenuo,2018-11-01,2,2019-01-01,39014.7803,42133.9275,-3119.1472,-7.4029
original_nos_pares_da_ajustada,sazonal_ingenuo,2018-11-01,3,2019-02-01,38534.2142,40667.0042,-2132.79,-5.2445
original_nos_pares_da_ajustada,sazonal_ingenuo,2018-11-01,4,2019-03-01,40027.9812,38892.6826,1135.2986,2.9191
original_nos_pares_da_ajustada,sazonal_ingenuo,2018-11-01,5,2019-04-01,36668.6995,37888.0324,-1219.3329,-3.2183
original_nos_pares_da_ajustada,sazonal_ingenuo,2018-11-01,6,2019-05-01,34197.8245,35795.5702,-1597.7457,-4.4635
original_nos_pares_da_ajustada,sazonal_ingenuo,2018-11-01,7,2019-06-01,33858.1352,34226.9213,-368.7861,-1.0775
original_nos_pares_da_ajustada,sazonal_ingenuo,2018-11-01,8,2019-07-01,33919.2557,33569.6216,349.6341,1.0415
original_nos_pares_da_ajustada,sazonal_ingenuo,2018-11-01,9,2019-08-01,34465.4632,34180.6521,284.8111,0.8333
original_nos_pares_da_ajustada,sazonal_ingenuo,2018-11-01,10,2019-09-01,35488.2045,36699.7232,-1211.5187,-3.3012
original_nos_pares_da_ajustada,sazonal_ingenuo,2018-11-01,11,2019-10-01,36868.9276,37918.2543,-1049.3268,-2.7673
original_nos_pares_da_ajustada,sazonal_ingenuo,2018-11-01,12,2019-11-01,36725.6111,37089.4265,-363.8154,-0.9809
original_nos_pares_da_ajustada,sazonal_ingenuo,2018-12-01,1,2019-01-01,39014.7803,42133.9275,-3119.1472,-7.4029
original_nos_pares_da_ajustada,sazonal_ingenuo,2018-12-01,2,2019-02-01,38534.2142,40667.0042,-2132.79,-5.2445
original_nos_pares_da_ajustada,sazonal_ingenuo,2018-12-01,3,2019-03-01,40027.9812,38892.6826,1135.2986,2.9191
original_nos_pares_da_ajustada,sazonal_ingenuo,2018-12-01,4,2019-04-01,36668.6995,37888.0324,-1219.3329,-3.2183
original_nos_pares_da_ajustada,sazonal_ingenuo,2018-12-01,5,2019-05-01,34197.8245,35795.5702,-1597.7457,-4.4635
original_nos_pares_da_ajustada,sazonal_ingenuo,2018-12-01,6,2019-06-01,33858.1352,34226.9213,-368.7861,-1.0775
original_nos_pares_da_ajustada,sazonal_ingenuo,2018-12-01,7,2019-07-01,33919.2557,33569.6216,349.6341,1.0415
original_nos_pares_da_ajustada,sazonal_ingenuo,2018-12-01,8,2019-08-01,34465.4632,34180.6521,284.8111,0.8333
original_nos_pares_da_ajustada,sazonal_ingenuo,2018-12-01,9,2019-09-01,35488.2045,36699.7232,-1211.5187,-3.3012
original_nos_pares_da_ajustada,sazonal_ingenuo,2018-12-01,10,2019-10-01,36868.9276,37918.2543,-1049.3268,-2.7673
original_nos_pares_da_ajustada,sazonal_ingenuo,2018-12-01,11,2019-11-01,36725.6111,37089.4265,-363.8154,-0.9809
original_nos_pares_da_ajustada,sazonal_ingenuo,2018-12-01,12,2019-12-01,38158.3807,36887.2681,1271.1126,3.4459
original_nos_pares_da_ajustada,sazonal_ingenuo,2019-01-01,1,2019-02-01,38534.2142,40667.0042,-2132.79,-5.2445
original_nos_pares_da_ajustada,sazonal_ingenuo,2019-01-01,2,2019-03-01,40027.9812,38892.6826,1135.2986,2.9191
original_nos_pares_da_ajustada,sazonal_ingenuo,2019-01-01,3,2019-04-01,36668.6995,37888.0324,-1219.3329,-3.2183
original_nos_pares_da_ajustada,sazonal_ingenuo,2019-01-01,4,2019-05-01,34197.8245,35795.5702,-1597.7457,-4.4635
original_nos_pares_da_ajustada,sazonal_ingenuo,2019-01-01,5,2019-06-01,33858.1352,34226.9213,-368.7861,-1.0775
original_nos_pares_da_ajustada,sazonal_ingenuo,2019-01-01,6,2019-07-01,33919.2557,33569.6216,349.6341,1.0415
original_nos_pares_da_ajustada,sazonal_ingenuo,2019-01-01,7,2019-08-01,34465.4632,34180.6521,284.8111,0.8333
original_nos_pares_da_ajustada,sazonal_ingenuo,2019-01-01,8,2019-09-01,35488.2045,36699.7232,-1211.5187,-3.3012
original_nos_pares_da_ajustada,sazonal_ingenuo,2019-01-01,9,2019-10-01,36868.9276,37918.2543,-1049.3268,-2.7673
original_nos_pares_da_ajustada,sazonal_ingenuo,2019-01-01,10,2019-11-01,36725.6111,37089.4265,-363.8154,-0.9809
original_nos_pares_da_ajustada,sazonal_ingenuo,2019-01-01,11,2019-12-01,38158.3807,36887.2681,1271.1126,3.4459
original_nos_pares_da_ajustada,sazonal_ingenuo,2019-02-01,1,2019-03-01,40027.9812,38892.6826,1135.2986,2.9191
original_nos_pares_da_ajustada,sazonal_ingenuo,2019-02-01,2,2019-04-01,36668.6995,37888.0324,-1219.3329,-3.2183
original_nos_pares_da_ajustada,sazonal_ingenuo,2019-02-01,3,2019-05-01,34197.8245,35795.5702,-1597.7457,-4.4635
original_nos_pares_da_ajustada,sazonal_ingenuo,2019-02-01,4,2019-06-01,33858.1352,34226.9213,-368.7861,-1.0775
original_nos_pares_da_ajustada,sazonal_ingenuo,2019-02-01,5,2019-07-01,33919.2557,33569.6216,349.6341,1.0415
original_nos_pares_da_ajustada,sazonal_ingenuo,2019-02-01,6,2019-08-01,34465.4632,34180.6521,284.8111,0.8333
original_nos_pares_da_ajustada,sazonal_ingenuo,2019-02-01,7,2019-09-01,35488.2045,36699.7232,-1211.5187,-3.3012
original_nos_pares_da_ajustada,sazonal_ingenuo,2019-02-01,8,2019-10-01,36868.9276,37918.2543,-1049.3268,-2.7673
original_nos_pares_da_ajustada,sazonal_ingenuo,2019-02-01,9,2019-11-01,36725.6111,37089.4265,-363.8154,-0.9809
original_nos_pares_da_ajustada,sazonal_ingenuo,2019-02-01,10,2019-12-01,38158.3807,36887.2681,1271.1126,3.4459
original_nos_pares_da_ajustada,sazonal_ingenuo,2019-03-01,1,2019-04-01,36668.6995,37888.0324,-1219.3329,-3.2183
original_nos_pares_da_ajustada,sazonal_ingenuo,2019-03-01,2,2019-05-01,34197.8245,35795.5702,-1597.7457,-4.4635
original_nos_pares_da_ajustada,sazonal_ingenuo,2019-03-01,3,2019-06-01,33858.1352,34226.9213,-368.7861,-1.0775
original_nos_pares_da_ajustada,sazonal_ingenuo,2019-03-01,4,2019-07-01,33919.2557,33569.6216,349.6341,1.0415
original_nos_pares_da_ajustada,sazonal_ingenuo,2019-03-01,5,2019-08-01,34465.4632,34180.6521,284.8111,0.8333
original_nos_pares_da_ajustada,sazonal_ingenuo,2019-03-01,6,2019-09-01,35488.2045,36699.7232,-1211.5187,-3.3012
original_nos_pares_da_ajustada,sazonal_ingenuo,2019-03-01,7,2019-10-01,36868.9276,37918.2543,-1049.3268,-2.7673
original_nos_pares_da_ajustada,sazonal_ingenuo,2019-03-01,8,2019-11-01,36725.6111,37089.4265,-363.8154,-0.9809
original_nos_pares_da_ajustada,sazonal_ingenuo,2019-03-01,9,2019-12-01,38158.3807,36887.2681,1271.1126,3.4459
original_nos_pares_da_ajustada,sazonal_ingenuo,2019-04-01,1,2019-05-01,34197.8245,35795.5702,-1597.7457,-4.4635
original_nos_pares_da_ajustada,sazonal_ingenuo,2019-04-01,2,2019-06-01,33858.1352,34226.9213,-368.7861,-1.0775
original_nos_pares_da_ajustada,sazonal_ingenuo,2019-04-01,3,2019-07-01,33919.2557,33569.6216,349.6341,1.0415
original_nos_pares_da_ajustada,sazonal_ingenuo,2019-04-01,4,2019-08-01,34465.4632,34180.6521,284.8111,0.8333
original_nos_pares_da_ajustada,sazonal_ingenuo,2019-04-01,5,2019-09-01,35488.2045,36699.7232,-1211.5187,-3.3012
original_nos_pares_da_ajustada,sazonal_ingenuo,2019-04-01,6,2019-10-01,36868.9276,37918.2543,-1049.3268,-2.7673
original_nos_pares_da_ajustada,sazonal_ingenuo,2019-04-01,7,2019-11-01,36725.6111,37089.4265,-363.8154,-0.9809
original_nos_pares_da_ajustada,sazonal_ingenuo,2019-04-01,8,2019-12-01,38158.3807,36887.2681,1271.1126,3.4459
original_nos_pares_da_ajustada,sazonal_ingenuo,2019-05-01,1,2019-06-01,33858.1352,34226.9213,-368.7861,-1.0775
original_nos_pares_da_ajustada,sazonal_ingenuo,2019-05-01,2,2019-07-01,33919.2557,33569.6216,349.6341,1.0415
original_nos_pares_da_ajustada,sazonal_ingenuo,2019-05-01,3,2019-08-01,34465.4632,34180.6521,284.8111,0.8333
original_nos_pares_da_ajustada,sazonal_ingenuo,2019-05-01,4,2019-09-01,35488.2045,36699.7232,-1211.5187,-3.3012
original_nos_pares_da_ajustada,sazonal_ingenuo,2019-05-01,5,2019-10-01,36868.9276,37918.2543,-1049.3268,-2.7673
original_nos_pares_da_ajustada,sazonal_ingenuo,2019-05-01,6,2019-11-01,36725.6111,37089.4265,-363.8154,-0.9809
original_nos_pares_da_ajustada,sazonal_ingenuo,2019-05-01,7,2019-12-01,38158.3807,36887.2681,1271.1126,3.4459
original_nos_pares_da_ajustada,sazonal_ingenuo,2019-06-01,1,2019-07-01,33919.2557,33569.6216,349.6341,1.0415
original_nos_pares_da_ajustada,sazonal_ingenuo,2019-06-01,2,2019-08-01,34465.4632,34180.6521,284.8111,0.8333
original_nos_pares_da_ajustada,sazonal_ingenuo,2019-06-01,3,2019-09-01,35488.2045,36699.7232,-1211.5187,-3.3012
original_nos_pares_da_ajustada,sazonal_ingenuo,2019-06-01,4,2019-10-01,36868.9276,37918.2543,-1049.3268,-2.7673
original_nos_pares_da_ajustada,sazonal_ingenuo,2019-06-01,5,2019-11-01,36725.6111,37089.4265,-363.8154,-0.9809
original_nos_pares_da_ajustada,sazonal_ingenuo,2019-06-01,6,2019-12-01,38158.3807,36887.2681,1271.1126,3.4459
original_nos_pares_da_ajustada,sazonal_ingenuo,2019-07-01,1,2019-08-01,34465.4632,34180.6521,284.8111,0.8333
original_nos_pares_da_ajustada,sazonal_ingenuo,2019-07-01,2,2019-09-01,35488.2045,36699.7232,-1211.5187,-3.3012
original_nos_pares_da_ajustada,sazonal_ingenuo,2019-07-01,3,2019-10-01,36868.9276,37918.2543,-1049.3268,-2.7673
original_nos_pares_da_ajustada,sazonal_ingenuo,2019-07-01,4,2019-11-01,36725.6111,37089.4265,-363.8154,-0.9809
original_nos_pares_da_ajustada,sazonal_ingenuo,2019-07-01,5,2019-12-01,38158.3807,36887.2681,1271.1126,3.4459
original_nos_pares_da_ajustada,sazonal_ingenuo,2019-08-01,1,2019-09-01,35488.2045,36699.7232,-1211.5187,-3.3012
original_nos_pares_da_ajustada,sazonal_ingenuo,2019-08-01,2,2019-10-01,36868.9276,37918.2543,-1049.3268,-2.7673
original_nos_pares_da_ajustada,sazonal_ingenuo,2019-08-01,3,2019-11-01,36725.6111,37089.4265,-363.8154,-0.9809
original_nos_pares_da_ajustada,sazonal_ingenuo,2019-08-01,4,2019-12-01,38158.3807,36887.2681,1271.1126,3.4459
original_nos_pares_da_ajustada,sazonal_ingenuo,2019-09-01,1,2019-10-01,36868.9276,37918.2543,-1049.3268,-2.7673
original_nos_pares_da_ajustada,sazonal_ingenuo,2019-09-01,2,2019-11-01,36725.6111,37089.4265,-363.8154,-0.9809
original_nos_pares_da_ajustada,sazonal_ingenuo,2019-09-01,3,2019-12-01,38158.3807,36887.2681,1271.1126,3.4459
original_nos_pares_da_ajustada,sazonal_ingenuo,2019-10-01,1,2019-11-01,36725.6111,37089.4265,-363.8154,-0.9809
original_nos_pares_da_ajustada,sazonal_ingenuo,2019-10-01,2,2019-12-01,38158.3807,36887.2681,1271.1126,3.4459
original_nos_pares_da_ajustada,sazonal_ingenuo,2019-11-01,1,2019-12-01,38158.3807,36887.2681,1271.1126,3.4459
