candidato,origem,horizonte,alvo,previsto_mwmed,real_mwmed,erro_mwmed,erro_pct
sazonal_ingenuo,2011-01-01,12,2012-01-01,34806.3072,35138.7467,-332.4395,-0.9461
sazonal_ingenuo,2011-02-01,11,2012-01-01,34806.3072,35138.7467,-332.4395,-0.9461
sazonal_ingenuo,2011-02-01,12,2012-02-01,37069.7565,37785.0274,-715.2708,-1.893
sazonal_ingenuo,2011-03-01,10,2012-01-01,34806.3072,35138.7467,-332.4395,-0.9461
sazonal_ingenuo,2011-03-01,11,2012-02-01,37069.7565,37785.0274,-715.2708,-1.893
sazonal_ingenuo,2011-03-01,12,2012-03-01,34865.8614,38142.0916,-3276.2301,-8.5895
sazonal_ingenuo,2011-04-01,9,2012-01-01,34806.3072,35138.7467,-332.4395,-0.9461
sazonal_ingenuo,2011-04-01,10,2012-02-01,37069.7565,37785.0274,-715.2708,-1.893
sazonal_ingenuo,2011-04-01,11,2012-03-01,34865.8614,38142.0916,-3276.2301,-8.5895
sazonal_ingenuo,2011-04-01,12,2012-04-01,34864.428,36429.9418,-1565.5138,-4.2973
sazonal_ingenuo,2011-05-01,8,2012-01-01,34806.3072,35138.7467,-332.4395,-0.9461
sazonal_ingenuo,2011-05-01,9,2012-02-01,37069.7565,37785.0274,-715.2708,-1.893
sazonal_ingenuo,2011-05-01,10,2012-03-01,34865.8614,38142.0916,-3276.2301,-8.5895
sazonal_ingenuo,2011-05-01,11,2012-04-01,34864.428,36429.9418,-1565.5138,-4.2973
sazonal_ingenuo,2011-05-01,12,2012-05-01,33298.7774,34040.2569,-741.4795,-2.1782
sazonal_ingenuo,2011-06-01,7,2012-01-01,34806.3072,35138.7467,-332.4395,-0.9461
sazonal_ingenuo,2011-06-01,8,2012-02-01,37069.7565,37785.0274,-715.2708,-1.893
sazonal_ingenuo,2011-06-01,9,2012-03-01,34865.8614,38142.0916,-3276.2301,-8.5895
sazonal_ingenuo,2011-06-01,10,2012-04-01,34864.428,36429.9418,-1565.5138,-4.2973
sazonal_ingenuo,2011-06-01,11,2012-05-01,33298.7774,34040.2569,-741.4795,-2.1782
sazonal_ingenuo,2011-06-01,12,2012-06-01,32560.9232,32396.5755,164.3477,0.5073
sazonal_ingenuo,2011-07-01,6,2012-01-01,34806.3072,35138.7467,-332.4395,-0.9461
sazonal_ingenuo,2011-07-01,7,2012-02-01,37069.7565,37785.0274,-715.2708,-1.893
sazonal_ingenuo,2011-07-01,8,2012-03-01,34865.8614,38142.0916,-3276.2301,-8.5895
sazonal_ingenuo,2011-07-01,9,2012-04-01,34864.428,36429.9418,-1565.5138,-4.2973
sazonal_ingenuo,2011-07-01,10,2012-05-01,33298.7774,34040.2569,-741.4795,-2.1782
sazonal_ingenuo,2011-07-01,11,2012-06-01,32560.9232,32396.5755,164.3477,0.5073
sazonal_ingenuo,2011-07-01,12,2012-07-01,33046.8415,32553.3452,493.4963,1.516
sazonal_ingenuo,2011-08-01,5,2012-01-01,34806.3072,35138.7467,-332.4395,-0.9461
sazonal_ingenuo,2011-08-01,6,2012-02-01,37069.7565,37785.0274,-715.2708,-1.893
sazonal_ingenuo,2011-08-01,7,2012-03-01,34865.8614,38142.0916,-3276.2301,-8.5895
sazonal_ingenuo,2011-08-01,8,2012-04-01,34864.428,36429.9418,-1565.5138,-4.2973
sazonal_ingenuo,2011-08-01,9,2012-05-01,33298.7774,34040.2569,-741.4795,-2.1782
sazonal_ingenuo,2011-08-01,10,2012-06-01,32560.9232,32396.5755,164.3477,0.5073
sazonal_ingenuo,2011-08-01,11,2012-07-01,33046.8415,32553.3452,493.4963,1.516
sazonal_ingenuo,2011-08-01,12,2012-08-01,34700.3062,34867.9263,-167.6202,-0.4807
sazonal_ingenuo,2011-09-01,4,2012-01-01,34806.3072,35138.7467,-332.4395,-0.9461
sazonal_ingenuo,2011-09-01,5,2012-02-01,37069.7565,37785.0274,-715.2708,-1.893
sazonal_ingenuo,2011-09-01,6,2012-03-01,34865.8614,38142.0916,-3276.2301,-8.5895
sazonal_ingenuo,2011-09-01,7,2012-04-01,34864.428,36429.9418,-1565.5138,-4.2973
sazonal_ingenuo,2011-09-01,8,2012-05-01,33298.7774,34040.2569,-741.4795,-2.1782
sazonal_ingenuo,2011-09-01,9,2012-06-01,32560.9232,32396.5755,164.3477,0.5073
sazonal_ingenuo,2011-09-01,10,2012-07-01,33046.8415,32553.3452,493.4963,1.516
sazonal_ingenuo,2011-09-01,11,2012-08-01,34700.3062,34867.9263,-167.6202,-0.4807
sazonal_ingenuo,2011-09-01,12,2012-09-01,34834.4364,35552.6986,-718.2621,-2.0203
sazonal_ingenuo,2011-10-01,3,2012-01-01,34806.3072,35138.7467,-332.4395,-0.9461
sazonal_ingenuo,2011-10-01,4,2012-02-01,37069.7565,37785.0274,-715.2708,-1.893
sazonal_ingenuo,2011-10-01,5,2012-03-01,34865.8614,38142.0916,-3276.2301,-8.5895
sazonal_ingenuo,2011-10-01,6,2012-04-01,34864.428,36429.9418,-1565.5138,-4.2973
sazonal_ingenuo,2011-10-01,7,2012-05-01,33298.7774,34040.2569,-741.4795,-2.1782
sazonal_ingenuo,2011-10-01,8,2012-06-01,32560.9232,32396.5755,164.3477,0.5073
sazonal_ingenuo,2011-10-01,9,2012-07-01,33046.8415,32553.3452,493.4963,1.516
sazonal_ingenuo,2011-10-01,10,2012-08-01,34700.3062,34867.9263,-167.6202,-0.4807
sazonal_ingenuo,2011-10-01,11,2012-09-01,34834.4364,35552.6986,-718.2621,-2.0203
sazonal_ingenuo,2011-10-01,12,2012-10-01,34428.0038,36868.8102,-2440.8064,-6.6202
sazonal_ingenuo,2011-11-01,2,2012-01-01,34806.3072,35138.7467,-332.4395,-0.9461
sazonal_ingenuo,2011-11-01,3,2012-02-01,37069.7565,37785.0274,-715.2708,-1.893
sazonal_ingenuo,2011-11-01,4,2012-03-01,34865.8614,38142.0916,-3276.2301,-8.5895
sazonal_ingenuo,2011-11-01,5,2012-04-01,34864.428,36429.9418,-1565.5138,-4.2973
sazonal_ingenuo,2011-11-01,6,2012-05-01,33298.7774,34040.2569,-741.4795,-2.1782
sazonal_ingenuo,2011-11-01,7,2012-06-01,32560.9232,32396.5755,164.3477,0.5073
sazonal_ingenuo,2011-11-01,8,2012-07-01,33046.8415,32553.3452,493.4963,1.516
sazonal_ingenuo,2011-11-01,9,2012-08-01,34700.3062,34867.9263,-167.6202,-0.4807
sazonal_ingenuo,2011-11-01,10,2012-09-01,34834.4364,35552.6986,-718.2621,-2.0203
sazonal_ingenuo,2011-11-01,11,2012-10-01,34428.0038,36868.8102,-2440.8064,-6.6202
sazonal_ingenuo,2011-11-01,12,2012-11-01,34742.6223,34588.8219,153.8003,0.4447
sazonal_ingenuo,2011-12-01,1,2012-01-01,34806.3072,35138.7467,-332.4395,-0.9461
sazonal_ingenuo,2011-12-01,2,2012-02-01,37069.7565,37785.0274,-715.2708,-1.893
sazonal_ingenuo,2011-12-01,3,2012-03-01,34865.8614,38142.0916,-3276.2301,-8.5895
sazonal_ingenuo,2011-12-01,4,2012-04-01,34864.428,36429.9418,-1565.5138,-4.2973
sazonal_ingenuo,2011-12-01,5,2012-05-01,33298.7774,34040.2569,-741.4795,-2.1782
sazonal_ingenuo,2011-12-01,6,2012-06-01,32560.9232,32396.5755,164.3477,0.5073
sazonal_ingenuo,2011-12-01,7,2012-07-01,33046.8415,32553.3452,493.4963,1.516
sazonal_ingenuo,2011-12-01,8,2012-08-01,34700.3062,34867.9263,-167.6202,-0.4807
sazonal_ingenuo,2011-12-01,9,2012-09-01,34834.4364,35552.6986,-718.2621,-2.0203
sazonal_ingenuo,2011-12-01,10,2012-10-01,34428.0038,36868.8102,-2440.8064,-6.6202
sazonal_ingenuo,2011-12-01,11,2012-11-01,34742.6223,34588.8219,153.8003,0.4447
sazonal_ingenuo,2011-12-01,12,2012-12-01,35081.4346,36179.2566,-1097.822,-3.0344
sazonal_ingenuo,2012-01-01,1,2012-02-01,37069.7565,37785.0274,-715.2708,-1.893
sazonal_ingenuo,2012-01-01,2,2012-03-01,34865.8614,38142.0916,-3276.2301,-8.5895
sazonal_ingenuo,2012-01-01,3,2012-04-01,34864.428,36429.9418,-1565.5138,-4.2973
sazonal_ingenuo,2012-01-01,4,2012-05-01,33298.7774,34040.2569,-741.4795,-2.1782
sazonal_ingenuo,2012-01-01,5,2012-06-01,32560.9232,32396.5755,164.3477,0.5073
sazonal_ingenuo,2012-01-01,6,2012-07-01,33046.8415,32553.3452,493.4963,1.516
sazonal_ingenuo,2012-01-01,7,2012-08-01,34700.3062,34867.9263,-167.6202,-0.4807
sazonal_ingenuo,2012-01-01,8,2012-09-01,34834.4364,35552.6986,-718.2621,-2.0203
sazonal_ingenuo,2012-01-01,9,2012-10-01,34428.0038,36868.8102,-2440.8064,-6.6202
sazonal_ingenuo,2012-01-01,10,2012-11-01,34742.6223,34588.8219,153.8003,0.4447
sazonal_ingenuo,2012-01-01,11,2012-12-01,35081.4346,36179.2566,-1097.822,-3.0344
sazonal_ingenuo,2012-01-01,12,2013-01-01,35138.7467,34415.2791,723.4677,2.1022
sazonal_ingenuo,2012-02-01,1,2012-03-01,34865.8614,38142.0916,-3276.2301,-8.5895
sazonal_ingenuo,2012-02-01,2,2012-04-01,34864.428,36429.9418,-1565.5138,-4.2973
sazonal_ingenuo,2012-02-01,3,2012-05-01,33298.7774,34040.2569,-741.4795,-2.1782
sazonal_ingenuo,2012-02-01,4,2012-06-01,32560.9232,32396.5755,164.3477,0.5073
sazonal_ingenuo,2012-02-01,5,2012-07-01,33046.8415,32553.3452,493.4963,1.516
sazonal_ingenuo,2012-02-01,6,2012-08-01,34700.3062,34867.9263,-167.6202,-0.4807
sazonal_ingenuo,2012-02-01,7,2012-09-01,34834.4364,35552.6986,-718.2621,-2.0203
sazonal_ingenuo,2012-02-01,8,2012-10-01,34428.0038,36868.8102,-2440.8064,-6.6202
sazonal_ingenuo,2012-02-01,9,2012-11-01,34742.6223,34588.8219,153.8003,0.4447
sazonal_ingenuo,2012-02-01,10,2012-12-01,35081.4346,36179.2566,-1097.822,-3.0344
sazonal_ingenuo,2012-02-01,11,2013-01-01,35138.7467,34415.2791,723.4677,2.1022
sazonal_ingenuo,2012-02-01,12,2013-02-01,37785.0274,36703.9906,1081.0368,2.9453
sazonal_ingenuo,2012-03-01,1,2012-04-01,34864.428,36429.9418,-1565.5138,-4.2973
sazonal_ingenuo,2012-03-01,2,2012-05-01,33298.7774,34040.2569,-741.4795,-2.1782
sazonal_ingenuo,2012-03-01,3,2012-06-01,32560.9232,32396.5755,164.3477,0.5073
sazonal_ingenuo,2012-03-01,4,2012-07-01,33046.8415,32553.3452,493.4963,1.516
sazonal_ingenuo,2012-03-01,5,2012-08-01,34700.3062,34867.9263,-167.6202,-0.4807
sazonal_ingenuo,2012-03-01,6,2012-09-01,34834.4364,35552.6986,-718.2621,-2.0203
sazonal_ingenuo,2012-03-01,7,2012-10-01,34428.0038,36868.8102,-2440.8064,-6.6202
sazonal_ingenuo,2012-03-01,8,2012-11-01,34742.6223,34588.8219,153.8003,0.4447
sazonal_ingenuo,2012-03-01,9,2012-12-01,35081.4346,36179.2566,-1097.822,-3.0344
sazonal_ingenuo,2012-03-01,10,2013-01-01,35138.7467,34415.2791,723.4677,2.1022
sazonal_ingenuo,2012-03-01,11,2013-02-01,37785.0274,36703.9906,1081.0368,2.9453
sazonal_ingenuo,2012-03-01,12,2013-03-01,38142.0916,36142.0469,2000.0447,5.5338
sazonal_ingenuo,2012-04-01,1,2012-05-01,33298.7774,34040.2569,-741.4795,-2.1782
sazonal_ingenuo,2012-04-01,2,2012-06-01,32560.9232,32396.5755,164.3477,0.5073
sazonal_ingenuo,2012-04-01,3,2012-07-01,33046.8415,32553.3452,493.4963,1.516
sazonal_ingenuo,2012-04-01,4,2012-08-01,34700.3062,34867.9263,-167.6202,-0.4807
sazonal_ingenuo,2012-04-01,5,2012-09-01,34834.4364,35552.6986,-718.2621,-2.0203
sazonal_ingenuo,2012-04-01,6,2012-10-01,34428.0038,36868.8102,-2440.8064,-6.6202
sazonal_ingenuo,2012-04-01,7,2012-11-01,34742.6223,34588.8219,153.8003,0.4447
sazonal_ingenuo,2012-04-01,8,2012-12-01,35081.4346,36179.2566,-1097.822,-3.0344
sazonal_ingenuo,2012-04-01,9,2013-01-01,35138.7467,34415.2791,723.4677,2.1022
sazonal_ingenuo,2012-04-01,10,2013-02-01,37785.0274,36703.9906,1081.0368,2.9453
sazonal_ingenuo,2012-04-01,11,2013-03-01,38142.0916,36142.0469,2000.0447,5.5338
sazonal_ingenuo,2012-04-01,12,2013-04-01,36429.9418,34505.9381,1924.0037,5.5759
sazonal_ingenuo,2012-05-01,1,2012-06-01,32560.9232,32396.5755,164.3477,0.5073
sazonal_ingenuo,2012-05-01,2,2012-07-01,33046.8415,32553.3452,493.4963,1.516
sazonal_ingenuo,2012-05-01,3,2012-08-01,34700.3062,34867.9263,-167.6202,-0.4807
sazonal_ingenuo,2012-05-01,4,2012-09-01,34834.4364,35552.6986,-718.2621,-2.0203
sazonal_ingenuo,2012-05-01,5,2012-10-01,34428.0038,36868.8102,-2440.8064,-6.6202
sazonal_ingenuo,2012-05-01,6,2012-11-01,34742.6223,34588.8219,153.8003,0.4447
sazonal_ingenuo,2012-05-01,7,2012-12-01,35081.4346,36179.2566,-1097.822,-3.0344
sazonal_ingenuo,2012-05-01,8,2013-01-01,35138.7467,34415.2791,723.4677,2.1022
sazonal_ingenuo,2012-05-01,9,2013-02-01,37785.0274,36703.9906,1081.0368,2.9453
sazonal_ingenuo,2012-05-01,10,2013-03-01,38142.0916,36142.0469,2000.0447,5.5338
sazonal_ingenuo,2012-05-01,11,2013-04-01,36429.9418,34505.9381,1924.0037,5.5759
sazonal_ingenuo,2012-05-01,12,2013-05-01,34040.2569,33046.0622,994.1947,3.0085
sazonal_ingenuo,2012-06-01,1,2012-07-01,33046.8415,32553.3452,493.4963,1.516
sazonal_ingenuo,2012-06-01,2,2012-08-01,34700.3062,34867.9263,-167.6202,-0.4807
sazonal_ingenuo,2012-06-01,3,2012-09-01,34834.4364,35552.6986,-718.2621,-2.0203
sazonal_ingenuo,2012-06-01,4,2012-10-01,34428.0038,36868.8102,-2440.8064,-6.6202
sazonal_ingenuo,2012-06-01,5,2012-11-01,34742.6223,34588.8219,153.8003,0.4447
sazonal_ingenuo,2012-06-01,6,2012-12-01,35081.4346,36179.2566,-1097.822,-3.0344
sazonal_ingenuo,2012-06-01,7,2013-01-01,35138.7467,34415.2791,723.4677,2.1022
sazonal_ingenuo,2012-06-01,8,2013-02-01,37785.0274,36703.9906,1081.0368,2.9453
sazonal_ingenuo,2012-06-01,9,2013-03-01,38142.0916,36142.0469,2000.0447,5.5338
sazonal_ingenuo,2012-06-01,10,2013-04-01,36429.9418,34505.9381,1924.0037,5.5759
sazonal_ingenuo,2012-06-01,11,2013-05-01,34040.2569,33046.0622,994.1947,3.0085
sazonal_ingenuo,2012-06-01,12,2013-06-01,32396.5755,32968.8521,-572.2766,-1.7358
sazonal_ingenuo,2012-07-01,1,2012-08-01,34700.3062,34867.9263,-167.6202,-0.4807
sazonal_ingenuo,2012-07-01,2,2012-09-01,34834.4364,35552.6986,-718.2621,-2.0203
sazonal_ingenuo,2012-07-01,3,2012-10-01,34428.0038,36868.8102,-2440.8064,-6.6202
sazonal_ingenuo,2012-07-01,4,2012-11-01,34742.6223,34588.8219,153.8003,0.4447
sazonal_ingenuo,2012-07-01,5,2012-12-01,35081.4346,36179.2566,-1097.822,-3.0344
sazonal_ingenuo,2012-07-01,6,2013-01-01,35138.7467,34415.2791,723.4677,2.1022
sazonal_ingenuo,2012-07-01,7,2013-02-01,37785.0274,36703.9906,1081.0368,2.9453
sazonal_ingenuo,2012-07-01,8,2013-03-01,38142.0916,36142.0469,2000.0447,5.5338
sazonal_ingenuo,2012-07-01,9,2013-04-01,36429.9418,34505.9381,1924.0037,5.5759
sazonal_ingenuo,2012-07-01,10,2013-05-01,34040.2569,33046.0622,994.1947,3.0085
sazonal_ingenuo,2012-07-01,11,2013-06-01,32396.5755,32968.8521,-572.2766,-1.7358
sazonal_ingenuo,2012-07-01,12,2013-07-01,32553.3452,32891.3969,-338.0517,-1.0278
sazonal_ingenuo,2012-08-01,1,2012-09-01,34834.4364,35552.6986,-718.2621,-2.0203
sazonal_ingenuo,2012-08-01,2,2012-10-01,34428.0038,36868.8102,-2440.8064,-6.6202
sazonal_ingenuo,2012-08-01,3,2012-11-01,34742.6223,34588.8219,153.8003,0.4447
sazonal_ingenuo,2012-08-01,4,2012-12-01,35081.4346,36179.2566,-1097.822,-3.0344
sazonal_ingenuo,2012-08-01,5,2013-01-01,35138.7467,34415.2791,723.4677,2.1022
sazonal_ingenuo,2012-08-01,6,2013-02-01,37785.0274,36703.9906,1081.0368,2.9453
sazonal_ingenuo,2012-08-01,7,2013-03-01,38142.0916,36142.0469,2000.0447,5.5338
sazonal_ingenuo,2012-08-01,8,2013-04-01,36429.9418,34505.9381,1924.0037,5.5759
sazonal_ingenuo,2012-08-01,9,2013-05-01,34040.2569,33046.0622,994.1947,3.0085
sazonal_ingenuo,2012-08-01,10,2013-06-01,32396.5755,32968.8521,-572.2766,-1.7358
sazonal_ingenuo,2012-08-01,11,2013-07-01,32553.3452,32891.3969,-338.0517,-1.0278
sazonal_ingenuo,2012-08-01,12,2013-08-01,34867.9263,33964.2456,903.6807,2.6607
sazonal_ingenuo,2012-09-01,1,2012-10-01,34428.0038,36868.8102,-2440.8064,-6.6202
sazonal_ingenuo,2012-09-01,2,2012-11-01,34742.6223,34588.8219,153.8003,0.4447
sazonal_ingenuo,2012-09-01,3,2012-12-01,35081.4346,36179.2566,-1097.822,-3.0344
sazonal_ingenuo,2012-09-01,4,2013-01-01,35138.7467,34415.2791,723.4677,2.1022
sazonal_ingenuo,2012-09-01,5,2013-02-01,37785.0274,36703.9906,1081.0368,2.9453
sazonal_ingenuo,2012-09-01,6,2013-03-01,38142.0916,36142.0469,2000.0447,5.5338
sazonal_ingenuo,2012-09-01,7,2013-04-01,36429.9418,34505.9381,1924.0037,5.5759
sazonal_ingenuo,2012-09-01,8,2013-05-01,34040.2569,33046.0622,994.1947,3.0085
sazonal_ingenuo,2012-09-01,9,2013-06-01,32396.5755,32968.8521,-572.2766,-1.7358
sazonal_ingenuo,2012-09-01,10,2013-07-01,32553.3452,32891.3969,-338.0517,-1.0278
sazonal_ingenuo,2012-09-01,11,2013-08-01,34867.9263,33964.2456,903.6807,2.6607
sazonal_ingenuo,2012-09-01,12,2013-09-01,35552.6986,34766.6241,786.0745,2.261
sazonal_ingenuo,2012-10-01,1,2012-11-01,34742.6223,34588.8219,153.8003,0.4447
sazonal_ingenuo,2012-10-01,2,2012-12-01,35081.4346,36179.2566,-1097.822,-3.0344
sazonal_ingenuo,2012-10-01,3,2013-01-01,35138.7467,34415.2791,723.4677,2.1022
sazonal_ingenuo,2012-10-01,4,2013-02-01,37785.0274,36703.9906,1081.0368,2.9453
sazonal_ingenuo,2012-10-01,5,2013-03-01,38142.0916,36142.0469,2000.0447,5.5338
sazonal_ingenuo,2012-10-01,6,2013-04-01,36429.9418,34505.9381,1924.0037,5.5759
sazonal_ingenuo,2012-10-01,7,2013-05-01,34040.2569,33046.0622,994.1947,3.0085
sazonal_ingenuo,2012-10-01,8,2013-06-01,32396.5755,32968.8521,-572.2766,-1.7358
sazonal_ingenuo,2012-10-01,9,2013-07-01,32553.3452,32891.3969,-338.0517,-1.0278
sazonal_ingenuo,2012-10-01,10,2013-08-01,34867.9263,33964.2456,903.6807,2.6607
sazonal_ingenuo,2012-10-01,11,2013-09-01,35552.6986,34766.6241,786.0745,2.261
sazonal_ingenuo,2012-10-01,12,2013-10-01,36868.8102,35404.5633,1464.2469,4.1358
sazonal_ingenuo,2012-11-01,1,2012-12-01,35081.4346,36179.2566,-1097.822,-3.0344
sazonal_ingenuo,2012-11-01,2,2013-01-01,35138.7467,34415.2791,723.4677,2.1022
sazonal_ingenuo,2012-11-01,3,2013-02-01,37785.0274,36703.9906,1081.0368,2.9453
sazonal_ingenuo,2012-11-01,4,2013-03-01,38142.0916,36142.0469,2000.0447,5.5338
sazonal_ingenuo,2012-11-01,5,2013-04-01,36429.9418,34505.9381,1924.0037,5.5759
sazonal_ingenuo,2012-11-01,6,2013-05-01,34040.2569,33046.0622,994.1947,3.0085
sazonal_ingenuo,2012-11-01,7,2013-06-01,32396.5755,32968.8521,-572.2766,-1.7358
sazonal_ingenuo,2012-11-01,8,2013-07-01,32553.3452,32891.3969,-338.0517,-1.0278
sazonal_ingenuo,2012-11-01,9,2013-08-01,34867.9263,33964.2456,903.6807,2.6607
sazonal_ingenuo,2012-11-01,10,2013-09-01,35552.6986,34766.6241,786.0745,2.261
sazonal_ingenuo,2012-11-01,11,2013-10-01,36868.8102,35404.5633,1464.2469,4.1358
sazonal_ingenuo,2012-11-01,12,2013-11-01,34588.8219,35381.6161,-792.7941,-2.2407
sazonal_ingenuo,2012-12-01,1,2013-01-01,35138.7467,34415.2791,723.4677,2.1022
sazonal_ingenuo,2012-12-01,2,2013-02-01,37785.0274,36703.9906,1081.0368,2.9453
sazonal_ingenuo,2012-12-01,3,2013-03-01,38142.0916,36142.0469,2000.0447,5.5338
sazonal_ingenuo,2012-12-01,4,2013-04-01,36429.9418,34505.9381,1924.0037,5.5759
sazonal_ingenuo,2012-12-01,5,2013-05-01,34040.2569,33046.0622,994.1947,3.0085
sazonal_ingenuo,2012-12-01,6,2013-06-01,32396.5755,32968.8521,-572.2766,-1.7358
sazonal_ingenuo,2012-12-01,7,2013-07-01,32553.3452,32891.3969,-338.0517,-1.0278
sazonal_ingenuo,2012-12-01,8,2013-08-01,34867.9263,33964.2456,903.6807,2.6607
sazonal_ingenuo,2012-12-01,9,2013-09-01,35552.6986,34766.6241,786.0745,2.261
sazonal_ingenuo,2012-12-01,10,2013-10-01,36868.8102,35404.5633,1464.2469,4.1358
sazonal_ingenuo,2012-12-01,11,2013-11-01,34588.8219,35381.6161,-792.7941,-2.2407
sazonal_ingenuo,2012-12-01,12,2013-12-01,36179.2566,35314.9921,864.2645,2.4473
sazonal_ingenuo,2013-01-01,1,2013-02-01,37785.0274,36703.9906,1081.0368,2.9453
sazonal_ingenuo,2013-01-01,2,2013-03-01,38142.0916,36142.0469,2000.0447,5.5338
sazonal_ingenuo,2013-01-01,3,2013-04-01,36429.9418,34505.9381,1924.0037,5.5759
sazonal_ingenuo,2013-01-01,4,2013-05-01,34040.2569,33046.0622,994.1947,3.0085
sazonal_ingenuo,2013-01-01,5,2013-06-01,32396.5755,32968.8521,-572.2766,-1.7358
sazonal_ingenuo,2013-01-01,6,2013-07-01,32553.3452,32891.3969,-338.0517,-1.0278
sazonal_ingenuo,2013-01-01,7,2013-08-01,34867.9263,33964.2456,903.6807,2.6607
sazonal_ingenuo,2013-01-01,8,2013-09-01,35552.6986,34766.6241,786.0745,2.261
sazonal_ingenuo,2013-01-01,9,2013-10-01,36868.8102,35404.5633,1464.2469,4.1358
sazonal_ingenuo,2013-01-01,10,2013-11-01,34588.8219,35381.6161,-792.7941,-2.2407
sazonal_ingenuo,2013-01-01,11,2013-12-01,36179.2566,35314.9921,864.2645,2.4473
sazonal_ingenuo,2013-01-01,12,2014-01-01,34415.2791,38704.8608,-4289.5817,-11.0828
sazonal_ingenuo,2013-02-01,1,2013-03-01,38142.0916,36142.0469,2000.0447,5.5338
sazonal_ingenuo,2013-02-01,2,2013-04-01,36429.9418,34505.9381,1924.0037,5.5759
sazonal_ingenuo,2013-02-01,3,2013-05-01,34040.2569,33046.0622,994.1947,3.0085
sazonal_ingenuo,2013-02-01,4,2013-06-01,32396.5755,32968.8521,-572.2766,-1.7358
sazonal_ingenuo,2013-02-01,5,2013-07-01,32553.3452,32891.3969,-338.0517,-1.0278
sazonal_ingenuo,2013-02-01,6,2013-08-01,34867.9263,33964.2456,903.6807,2.6607
sazonal_ingenuo,2013-02-01,7,2013-09-01,35552.6986,34766.6241,786.0745,2.261
sazonal_ingenuo,2013-02-01,8,2013-10-01,36868.8102,35404.5633,1464.2469,4.1358
sazonal_ingenuo,2013-02-01,9,2013-11-01,34588.8219,35381.6161,-792.7941,-2.2407
sazonal_ingenuo,2013-02-01,10,2013-12-01,36179.2566,35314.9921,864.2645,2.4473
sazonal_ingenuo,2013-02-01,11,2014-01-01,34415.2791,38704.8608,-4289.5817,-11.0828
sazonal_ingenuo,2013-02-01,12,2014-02-01,36703.9906,39855.2823,-3151.2918,-7.9068
sazonal_ingenuo,2013-03-01,1,2013-04-01,36429.9418,34505.9381,1924.0037,5.5759
sazonal_ingenuo,2013-03-01,2,2013-05-01,34040.2569,33046.0622,994.1947,3.0085
sazonal_ingenuo,2013-03-01,3,2013-06-01,32396.5755,32968.8521,-572.2766,-1.7358
sazonal_ingenuo,2013-03-01,4,2013-07-01,32553.3452,32891.3969,-338.0517,-1.0278
sazonal_ingenuo,2013-03-01,5,2013-08-01,34867.9263,33964.2456,903.6807,2.6607
sazonal_ingenuo,2013-03-01,6,2013-09-01,35552.6986,34766.6241,786.0745,2.261
sazonal_ingenuo,2013-03-01,7,2013-10-01,36868.8102,35404.5633,1464.2469,4.1358
sazonal_ingenuo,2013-03-01,8,2013-11-01,34588.8219,35381.6161,-792.7941,-2.2407
sazonal_ingenuo,2013-03-01,9,2013-12-01,36179.2566,35314.9921,864.2645,2.4473
sazonal_ingenuo,2013-03-01,10,2014-01-01,34415.2791,38704.8608,-4289.5817,-11.0828
sazonal_ingenuo,2013-03-01,11,2014-02-01,36703.9906,39855.2823,-3151.2918,-7.9068
sazonal_ingenuo,2013-03-01,12,2014-03-01,36142.0469,37542.7446,-1400.6977,-3.7309
sazonal_ingenuo,2013-04-01,1,2013-05-01,34040.2569,33046.0622,994.1947,3.0085
sazonal_ingenuo,2013-04-01,2,2013-06-01,32396.5755,32968.8521,-572.2766,-1.7358
sazonal_ingenuo,2013-04-01,3,2013-07-01,32553.3452,32891.3969,-338.0517,-1.0278
sazonal_ingenuo,2013-04-01,4,2013-08-01,34867.9263,33964.2456,903.6807,2.6607
sazonal_ingenuo,2013-04-01,5,2013-09-01,35552.6986,34766.6241,786.0745,2.261
sazonal_ingenuo,2013-04-01,6,2013-10-01,36868.8102,35404.5633,1464.2469,4.1358
sazonal_ingenuo,2013-04-01,7,2013-11-01,34588.8219,35381.6161,-792.7941,-2.2407
sazonal_ingenuo,2013-04-01,8,2013-12-01,36179.2566,35314.9921,864.2645,2.4473
sazonal_ingenuo,2013-04-01,9,2014-01-01,34415.2791,38704.8608,-4289.5817,-11.0828
sazonal_ingenuo,2013-04-01,10,2014-02-01,36703.9906,39855.2823,-3151.2918,-7.9068
sazonal_ingenuo,2013-04-01,11,2014-03-01,36142.0469,37542.7446,-1400.6977,-3.7309
sazonal_ingenuo,2013-04-01,12,2014-04-01,34505.9381,35486.9658,-981.0277,-2.7645
sazonal_ingenuo,2013-05-01,1,2013-06-01,32396.5755,32968.8521,-572.2766,-1.7358
sazonal_ingenuo,2013-05-01,2,2013-07-01,32553.3452,32891.3969,-338.0517,-1.0278
sazonal_ingenuo,2013-05-01,3,2013-08-01,34867.9263,33964.2456,903.6807,2.6607
sazonal_ingenuo,2013-05-01,4,2013-09-01,35552.6986,34766.6241,786.0745,2.261
sazonal_ingenuo,2013-05-01,5,2013-10-01,36868.8102,35404.5633,1464.2469,4.1358
sazonal_ingenuo,2013-05-01,6,2013-11-01,34588.8219,35381.6161,-792.7941,-2.2407
sazonal_ingenuo,2013-05-01,7,2013-12-01,36179.2566,35314.9921,864.2645,2.4473
sazonal_ingenuo,2013-05-01,8,2014-01-01,34415.2791,38704.8608,-4289.5817,-11.0828
sazonal_ingenuo,2013-05-01,9,2014-02-01,36703.9906,39855.2823,-3151.2918,-7.9068
sazonal_ingenuo,2013-05-01,10,2014-03-01,36142.0469,37542.7446,-1400.6977,-3.7309
sazonal_ingenuo,2013-05-01,11,2014-04-01,34505.9381,35486.9658,-981.0277,-2.7645
sazonal_ingenuo,2013-05-01,12,2014-05-01,33046.0622,35309.2711,-2263.2089,-6.4097
sazonal_ingenuo,2013-06-01,1,2013-07-01,32553.3452,32891.3969,-338.0517,-1.0278
sazonal_ingenuo,2013-06-01,2,2013-08-01,34867.9263,33964.2456,903.6807,2.6607
sazonal_ingenuo,2013-06-01,3,2013-09-01,35552.6986,34766.6241,786.0745,2.261
sazonal_ingenuo,2013-06-01,4,2013-10-01,36868.8102,35404.5633,1464.2469,4.1358
sazonal_ingenuo,2013-06-01,5,2013-11-01,34588.8219,35381.6161,-792.7941,-2.2407
sazonal_ingenuo,2013-06-01,6,2013-12-01,36179.2566,35314.9921,864.2645,2.4473
sazonal_ingenuo,2013-06-01,7,2014-01-01,34415.2791,38704.8608,-4289.5817,-11.0828
sazonal_ingenuo,2013-06-01,8,2014-02-01,36703.9906,39855.2823,-3151.2918,-7.9068
sazonal_ingenuo,2013-06-01,9,2014-03-01,36142.0469,37542.7446,-1400.6977,-3.7309
sazonal_ingenuo,2013-06-01,10,2014-04-01,34505.9381,35486.9658,-981.0277,-2.7645
sazonal_ingenuo,2013-06-01,11,2014-05-01,33046.0622,35309.2711,-2263.2089,-6.4097
sazonal_ingenuo,2013-06-01,12,2014-06-01,32968.8521,34120.949,-1152.0969,-3.3765
sazonal_ingenuo,2013-07-01,1,2013-08-01,34867.9263,33964.2456,903.6807,2.6607
sazonal_ingenuo,2013-07-01,2,2013-09-01,35552.6986,34766.6241,786.0745,2.261
sazonal_ingenuo,2013-07-01,3,2013-10-01,36868.8102,35404.5633,1464.2469,4.1358
sazonal_ingenuo,2013-07-01,4,2013-11-01,34588.8219,35381.6161,-792.7941,-2.2407
sazonal_ingenuo,2013-07-01,5,2013-12-01,36179.2566,35314.9921,864.2645,2.4473
sazonal_ingenuo,2013-07-01,6,2014-01-01,34415.2791,38704.8608,-4289.5817,-11.0828
sazonal_ingenuo,2013-07-01,7,2014-02-01,36703.9906,39855.2823,-3151.2918,-7.9068
sazonal_ingenuo,2013-07-01,8,2014-03-01,36142.0469,37542.7446,-1400.6977,-3.7309
sazonal_ingenuo,2013-07-01,9,2014-04-01,34505.9381,35486.9658,-981.0277,-2.7645
sazonal_ingenuo,2013-07-01,10,2014-05-01,33046.0622,35309.2711,-2263.2089,-6.4097
sazonal_ingenuo,2013-07-01,11,2014-06-01,32968.8521,34120.949,-1152.0969,-3.3765
sazonal_ingenuo,2013-07-01,12,2014-07-01,32891.3969,34146.1814,-1254.7845,-3.6747
sazonal_ingenuo,2013-08-01,1,2013-09-01,35552.6986,34766.6241,786.0745,2.261
sazonal_ingenuo,2013-08-01,2,2013-10-01,36868.8102,35404.5633,1464.2469,4.1358
sazonal_ingenuo,2013-08-01,3,2013-11-01,34588.8219,35381.6161,-792.7941,-2.2407
sazonal_ingenuo,2013-08-01,4,2013-12-01,36179.2566,35314.9921,864.2645,2.4473
sazonal_ingenuo,2013-08-01,5,2014-01-01,34415.2791,38704.8608,-4289.5817,-11.0828
sazonal_ingenuo,2013-08-01,6,2014-02-01,36703.9906,39855.2823,-3151.2918,-7.9068
sazonal_ingenuo,2013-08-01,7,2014-03-01,36142.0469,37542.7446,-1400.6977,-3.7309
sazonal_ingenuo,2013-08-01,8,2014-04-01,34505.9381,35486.9658,-981.0277,-2.7645
sazonal_ingenuo,2013-08-01,9,2014-05-01,33046.0622,35309.2711,-2263.2089,-6.4097
sazonal_ingenuo,2013-08-01,10,2014-06-01,32968.8521,34120.949,-1152.0969,-3.3765
sazonal_ingenuo,2013-08-01,11,2014-07-01,32891.3969,34146.1814,-1254.7845,-3.6747
sazonal_ingenuo,2013-08-01,12,2014-08-01,33964.2456,34537.1042,-572.8586,-1.6587
sazonal_ingenuo,2013-09-01,1,2013-10-01,36868.8102,35404.5633,1464.2469,4.1358
sazonal_ingenuo,2013-09-01,2,2013-11-01,34588.8219,35381.6161,-792.7941,-2.2407
sazonal_ingenuo,2013-09-01,3,2013-12-01,36179.2566,35314.9921,864.2645,2.4473
sazonal_ingenuo,2013-09-01,4,2014-01-01,34415.2791,38704.8608,-4289.5817,-11.0828
sazonal_ingenuo,2013-09-01,5,2014-02-01,36703.9906,39855.2823,-3151.2918,-7.9068
sazonal_ingenuo,2013-09-01,6,2014-03-01,36142.0469,37542.7446,-1400.6977,-3.7309
sazonal_ingenuo,2013-09-01,7,2014-04-01,34505.9381,35486.9658,-981.0277,-2.7645
sazonal_ingenuo,2013-09-01,8,2014-05-01,33046.0622,35309.2711,-2263.2089,-6.4097
sazonal_ingenuo,2013-09-01,9,2014-06-01,32968.8521,34120.949,-1152.0969,-3.3765
sazonal_ingenuo,2013-09-01,10,2014-07-01,32891.3969,34146.1814,-1254.7845,-3.6747
sazonal_ingenuo,2013-09-01,11,2014-08-01,33964.2456,34537.1042,-572.8586,-1.6587
sazonal_ingenuo,2013-09-01,12,2014-09-01,34766.6241,36110.8825,-1344.2584,-3.7226
sazonal_ingenuo,2013-10-01,1,2013-11-01,34588.8219,35381.6161,-792.7941,-2.2407
sazonal_ingenuo,2013-10-01,2,2013-12-01,36179.2566,35314.9921,864.2645,2.4473
sazonal_ingenuo,2013-10-01,3,2014-01-01,34415.2791,38704.8608,-4289.5817,-11.0828
sazonal_ingenuo,2013-10-01,4,2014-02-01,36703.9906,39855.2823,-3151.2918,-7.9068
sazonal_ingenuo,2013-10-01,5,2014-03-01,36142.0469,37542.7446,-1400.6977,-3.7309
sazonal_ingenuo,2013-10-01,6,2014-04-01,34505.9381,35486.9658,-981.0277,-2.7645
sazonal_ingenuo,2013-10-01,7,2014-05-01,33046.0622,35309.2711,-2263.2089,-6.4097
sazonal_ingenuo,2013-10-01,8,2014-06-01,32968.8521,34120.949,-1152.0969,-3.3765
sazonal_ingenuo,2013-10-01,9,2014-07-01,32891.3969,34146.1814,-1254.7845,-3.6747
sazonal_ingenuo,2013-10-01,10,2014-08-01,33964.2456,34537.1042,-572.8586,-1.6587
sazonal_ingenuo,2013-10-01,11,2014-09-01,34766.6241,36110.8825,-1344.2584,-3.7226
sazonal_ingenuo,2013-10-01,12,2014-10-01,35404.5633,37058.0356,-1653.4724,-4.4618
sazonal_ingenuo,2013-11-01,1,2013-12-01,36179.2566,35314.9921,864.2645,2.4473
sazonal_ingenuo,2013-11-01,2,2014-01-01,34415.2791,38704.8608,-4289.5817,-11.0828
sazonal_ingenuo,2013-11-01,3,2014-02-01,36703.9906,39855.2823,-3151.2918,-7.9068
sazonal_ingenuo,2013-11-01,4,2014-03-01,36142.0469,37542.7446,-1400.6977,-3.7309
sazonal_ingenuo,2013-11-01,5,2014-04-01,34505.9381,35486.9658,-981.0277,-2.7645
sazonal_ingenuo,2013-11-01,6,2014-05-01,33046.0622,35309.2711,-2263.2089,-6.4097
sazonal_ingenuo,2013-11-01,7,2014-06-01,32968.8521,34120.949,-1152.0969,-3.3765
sazonal_ingenuo,2013-11-01,8,2014-07-01,32891.3969,34146.1814,-1254.7845,-3.6747
sazonal_ingenuo,2013-11-01,9,2014-08-01,33964.2456,34537.1042,-572.8586,-1.6587
sazonal_ingenuo,2013-11-01,10,2014-09-01,34766.6241,36110.8825,-1344.2584,-3.7226
sazonal_ingenuo,2013-11-01,11,2014-10-01,35404.5633,37058.0356,-1653.4724,-4.4618
sazonal_ingenuo,2013-11-01,12,2014-11-01,35381.6161,36280.763,-899.1469,-2.4783
sazonal_ingenuo,2013-12-01,1,2014-01-01,34415.2791,38704.8608,-4289.5817,-11.0828
sazonal_ingenuo,2013-12-01,2,2014-02-01,36703.9906,39855.2823,-3151.2918,-7.9068
sazonal_ingenuo,2013-12-01,3,2014-03-01,36142.0469,37542.7446,-1400.6977,-3.7309
sazonal_ingenuo,2013-12-01,4,2014-04-01,34505.9381,35486.9658,-981.0277,-2.7645
sazonal_ingenuo,2013-12-01,5,2014-05-01,33046.0622,35309.2711,-2263.2089,-6.4097
sazonal_ingenuo,2013-12-01,6,2014-06-01,32968.8521,34120.949,-1152.0969,-3.3765
sazonal_ingenuo,2013-12-01,7,2014-07-01,32891.3969,34146.1814,-1254.7845,-3.6747
sazonal_ingenuo,2013-12-01,8,2014-08-01,33964.2456,34537.1042,-572.8586,-1.6587
sazonal_ingenuo,2013-12-01,9,2014-09-01,34766.6241,36110.8825,-1344.2584,-3.7226
sazonal_ingenuo,2013-12-01,10,2014-10-01,35404.5633,37058.0356,-1653.4724,-4.4618
sazonal_ingenuo,2013-12-01,11,2014-11-01,35381.6161,36280.763,-899.1469,-2.4783
sazonal_ingenuo,2013-12-01,12,2014-12-01,35314.9921,36171.1909,-856.1988,-2.3671
sazonal_ingenuo,2014-01-01,1,2014-02-01,36703.9906,39855.2823,-3151.2918,-7.9068
sazonal_ingenuo,2014-01-01,2,2014-03-01,36142.0469,37542.7446,-1400.6977,-3.7309
sazonal_ingenuo,2014-01-01,3,2014-04-01,34505.9381,35486.9658,-981.0277,-2.7645
sazonal_ingenuo,2014-01-01,4,2014-05-01,33046.0622,35309.2711,-2263.2089,-6.4097
sazonal_ingenuo,2014-01-01,5,2014-06-01,32968.8521,34120.949,-1152.0969,-3.3765
sazonal_ingenuo,2014-01-01,6,2014-07-01,32891.3969,34146.1814,-1254.7845,-3.6747
sazonal_ingenuo,2014-01-01,7,2014-08-01,33964.2456,34537.1042,-572.8586,-1.6587
sazonal_ingenuo,2014-01-01,8,2014-09-01,34766.6241,36110.8825,-1344.2584,-3.7226
sazonal_ingenuo,2014-01-01,9,2014-10-01,35404.5633,37058.0356,-1653.4724,-4.4618
sazonal_ingenuo,2014-01-01,10,2014-11-01,35381.6161,36280.763,-899.1469,-2.4783
sazonal_ingenuo,2014-01-01,11,2014-12-01,35314.9921,36171.1909,-856.1988,-2.3671
sazonal_ingenuo,2014-01-01,12,2015-01-01,38704.8608,40467.7143,-1762.8536,-4.3562
sazonal_ingenuo,2014-02-01,1,2014-03-01,36142.0469,37542.7446,-1400.6977,-3.7309
sazonal_ingenuo,2014-02-01,2,2014-04-01,34505.9381,35486.9658,-981.0277,-2.7645
sazonal_ingenuo,2014-02-01,3,2014-05-01,33046.0622,35309.2711,-2263.2089,-6.4097
sazonal_ingenuo,2014-02-01,4,2014-06-01,32968.8521,34120.949,-1152.0969,-3.3765
sazonal_ingenuo,2014-02-01,5,2014-07-01,32891.3969,34146.1814,-1254.7845,-3.6747
sazonal_ingenuo,2014-02-01,6,2014-08-01,33964.2456,34537.1042,-572.8586,-1.6587
sazonal_ingenuo,2014-02-01,7,2014-09-01,34766.6241,36110.8825,-1344.2584,-3.7226
sazonal_ingenuo,2014-02-01,8,2014-10-01,35404.5633,37058.0356,-1653.4724,-4.4618
sazonal_ingenuo,2014-02-01,9,2014-11-01,35381.6161,36280.763,-899.1469,-2.4783
sazonal_ingenuo,2014-02-01,10,2014-12-01,35314.9921,36171.1909,-856.1988,-2.3671
sazonal_ingenuo,2014-02-01,11,2015-01-01,38704.8608,40467.7143,-1762.8536,-4.3562
sazonal_ingenuo,2014-02-01,12,2015-02-01,39855.2823,39133.7826,721.4997,1.8437
sazonal_ingenuo,2014-03-01,1,2014-04-01,34505.9381,35486.9658,-981.0277,-2.7645
sazonal_ingenuo,2014-03-01,2,2014-05-01,33046.0622,35309.2711,-2263.2089,-6.4097
sazonal_ingenuo,2014-03-01,3,2014-06-01,32968.8521,34120.949,-1152.0969,-3.3765
sazonal_ingenuo,2014-03-01,4,2014-07-01,32891.3969,34146.1814,-1254.7845,-3.6747
sazonal_ingenuo,2014-03-01,5,2014-08-01,33964.2456,34537.1042,-572.8586,-1.6587
sazonal_ingenuo,2014-03-01,6,2014-09-01,34766.6241,36110.8825,-1344.2584,-3.7226
sazonal_ingenuo,2014-03-01,7,2014-10-01,35404.5633,37058.0356,-1653.4724,-4.4618
sazonal_ingenuo,2014-03-01,8,2014-11-01,35381.6161,36280.763,-899.1469,-2.4783
sazonal_ingenuo,2014-03-01,9,2014-12-01,35314.9921,36171.1909,-856.1988,-2.3671
sazonal_ingenuo,2014-03-01,10,2015-01-01,38704.8608,40467.7143,-1762.8536,-4.3562
sazonal_ingenuo,2014-03-01,11,2015-02-01,39855.2823,39133.7826,721.4997,1.8437
sazonal_ingenuo,2014-03-01,12,2015-03-01,37542.7446,38210.4323,-667.6877,-1.7474
sazonal_ingenuo,2014-04-01,1,2014-05-01,33046.0622,35309.2711,-2263.2089,-6.4097
sazonal_ingenuo,2014-04-01,2,2014-06-01,32968.8521,34120.949,-1152.0969,-3.3765
sazonal_ingenuo,2014-04-01,3,2014-07-01,32891.3969,34146.1814,-1254.7845,-3.6747
sazonal_ingenuo,2014-04-01,4,2014-08-01,33964.2456,34537.1042,-572.8586,-1.6587
sazonal_ingenuo,2014-04-01,5,2014-09-01,34766.6241,36110.8825,-1344.2584,-3.7226
sazonal_ingenuo,2014-04-01,6,2014-10-01,35404.5633,37058.0356,-1653.4724,-4.4618
sazonal_ingenuo,2014-04-01,7,2014-11-01,35381.6161,36280.763,-899.1469,-2.4783
sazonal_ingenuo,2014-04-01,8,2014-12-01,35314.9921,36171.1909,-856.1988,-2.3671
sazonal_ingenuo,2014-04-01,9,2015-01-01,38704.8608,40467.7143,-1762.8536,-4.3562
sazonal_ingenuo,2014-04-01,10,2015-02-01,39855.2823,39133.7826,721.4997,1.8437
sazonal_ingenuo,2014-04-01,11,2015-03-01,37542.7446,38210.4323,-667.6877,-1.7474
sazonal_ingenuo,2014-04-01,12,2015-04-01,35486.9658,35760.8064,-273.8406,-0.7658
sazonal_ingenuo,2014-05-01,1,2014-06-01,32968.8521,34120.949,-1152.0969,-3.3765
sazonal_ingenuo,2014-05-01,2,2014-07-01,32891.3969,34146.1814,-1254.7845,-3.6747
sazonal_ingenuo,2014-05-01,3,2014-08-01,33964.2456,34537.1042,-572.8586,-1.6587
sazonal_ingenuo,2014-05-01,4,2014-09-01,34766.6241,36110.8825,-1344.2584,-3.7226
sazonal_ingenuo,2014-05-01,5,2014-10-01,35404.5633,37058.0356,-1653.4724,-4.4618
sazonal_ingenuo,2014-05-01,6,2014-11-01,35381.6161,36280.763,-899.1469,-2.4783
sazonal_ingenuo,2014-05-01,7,2014-12-01,35314.9921,36171.1909,-856.1988,-2.3671
sazonal_ingenuo,2014-05-01,8,2015-01-01,38704.8608,40467.7143,-1762.8536,-4.3562
sazonal_ingenuo,2014-05-01,9,2015-02-01,39855.2823,39133.7826,721.4997,1.8437
sazonal_ingenuo,2014-05-01,10,2015-03-01,37542.7446,38210.4323,-667.6877,-1.7474
sazonal_ingenuo,2014-05-01,11,2015-04-01,35486.9658,35760.8064,-273.8406,-0.7658
sazonal_ingenuo,2014-05-01,12,2015-05-01,35309.2711,33218.0308,2091.2402,6.2955
sazonal_ingenuo,2014-06-01,1,2014-07-01,32891.3969,34146.1814,-1254.7845,-3.6747
sazonal_ingenuo,2014-06-01,2,2014-08-01,33964.2456,34537.1042,-572.8586,-1.6587
sazonal_ingenuo,2014-06-01,3,2014-09-01,34766.6241,36110.8825,-1344.2584,-3.7226
sazonal_ingenuo,2014-06-01,4,2014-10-01,35404.5633,37058.0356,-1653.4724,-4.4618
sazonal_ingenuo,2014-06-01,5,2014-11-01,35381.6161,36280.763,-899.1469,-2.4783
sazonal_ingenuo,2014-06-01,6,2014-12-01,35314.9921,36171.1909,-856.1988,-2.3671
sazonal_ingenuo,2014-06-01,7,2015-01-01,38704.8608,40467.7143,-1762.8536,-4.3562
sazonal_ingenuo,2014-06-01,8,2015-02-01,39855.2823,39133.7826,721.4997,1.8437
sazonal_ingenuo,2014-06-01,9,2015-03-01,37542.7446,38210.4323,-667.6877,-1.7474
sazonal_ingenuo,2014-06-01,10,2015-04-01,35486.9658,35760.8064,-273.8406,-0.7658
sazonal_ingenuo,2014-06-01,11,2015-05-01,35309.2711,33218.0308,2091.2402,6.2955
sazonal_ingenuo,2014-06-01,12,2015-06-01,34120.949,32475.565,1645.384,5.0665
sazonal_ingenuo,2014-07-01,1,2014-08-01,33964.2456,34537.1042,-572.8586,-1.6587
sazonal_ingenuo,2014-07-01,2,2014-09-01,34766.6241,36110.8825,-1344.2584,-3.7226
sazonal_ingenuo,2014-07-01,3,2014-10-01,35404.5633,37058.0356,-1653.4724,-4.4618
sazonal_ingenuo,2014-07-01,4,2014-11-01,35381.6161,36280.763,-899.1469,-2.4783
sazonal_ingenuo,2014-07-01,5,2014-12-01,35314.9921,36171.1909,-856.1988,-2.3671
sazonal_ingenuo,2014-07-01,6,2015-01-01,38704.8608,40467.7143,-1762.8536,-4.3562
sazonal_ingenuo,2014-07-01,7,2015-02-01,39855.2823,39133.7826,721.4997,1.8437
sazonal_ingenuo,2014-07-01,8,2015-03-01,37542.7446,38210.4323,-667.6877,-1.7474
sazonal_ingenuo,2014-07-01,9,2015-04-01,35486.9658,35760.8064,-273.8406,-0.7658
sazonal_ingenuo,2014-07-01,10,2015-05-01,35309.2711,33218.0308,2091.2402,6.2955
sazonal_ingenuo,2014-07-01,11,2015-06-01,34120.949,32475.565,1645.384,5.0665
sazonal_ingenuo,2014-07-01,12,2015-07-01,34146.1814,33015.5469,1130.6345,3.4246
sazonal_ingenuo,2014-08-01,1,2014-09-01,34766.6241,36110.8825,-1344.2584,-3.7226
sazonal_ingenuo,2014-08-01,2,2014-10-01,35404.5633,37058.0356,-1653.4724,-4.4618
sazonal_ingenuo,2014-08-01,3,2014-11-01,35381.6161,36280.763,-899.1469,-2.4783
sazonal_ingenuo,2014-08-01,4,2014-12-01,35314.9921,36171.1909,-856.1988,-2.3671
sazonal_ingenuo,2014-08-01,5,2015-01-01,38704.8608,40467.7143,-1762.8536,-4.3562
sazonal_ingenuo,2014-08-01,6,2015-02-01,39855.2823,39133.7826,721.4997,1.8437
sazonal_ingenuo,2014-08-01,7,2015-03-01,37542.7446,38210.4323,-667.6877,-1.7474
sazonal_ingenuo,2014-08-01,8,2015-04-01,35486.9658,35760.8064,-273.8406,-0.7658
sazonal_ingenuo,2014-08-01,9,2015-05-01,35309.2711,33218.0308,2091.2402,6.2955
sazonal_ingenuo,2014-08-01,10,2015-06-01,34120.949,32475.565,1645.384,5.0665
sazonal_ingenuo,2014-08-01,11,2015-07-01,34146.1814,33015.5469,1130.6345,3.4246
sazonal_ingenuo,2014-08-01,12,2015-08-01,34537.1042,33889.707,647.3972,1.9103
sazonal_ingenuo,2014-09-01,1,2014-10-01,35404.5633,37058.0356,-1653.4724,-4.4618
sazonal_ingenuo,2014-09-01,2,2014-11-01,35381.6161,36280.763,-899.1469,-2.4783
sazonal_ingenuo,2014-09-01,3,2014-12-01,35314.9921,36171.1909,-856.1988,-2.3671
sazonal_ingenuo,2014-09-01,4,2015-01-01,38704.8608,40467.7143,-1762.8536,-4.3562
sazonal_ingenuo,2014-09-01,5,2015-02-01,39855.2823,39133.7826,721.4997,1.8437
sazonal_ingenuo,2014-09-01,6,2015-03-01,37542.7446,38210.4323,-667.6877,-1.7474
sazonal_ingenuo,2014-09-01,7,2015-04-01,35486.9658,35760.8064,-273.8406,-0.7658
sazonal_ingenuo,2014-09-01,8,2015-05-01,35309.2711,33218.0308,2091.2402,6.2955
sazonal_ingenuo,2014-09-01,9,2015-06-01,34120.949,32475.565,1645.384,5.0665
sazonal_ingenuo,2014-09-01,10,2015-07-01,34146.1814,33015.5469,1130.6345,3.4246
sazonal_ingenuo,2014-09-01,11,2015-08-01,34537.1042,33889.707,647.3972,1.9103
sazonal_ingenuo,2014-09-01,12,2015-09-01,36110.8825,35495.7658,615.1167,1.7329
sazonal_ingenuo,2014-10-01,1,2014-11-01,35381.6161,36280.763,-899.1469,-2.4783
sazonal_ingenuo,2014-10-01,2,2014-12-01,35314.9921,36171.1909,-856.1988,-2.3671
sazonal_ingenuo,2014-10-01,3,2015-01-01,38704.8608,40467.7143,-1762.8536,-4.3562
sazonal_ingenuo,2014-10-01,4,2015-02-01,39855.2823,39133.7826,721.4997,1.8437
sazonal_ingenuo,2014-10-01,5,2015-03-01,37542.7446,38210.4323,-667.6877,-1.7474
sazonal_ingenuo,2014-10-01,6,2015-04-01,35486.9658,35760.8064,-273.8406,-0.7658
sazonal_ingenuo,2014-10-01,7,2015-05-01,35309.2711,33218.0308,2091.2402,6.2955
sazonal_ingenuo,2014-10-01,8,2015-06-01,34120.949,32475.565,1645.384,5.0665
sazonal_ingenuo,2014-10-01,9,2015-07-01,34146.1814,33015.5469,1130.6345,3.4246
sazonal_ingenuo,2014-10-01,10,2015-08-01,34537.1042,33889.707,647.3972,1.9103
sazonal_ingenuo,2014-10-01,11,2015-09-01,36110.8825,35495.7658,615.1167,1.7329
sazonal_ingenuo,2014-10-01,12,2015-10-01,37058.0356,36637.6374,420.3982,1.1474
sazonal_ingenuo,2014-11-01,1,2014-12-01,35314.9921,36171.1909,-856.1988,-2.3671
sazonal_ingenuo,2014-11-01,2,2015-01-01,38704.8608,40467.7143,-1762.8536,-4.3562
sazonal_ingenuo,2014-11-01,3,2015-02-01,39855.2823,39133.7826,721.4997,1.8437
sazonal_ingenuo,2014-11-01,4,2015-03-01,37542.7446,38210.4323,-667.6877,-1.7474
sazonal_ingenuo,2014-11-01,5,2015-04-01,35486.9658,35760.8064,-273.8406,-0.7658
sazonal_ingenuo,2014-11-01,6,2015-05-01,35309.2711,33218.0308,2091.2402,6.2955
sazonal_ingenuo,2014-11-01,7,2015-06-01,34120.949,32475.565,1645.384,5.0665
sazonal_ingenuo,2014-11-01,8,2015-07-01,34146.1814,33015.5469,1130.6345,3.4246
sazonal_ingenuo,2014-11-01,9,2015-08-01,34537.1042,33889.707,647.3972,1.9103
sazonal_ingenuo,2014-11-01,10,2015-09-01,36110.8825,35495.7658,615.1167,1.7329
sazonal_ingenuo,2014-11-01,11,2015-10-01,37058.0356,36637.6374,420.3982,1.1474
sazonal_ingenuo,2014-11-01,12,2015-11-01,36280.763,36322.0451,-41.2821,-0.1137
sazonal_ingenuo,2014-12-01,1,2015-01-01,38704.8608,40467.7143,-1762.8536,-4.3562
sazonal_ingenuo,2014-12-01,2,2015-02-01,39855.2823,39133.7826,721.4997,1.8437
sazonal_ingenuo,2014-12-01,3,2015-03-01,37542.7446,38210.4323,-667.6877,-1.7474
sazonal_ingenuo,2014-12-01,4,2015-04-01,35486.9658,35760.8064,-273.8406,-0.7658
sazonal_ingenuo,2014-12-01,5,2015-05-01,35309.2711,33218.0308,2091.2402,6.2955
sazonal_ingenuo,2014-12-01,6,2015-06-01,34120.949,32475.565,1645.384,5.0665
sazonal_ingenuo,2014-12-01,7,2015-07-01,34146.1814,33015.5469,1130.6345,3.4246
sazonal_ingenuo,2014-12-01,8,2015-08-01,34537.1042,33889.707,647.3972,1.9103
sazonal_ingenuo,2014-12-01,9,2015-09-01,36110.8825,35495.7658,615.1167,1.7329
sazonal_ingenuo,2014-12-01,10,2015-10-01,37058.0356,36637.6374,420.3982,1.1474
sazonal_ingenuo,2014-12-01,11,2015-11-01,36280.763,36322.0451,-41.2821,-0.1137
sazonal_ingenuo,2014-12-01,12,2015-12-01,36171.1909,36608.2814,-437.0905,-1.194
sazonal_ingenuo,2015-01-01,1,2015-02-01,39855.2823,39133.7826,721.4997,1.8437
sazonal_ingenuo,2015-01-01,2,2015-03-01,37542.7446,38210.4323,-667.6877,-1.7474
sazonal_ingenuo,2015-01-01,3,2015-04-01,35486.9658,35760.8064,-273.8406,-0.7658
sazonal_ingenuo,2015-01-01,4,2015-05-01,35309.2711,33218.0308,2091.2402,6.2955
sazonal_ingenuo,2015-01-01,5,2015-06-01,34120.949,32475.565,1645.384,5.0665
sazonal_ingenuo,2015-01-01,6,2015-07-01,34146.1814,33015.5469,1130.6345,3.4246
sazonal_ingenuo,2015-01-01,7,2015-08-01,34537.1042,33889.707,647.3972,1.9103
sazonal_ingenuo,2015-01-01,8,2015-09-01,36110.8825,35495.7658,615.1167,1.7329
sazonal_ingenuo,2015-01-01,9,2015-10-01,37058.0356,36637.6374,420.3982,1.1474
sazonal_ingenuo,2015-01-01,10,2015-11-01,36280.763,36322.0451,-41.2821,-0.1137
sazonal_ingenuo,2015-01-01,11,2015-12-01,36171.1909,36608.2814,-437.0905,-1.194
sazonal_ingenuo,2015-01-01,12,2016-01-01,40467.7143,36556.0508,3911.6635,10.7005
sazonal_ingenuo,2015-02-01,1,2015-03-01,37542.7446,38210.4323,-667.6877,-1.7474
sazonal_ingenuo,2015-02-01,2,2015-04-01,35486.9658,35760.8064,-273.8406,-0.7658
sazonal_ingenuo,2015-02-01,3,2015-05-01,35309.2711,33218.0308,2091.2402,6.2955
sazonal_ingenuo,2015-02-01,4,2015-06-01,34120.949,32475.565,1645.384,5.0665
sazonal_ingenuo,2015-02-01,5,2015-07-01,34146.1814,33015.5469,1130.6345,3.4246
sazonal_ingenuo,2015-02-01,6,2015-08-01,34537.1042,33889.707,647.3972,1.9103
sazonal_ingenuo,2015-02-01,7,2015-09-01,36110.8825,35495.7658,615.1167,1.7329
sazonal_ingenuo,2015-02-01,8,2015-10-01,37058.0356,36637.6374,420.3982,1.1474
sazonal_ingenuo,2015-02-01,9,2015-11-01,36280.763,36322.0451,-41.2821,-0.1137
sazonal_ingenuo,2015-02-01,10,2015-12-01,36171.1909,36608.2814,-437.0905,-1.194
sazonal_ingenuo,2015-02-01,11,2016-01-01,40467.7143,36556.0508,3911.6635,10.7005
sazonal_ingenuo,2015-02-01,12,2016-02-01,39133.7826,39524.4383,-390.6557,-0.9884
sazonal_ingenuo,2015-03-01,1,2015-04-01,35486.9658,35760.8064,-273.8406,-0.7658
sazonal_ingenuo,2015-03-01,2,2015-05-01,35309.2711,33218.0308,2091.2402,6.2955
sazonal_ingenuo,2015-03-01,3,2015-06-01,34120.949,32475.565,1645.384,5.0665
sazonal_ingenuo,2015-03-01,4,2015-07-01,34146.1814,33015.5469,1130.6345,3.4246
sazonal_ingenuo,2015-03-01,5,2015-08-01,34537.1042,33889.707,647.3972,1.9103
sazonal_ingenuo,2015-03-01,6,2015-09-01,36110.8825,35495.7658,615.1167,1.7329
sazonal_ingenuo,2015-03-01,7,2015-10-01,37058.0356,36637.6374,420.3982,1.1474
sazonal_ingenuo,2015-03-01,8,2015-11-01,36280.763,36322.0451,-41.2821,-0.1137
sazonal_ingenuo,2015-03-01,9,2015-12-01,36171.1909,36608.2814,-437.0905,-1.194
sazonal_ingenuo,2015-03-01,10,2016-01-01,40467.7143,36556.0508,3911.6635,10.7005
sazonal_ingenuo,2015-03-01,11,2016-02-01,39133.7826,39524.4383,-390.6557,-0.9884
sazonal_ingenuo,2015-03-01,12,2016-03-01,38210.4323,38455.003,-244.5707,-0.636
sazonal_ingenuo,2015-04-01,1,2015-05-01,35309.2711,33218.0308,2091.2402,6.2955
sazonal_ingenuo,2015-04-01,2,2015-06-01,34120.949,32475.565,1645.384,5.0665
sazonal_ingenuo,2015-04-01,3,2015-07-01,34146.1814,33015.5469,1130.6345,3.4246
sazonal_ingenuo,2015-04-01,4,2015-08-01,34537.1042,33889.707,647.3972,1.9103
sazonal_ingenuo,2015-04-01,5,2015-09-01,36110.8825,35495.7658,615.1167,1.7329
sazonal_ingenuo,2015-04-01,6,2015-10-01,37058.0356,36637.6374,420.3982,1.1474
sazonal_ingenuo,2015-04-01,7,2015-11-01,36280.763,36322.0451,-41.2821,-0.1137
sazonal_ingenuo,2015-04-01,8,2015-12-01,36171.1909,36608.2814,-437.0905,-1.194
sazonal_ingenuo,2015-04-01,9,2016-01-01,40467.7143,36556.0508,3911.6635,10.7005
sazonal_ingenuo,2015-04-01,10,2016-02-01,39133.7826,39524.4383,-390.6557,-0.9884
sazonal_ingenuo,2015-04-01,11,2016-03-01,38210.4323,38455.003,-244.5707,-0.636
sazonal_ingenuo,2015-04-01,12,2016-04-01,35760.8064,37695.7025,-1934.8962,-5.1329
sazonal_ingenuo,2015-05-01,1,2015-06-01,34120.949,32475.565,1645.384,5.0665
sazonal_ingenuo,2015-05-01,2,2015-07-01,34146.1814,33015.5469,1130.6345,3.4246
sazonal_ingenuo,2015-05-01,3,2015-08-01,34537.1042,33889.707,647.3972,1.9103
sazonal_ingenuo,2015-05-01,4,2015-09-01,36110.8825,35495.7658,615.1167,1.7329
sazonal_ingenuo,2015-05-01,5,2015-10-01,37058.0356,36637.6374,420.3982,1.1474
sazonal_ingenuo,2015-05-01,6,2015-11-01,36280.763,36322.0451,-41.2821,-0.1137
sazonal_ingenuo,2015-05-01,7,2015-12-01,36171.1909,36608.2814,-437.0905,-1.194
sazonal_ingenuo,2015-05-01,8,2016-01-01,40467.7143,36556.0508,3911.6635,10.7005
sazonal_ingenuo,2015-05-01,9,2016-02-01,39133.7826,39524.4383,-390.6557,-0.9884
sazonal_ingenuo,2015-05-01,10,2016-03-01,38210.4323,38455.003,-244.5707,-0.636
sazonal_ingenuo,2015-05-01,11,2016-04-01,35760.8064,37695.7025,-1934.8962,-5.1329
sazonal_ingenuo,2015-05-01,12,2016-05-01,33218.0308,33979.3809,-761.35,-2.2406
sazonal_ingenuo,2015-06-01,1,2015-07-01,34146.1814,33015.5469,1130.6345,3.4246
sazonal_ingenuo,2015-06-01,2,2015-08-01,34537.1042,33889.707,647.3972,1.9103
sazonal_ingenuo,2015-06-01,3,2015-09-01,36110.8825,35495.7658,615.1167,1.7329
sazonal_ingenuo,2015-06-01,4,2015-10-01,37058.0356,36637.6374,420.3982,1.1474
sazonal_ingenuo,2015-06-01,5,2015-11-01,36280.763,36322.0451,-41.2821,-0.1137
sazonal_ingenuo,2015-06-01,6,2015-12-01,36171.1909,36608.2814,-437.0905,-1.194
sazonal_ingenuo,2015-06-01,7,2016-01-01,40467.7143,36556.0508,3911.6635,10.7005
sazonal_ingenuo,2015-06-01,8,2016-02-01,39133.7826,39524.4383,-390.6557,-0.9884
sazonal_ingenuo,2015-06-01,9,2016-03-01,38210.4323,38455.003,-244.5707,-0.636
sazonal_ingenuo,2015-06-01,10,2016-04-01,35760.8064,37695.7025,-1934.8962,-5.1329
sazonal_ingenuo,2015-06-01,11,2016-05-01,33218.0308,33979.3809,-761.35,-2.2406
sazonal_ingenuo,2015-06-01,12,2016-06-01,32475.565,33271.7115,-796.1465,-2.3929
sazonal_ingenuo,2015-07-01,1,2015-08-01,34537.1042,33889.707,647.3972,1.9103
sazonal_ingenuo,2015-07-01,2,2015-09-01,36110.8825,35495.7658,615.1167,1.7329
sazonal_ingenuo,2015-07-01,3,2015-10-01,37058.0356,36637.6374,420.3982,1.1474
sazonal_ingenuo,2015-07-01,4,2015-11-01,36280.763,36322.0451,-41.2821,-0.1137
sazonal_ingenuo,2015-07-01,5,2015-12-01,36171.1909,36608.2814,-437.0905,-1.194
sazonal_ingenuo,2015-07-01,6,2016-01-01,40467.7143,36556.0508,3911.6635,10.7005
sazonal_ingenuo,2015-07-01,7,2016-02-01,39133.7826,39524.4383,-390.6557,-0.9884
sazonal_ingenuo,2015-07-01,8,2016-03-01,38210.4323,38455.003,-244.5707,-0.636
sazonal_ingenuo,2015-07-01,9,2016-04-01,35760.8064,37695.7025,-1934.8962,-5.1329
sazonal_ingenuo,2015-07-01,10,2016-05-01,33218.0308,33979.3809,-761.35,-2.2406
sazonal_ingenuo,2015-07-01,11,2016-06-01,32475.565,33271.7115,-796.1465,-2.3929
sazonal_ingenuo,2015-07-01,12,2016-07-01,33015.5469,33182.5985,-167.0515,-0.5034
sazonal_ingenuo,2015-08-01,1,2015-09-01,36110.8825,35495.7658,615.1167,1.7329
sazonal_ingenuo,2015-08-01,2,2015-10-01,37058.0356,36637.6374,420.3982,1.1474
sazonal_ingenuo,2015-08-01,3,2015-11-01,36280.763,36322.0451,-41.2821,-0.1137
sazonal_ingenuo,2015-08-01,4,2015-12-01,36171.1909,36608.2814,-437.0905,-1.194
sazonal_ingenuo,2015-08-01,5,2016-01-01,40467.7143,36556.0508,3911.6635,10.7005
sazonal_ingenuo,2015-08-01,6,2016-02-01,39133.7826,39524.4383,-390.6557,-0.9884
sazonal_ingenuo,2015-08-01,7,2016-03-01,38210.4323,38455.003,-244.5707,-0.636
sazonal_ingenuo,2015-08-01,8,2016-04-01,35760.8064,37695.7025,-1934.8962,-5.1329
sazonal_ingenuo,2015-08-01,9,2016-05-01,33218.0308,33979.3809,-761.35,-2.2406
sazonal_ingenuo,2015-08-01,10,2016-06-01,32475.565,33271.7115,-796.1465,-2.3929
sazonal_ingenuo,2015-08-01,11,2016-07-01,33015.5469,33182.5985,-167.0515,-0.5034
sazonal_ingenuo,2015-08-01,12,2016-08-01,33889.707,34310.1087,-420.4017,-1.2253
sazonal_ingenuo,2015-09-01,1,2015-10-01,37058.0356,36637.6374,420.3982,1.1474
sazonal_ingenuo,2015-09-01,2,2015-11-01,36280.763,36322.0451,-41.2821,-0.1137
sazonal_ingenuo,2015-09-01,3,2015-12-01,36171.1909,36608.2814,-437.0905,-1.194
sazonal_ingenuo,2015-09-01,4,2016-01-01,40467.7143,36556.0508,3911.6635,10.7005
sazonal_ingenuo,2015-09-01,5,2016-02-01,39133.7826,39524.4383,-390.6557,-0.9884
sazonal_ingenuo,2015-09-01,6,2016-03-01,38210.4323,38455.003,-244.5707,-0.636
sazonal_ingenuo,2015-09-01,7,2016-04-01,35760.8064,37695.7025,-1934.8962,-5.1329
sazonal_ingenuo,2015-09-01,8,2016-05-01,33218.0308,33979.3809,-761.35,-2.2406
sazonal_ingenuo,2015-09-01,9,2016-06-01,32475.565,33271.7115,-796.1465,-2.3929
sazonal_ingenuo,2015-09-01,10,2016-07-01,33015.5469,33182.5985,-167.0515,-0.5034
sazonal_ingenuo,2015-09-01,11,2016-08-01,33889.707,34310.1087,-420.4017,-1.2253
sazonal_ingenuo,2015-09-01,12,2016-09-01,35495.7658,34770.657,725.1087,2.0854
sazonal_ingenuo,2015-10-01,1,2015-11-01,36280.763,36322.0451,-41.2821,-0.1137
sazonal_ingenuo,2015-10-01,2,2015-12-01,36171.1909,36608.2814,-437.0905,-1.194
sazonal_ingenuo,2015-10-01,3,2016-01-01,40467.7143,36556.0508,3911.6635,10.7005
sazonal_ingenuo,2015-10-01,4,2016-02-01,39133.7826,39524.4383,-390.6557,-0.9884
sazonal_ingenuo,2015-10-01,5,2016-03-01,38210.4323,38455.003,-244.5707,-0.636
sazonal_ingenuo,2015-10-01,6,2016-04-01,35760.8064,37695.7025,-1934.8962,-5.1329
sazonal_ingenuo,2015-10-01,7,2016-05-01,33218.0308,33979.3809,-761.35,-2.2406
sazonal_ingenuo,2015-10-01,8,2016-06-01,32475.565,33271.7115,-796.1465,-2.3929
sazonal_ingenuo,2015-10-01,9,2016-07-01,33015.5469,33182.5985,-167.0515,-0.5034
sazonal_ingenuo,2015-10-01,10,2016-08-01,33889.707,34310.1087,-420.4017,-1.2253
sazonal_ingenuo,2015-10-01,11,2016-09-01,35495.7658,34770.657,725.1087,2.0854
sazonal_ingenuo,2015-10-01,12,2016-10-01,36637.6374,35154.594,1483.0434,4.2186
sazonal_ingenuo,2015-11-01,1,2015-12-01,36171.1909,36608.2814,-437.0905,-1.194
sazonal_ingenuo,2015-11-01,2,2016-01-01,40467.7143,36556.0508,3911.6635,10.7005
sazonal_ingenuo,2015-11-01,3,2016-02-01,39133.7826,39524.4383,-390.6557,-0.9884
sazonal_ingenuo,2015-11-01,4,2016-03-01,38210.4323,38455.003,-244.5707,-0.636
sazonal_ingenuo,2015-11-01,5,2016-04-01,35760.8064,37695.7025,-1934.8962,-5.1329
sazonal_ingenuo,2015-11-01,6,2016-05-01,33218.0308,33979.3809,-761.35,-2.2406
sazonal_ingenuo,2015-11-01,7,2016-06-01,32475.565,33271.7115,-796.1465,-2.3929
sazonal_ingenuo,2015-11-01,8,2016-07-01,33015.5469,33182.5985,-167.0515,-0.5034
sazonal_ingenuo,2015-11-01,9,2016-08-01,33889.707,34310.1087,-420.4017,-1.2253
sazonal_ingenuo,2015-11-01,10,2016-09-01,35495.7658,34770.657,725.1087,2.0854
sazonal_ingenuo,2015-11-01,11,2016-10-01,36637.6374,35154.594,1483.0434,4.2186
sazonal_ingenuo,2015-11-01,12,2016-11-01,36322.0451,34743.5067,1578.5385,4.5434
sazonal_ingenuo,2015-12-01,1,2016-01-01,40467.7143,36556.0508,3911.6635,10.7005
sazonal_ingenuo,2015-12-01,2,2016-02-01,39133.7826,39524.4383,-390.6557,-0.9884
sazonal_ingenuo,2015-12-01,3,2016-03-01,38210.4323,38455.003,-244.5707,-0.636
sazonal_ingenuo,2015-12-01,4,2016-04-01,35760.8064,37695.7025,-1934.8962,-5.1329
sazonal_ingenuo,2015-12-01,5,2016-05-01,33218.0308,33979.3809,-761.35,-2.2406
sazonal_ingenuo,2015-12-01,6,2016-06-01,32475.565,33271.7115,-796.1465,-2.3929
sazonal_ingenuo,2015-12-01,7,2016-07-01,33015.5469,33182.5985,-167.0515,-0.5034
sazonal_ingenuo,2015-12-01,8,2016-08-01,33889.707,34310.1087,-420.4017,-1.2253
sazonal_ingenuo,2015-12-01,9,2016-09-01,35495.7658,34770.657,725.1087,2.0854
sazonal_ingenuo,2015-12-01,10,2016-10-01,36637.6374,35154.594,1483.0434,4.2186
sazonal_ingenuo,2015-12-01,11,2016-11-01,36322.0451,34743.5067,1578.5385,4.5434
sazonal_ingenuo,2015-12-01,12,2016-12-01,36608.2814,35760.8785,847.4029,2.3696
sazonal_ingenuo,2016-01-01,1,2016-02-01,39133.7826,39524.4383,-390.6557,-0.9884
sazonal_ingenuo,2016-01-01,2,2016-03-01,38210.4323,38455.003,-244.5707,-0.636
sazonal_ingenuo,2016-01-01,3,2016-04-01,35760.8064,37695.7025,-1934.8962,-5.1329
sazonal_ingenuo,2016-01-01,4,2016-05-01,33218.0308,33979.3809,-761.35,-2.2406
sazonal_ingenuo,2016-01-01,5,2016-06-01,32475.565,33271.7115,-796.1465,-2.3929
sazonal_ingenuo,2016-01-01,6,2016-07-01,33015.5469,33182.5985,-167.0515,-0.5034
sazonal_ingenuo,2016-01-01,7,2016-08-01,33889.707,34310.1087,-420.4017,-1.2253
sazonal_ingenuo,2016-01-01,8,2016-09-01,35495.7658,34770.657,725.1087,2.0854
sazonal_ingenuo,2016-01-01,9,2016-10-01,36637.6374,35154.594,1483.0434,4.2186
sazonal_ingenuo,2016-01-01,10,2016-11-01,36322.0451,34743.5067,1578.5385,4.5434
sazonal_ingenuo,2016-01-01,11,2016-12-01,36608.2814,35760.8785,847.4029,2.3696
sazonal_ingenuo,2016-01-01,12,2017-01-01,36556.0508,38977.4158,-2421.365,-6.2122
sazonal_ingenuo,2016-02-01,1,2016-03-01,38210.4323,38455.003,-244.5707,-0.636
sazonal_ingenuo,2016-02-01,2,2016-04-01,35760.8064,37695.7025,-1934.8962,-5.1329
sazonal_ingenuo,2016-02-01,3,2016-05-01,33218.0308,33979.3809,-761.35,-2.2406
sazonal_ingenuo,2016-02-01,4,2016-06-01,32475.565,33271.7115,-796.1465,-2.3929
sazonal_ingenuo,2016-02-01,5,2016-07-01,33015.5469,33182.5985,-167.0515,-0.5034
sazonal_ingenuo,2016-02-01,6,2016-08-01,33889.707,34310.1087,-420.4017,-1.2253
sazonal_ingenuo,2016-02-01,7,2016-09-01,35495.7658,34770.657,725.1087,2.0854
sazonal_ingenuo,2016-02-01,8,2016-10-01,36637.6374,35154.594,1483.0434,4.2186
sazonal_ingenuo,2016-02-01,9,2016-11-01,36322.0451,34743.5067,1578.5385,4.5434
sazonal_ingenuo,2016-02-01,10,2016-12-01,36608.2814,35760.8785,847.4029,2.3696
sazonal_ingenuo,2016-02-01,11,2017-01-01,36556.0508,38977.4158,-2421.365,-6.2122
sazonal_ingenuo,2016-02-01,12,2017-02-01,39524.4383,40063.0993,-538.6609,-1.3445
sazonal_ingenuo,2016-03-01,1,2016-04-01,35760.8064,37695.7025,-1934.8962,-5.1329
sazonal_ingenuo,2016-03-01,2,2016-05-01,33218.0308,33979.3809,-761.35,-2.2406
sazonal_ingenuo,2016-03-01,3,2016-06-01,32475.565,33271.7115,-796.1465,-2.3929
sazonal_ingenuo,2016-03-01,4,2016-07-01,33015.5469,33182.5985,-167.0515,-0.5034
sazonal_ingenuo,2016-03-01,5,2016-08-01,33889.707,34310.1087,-420.4017,-1.2253
sazonal_ingenuo,2016-03-01,6,2016-09-01,35495.7658,34770.657,725.1087,2.0854
sazonal_ingenuo,2016-03-01,7,2016-10-01,36637.6374,35154.594,1483.0434,4.2186
sazonal_ingenuo,2016-03-01,8,2016-11-01,36322.0451,34743.5067,1578.5385,4.5434
sazonal_ingenuo,2016-03-01,9,2016-12-01,36608.2814,35760.8785,847.4029,2.3696
sazonal_ingenuo,2016-03-01,10,2017-01-01,36556.0508,38977.4158,-2421.365,-6.2122
sazonal_ingenuo,2016-03-01,11,2017-02-01,39524.4383,40063.0993,-538.6609,-1.3445
sazonal_ingenuo,2016-03-01,12,2017-03-01,38455.003,39435.9515,-980.9485,-2.4874
sazonal_ingenuo,2016-04-01,1,2016-05-01,33218.0308,33979.3809,-761.35,-2.2406
sazonal_ingenuo,2016-04-01,2,2016-06-01,32475.565,33271.7115,-796.1465,-2.3929
sazonal_ingenuo,2016-04-01,3,2016-07-01,33015.5469,33182.5985,-167.0515,-0.5034
sazonal_ingenuo,2016-04-01,4,2016-08-01,33889.707,34310.1087,-420.4017,-1.2253
sazonal_ingenuo,2016-04-01,5,2016-09-01,35495.7658,34770.657,725.1087,2.0854
sazonal_ingenuo,2016-04-01,6,2016-10-01,36637.6374,35154.594,1483.0434,4.2186
sazonal_ingenuo,2016-04-01,7,2016-11-01,36322.0451,34743.5067,1578.5385,4.5434
sazonal_ingenuo,2016-04-01,8,2016-12-01,36608.2814,35760.8785,847.4029,2.3696
sazonal_ingenuo,2016-04-01,9,2017-01-01,36556.0508,38977.4158,-2421.365,-6.2122
sazonal_ingenuo,2016-04-01,10,2017-02-01,39524.4383,40063.0993,-538.6609,-1.3445
sazonal_ingenuo,2016-04-01,11,2017-03-01,38455.003,39435.9515,-980.9485,-2.4874
sazonal_ingenuo,2016-04-01,12,2017-04-01,37695.7025,35806.0063,1889.6962,5.2776
sazonal_ingenuo,2016-05-01,1,2016-06-01,32475.565,33271.7115,-796.1465,-2.3929
sazonal_ingenuo,2016-05-01,2,2016-07-01,33015.5469,33182.5985,-167.0515,-0.5034
sazonal_ingenuo,2016-05-01,3,2016-08-01,33889.707,34310.1087,-420.4017,-1.2253
sazonal_ingenuo,2016-05-01,4,2016-09-01,35495.7658,34770.657,725.1087,2.0854
sazonal_ingenuo,2016-05-01,5,2016-10-01,36637.6374,35154.594,1483.0434,4.2186
sazonal_ingenuo,2016-05-01,6,2016-11-01,36322.0451,34743.5067,1578.5385,4.5434
sazonal_ingenuo,2016-05-01,7,2016-12-01,36608.2814,35760.8785,847.4029,2.3696
sazonal_ingenuo,2016-05-01,8,2017-01-01,36556.0508,38977.4158,-2421.365,-6.2122
sazonal_ingenuo,2016-05-01,9,2017-02-01,39524.4383,40063.0993,-538.6609,-1.3445
sazonal_ingenuo,2016-05-01,10,2017-03-01,38455.003,39435.9515,-980.9485,-2.4874
sazonal_ingenuo,2016-05-01,11,2017-04-01,37695.7025,35806.0063,1889.6962,5.2776
sazonal_ingenuo,2016-05-01,12,2017-05-01,33979.3809,34414.136,-434.7551,-1.2633
sazonal_ingenuo,2016-06-01,1,2016-07-01,33015.5469,33182.5985,-167.0515,-0.5034
sazonal_ingenuo,2016-06-01,2,2016-08-01,33889.707,34310.1087,-420.4017,-1.2253
sazonal_ingenuo,2016-06-01,3,2016-09-01,35495.7658,34770.657,725.1087,2.0854
sazonal_ingenuo,2016-06-01,4,2016-10-01,36637.6374,35154.594,1483.0434,4.2186
sazonal_ingenuo,2016-06-01,5,2016-11-01,36322.0451,34743.5067,1578.5385,4.5434
sazonal_ingenuo,2016-06-01,6,2016-12-01,36608.2814,35760.8785,847.4029,2.3696
sazonal_ingenuo,2016-06-01,7,2017-01-01,36556.0508,38977.4158,-2421.365,-6.2122
sazonal_ingenuo,2016-06-01,8,2017-02-01,39524.4383,40063.0993,-538.6609,-1.3445
sazonal_ingenuo,2016-06-01,9,2017-03-01,38455.003,39435.9515,-980.9485,-2.4874
sazonal_ingenuo,2016-06-01,10,2017-04-01,37695.7025,35806.0063,1889.6962,5.2776
sazonal_ingenuo,2016-06-01,11,2017-05-01,33979.3809,34414.136,-434.7551,-1.2633
sazonal_ingenuo,2016-06-01,12,2017-06-01,33271.7115,33858.7829,-587.0714,-1.7339
sazonal_ingenuo,2016-07-01,1,2016-08-01,33889.707,34310.1087,-420.4017,-1.2253
sazonal_ingenuo,2016-07-01,2,2016-09-01,35495.7658,34770.657,725.1087,2.0854
sazonal_ingenuo,2016-07-01,3,2016-10-01,36637.6374,35154.594,1483.0434,4.2186
sazonal_ingenuo,2016-07-01,4,2016-11-01,36322.0451,34743.5067,1578.5385,4.5434
sazonal_ingenuo,2016-07-01,5,2016-12-01,36608.2814,35760.8785,847.4029,2.3696
sazonal_ingenuo,2016-07-01,6,2017-01-01,36556.0508,38977.4158,-2421.365,-6.2122
sazonal_ingenuo,2016-07-01,7,2017-02-01,39524.4383,40063.0993,-538.6609,-1.3445
sazonal_ingenuo,2016-07-01,8,2017-03-01,38455.003,39435.9515,-980.9485,-2.4874
sazonal_ingenuo,2016-07-01,9,2017-04-01,37695.7025,35806.0063,1889.6962,5.2776
sazonal_ingenuo,2016-07-01,10,2017-05-01,33979.3809,34414.136,-434.7551,-1.2633
sazonal_ingenuo,2016-07-01,11,2017-06-01,33271.7115,33858.7829,-587.0714,-1.7339
sazonal_ingenuo,2016-07-01,12,2017-07-01,33182.5985,32552.0376,630.5609,1.9371
sazonal_ingenuo,2016-08-01,1,2016-09-01,35495.7658,34770.657,725.1087,2.0854
sazonal_ingenuo,2016-08-01,2,2016-10-01,36637.6374,35154.594,1483.0434,4.2186
sazonal_ingenuo,2016-08-01,3,2016-11-01,36322.0451,34743.5067,1578.5385,4.5434
sazonal_ingenuo,2016-08-01,4,2016-12-01,36608.2814,35760.8785,847.4029,2.3696
sazonal_ingenuo,2016-08-01,5,2017-01-01,36556.0508,38977.4158,-2421.365,-6.2122
sazonal_ingenuo,2016-08-01,6,2017-02-01,39524.4383,40063.0993,-538.6609,-1.3445
sazonal_ingenuo,2016-08-01,7,2017-03-01,38455.003,39435.9515,-980.9485,-2.4874
sazonal_ingenuo,2016-08-01,8,2017-04-01,37695.7025,35806.0063,1889.6962,5.2776
sazonal_ingenuo,2016-08-01,9,2017-05-01,33979.3809,34414.136,-434.7551,-1.2633
sazonal_ingenuo,2016-08-01,10,2017-06-01,33271.7115,33858.7829,-587.0714,-1.7339
sazonal_ingenuo,2016-08-01,11,2017-07-01,33182.5985,32552.0376,630.5609,1.9371
sazonal_ingenuo,2016-08-01,12,2017-08-01,34310.1087,33822.7218,487.3869,1.441
sazonal_ingenuo,2016-09-01,1,2016-10-01,36637.6374,35154.594,1483.0434,4.2186
sazonal_ingenuo,2016-09-01,2,2016-11-01,36322.0451,34743.5067,1578.5385,4.5434
sazonal_ingenuo,2016-09-01,3,2016-12-01,36608.2814,35760.8785,847.4029,2.3696
sazonal_ingenuo,2016-09-01,4,2017-01-01,36556.0508,38977.4158,-2421.365,-6.2122
sazonal_ingenuo,2016-09-01,5,2017-02-01,39524.4383,40063.0993,-538.6609,-1.3445
sazonal_ingenuo,2016-09-01,6,2017-03-01,38455.003,39435.9515,-980.9485,-2.4874
sazonal_ingenuo,2016-09-01,7,2017-04-01,37695.7025,35806.0063,1889.6962,5.2776
sazonal_ingenuo,2016-09-01,8,2017-05-01,33979.3809,34414.136,-434.7551,-1.2633
sazonal_ingenuo,2016-09-01,9,2017-06-01,33271.7115,33858.7829,-587.0714,-1.7339
sazonal_ingenuo,2016-09-01,10,2017-07-01,33182.5985,32552.0376,630.5609,1.9371
sazonal_ingenuo,2016-09-01,11,2017-08-01,34310.1087,33822.7218,487.3869,1.441
sazonal_ingenuo,2016-09-01,12,2017-09-01,34770.657,35533.9745,-763.3175,-2.1481
sazonal_ingenuo,2016-10-01,1,2016-11-01,36322.0451,34743.5067,1578.5385,4.5434
sazonal_ingenuo,2016-10-01,2,2016-12-01,36608.2814,35760.8785,847.4029,2.3696
sazonal_ingenuo,2016-10-01,3,2017-01-01,36556.0508,38977.4158,-2421.365,-6.2122
sazonal_ingenuo,2016-10-01,4,2017-02-01,39524.4383,40063.0993,-538.6609,-1.3445
sazonal_ingenuo,2016-10-01,5,2017-03-01,38455.003,39435.9515,-980.9485,-2.4874
sazonal_ingenuo,2016-10-01,6,2017-04-01,37695.7025,35806.0063,1889.6962,5.2776
sazonal_ingenuo,2016-10-01,7,2017-05-01,33979.3809,34414.136,-434.7551,-1.2633
sazonal_ingenuo,2016-10-01,8,2017-06-01,33271.7115,33858.7829,-587.0714,-1.7339
sazonal_ingenuo,2016-10-01,9,2017-07-01,33182.5985,32552.0376,630.5609,1.9371
sazonal_ingenuo,2016-10-01,10,2017-08-01,34310.1087,33822.7218,487.3869,1.441
sazonal_ingenuo,2016-10-01,11,2017-09-01,34770.657,35533.9745,-763.3175,-2.1481
sazonal_ingenuo,2016-10-01,12,2017-10-01,35154.594,36565.8335,-1411.2395,-3.8594
sazonal_ingenuo,2016-11-01,1,2016-12-01,36608.2814,35760.8785,847.4029,2.3696
sazonal_ingenuo,2016-11-01,2,2017-01-01,36556.0508,38977.4158,-2421.365,-6.2122
sazonal_ingenuo,2016-11-01,3,2017-02-01,39524.4383,40063.0993,-538.6609,-1.3445
sazonal_ingenuo,2016-11-01,4,2017-03-01,38455.003,39435.9515,-980.9485,-2.4874
sazonal_ingenuo,2016-11-01,5,2017-04-01,37695.7025,35806.0063,1889.6962,5.2776
sazonal_ingenuo,2016-11-01,6,2017-05-01,33979.3809,34414.136,-434.7551,-1.2633
sazonal_ingenuo,2016-11-01,7,2017-06-01,33271.7115,33858.7829,-587.0714,-1.7339
sazonal_ingenuo,2016-11-01,8,2017-07-01,33182.5985,32552.0376,630.5609,1.9371
sazonal_ingenuo,2016-11-01,9,2017-08-01,34310.1087,33822.7218,487.3869,1.441
sazonal_ingenuo,2016-11-01,10,2017-09-01,34770.657,35533.9745,-763.3175,-2.1481
sazonal_ingenuo,2016-11-01,11,2017-10-01,35154.594,36565.8335,-1411.2395,-3.8594
sazonal_ingenuo,2016-11-01,12,2017-11-01,34743.5067,35790.6351,-1047.1284,-2.9257
sazonal_ingenuo,2016-12-01,1,2017-01-01,36556.0508,38977.4158,-2421.365,-6.2122
sazonal_ingenuo,2016-12-01,2,2017-02-01,39524.4383,40063.0993,-538.6609,-1.3445
sazonal_ingenuo,2016-12-01,3,2017-03-01,38455.003,39435.9515,-980.9485,-2.4874
sazonal_ingenuo,2016-12-01,4,2017-04-01,37695.7025,35806.0063,1889.6962,5.2776
sazonal_ingenuo,2016-12-01,5,2017-05-01,33979.3809,34414.136,-434.7551,-1.2633
sazonal_ingenuo,2016-12-01,6,2017-06-01,33271.7115,33858.7829,-587.0714,-1.7339
sazonal_ingenuo,2016-12-01,7,2017-07-01,33182.5985,32552.0376,630.5609,1.9371
sazonal_ingenuo,2016-12-01,8,2017-08-01,34310.1087,33822.7218,487.3869,1.441
sazonal_ingenuo,2016-12-01,9,2017-09-01,34770.657,35533.9745,-763.3175,-2.1481
sazonal_ingenuo,2016-12-01,10,2017-10-01,35154.594,36565.8335,-1411.2395,-3.8594
sazonal_ingenuo,2016-12-01,11,2017-11-01,34743.5067,35790.6351,-1047.1284,-2.9257
sazonal_ingenuo,2016-12-01,12,2017-12-01,35760.8785,36736.4746,-975.5961,-2.6557
sazonal_ingenuo,2017-01-01,1,2017-02-01,39524.4383,40063.0993,-538.6609,-1.3445
sazonal_ingenuo,2017-01-01,2,2017-03-01,38455.003,39435.9515,-980.9485,-2.4874
sazonal_ingenuo,2017-01-01,3,2017-04-01,37695.7025,35806.0063,1889.6962,5.2776
sazonal_ingenuo,2017-01-01,4,2017-05-01,33979.3809,34414.136,-434.7551,-1.2633
sazonal_ingenuo,2017-01-01,5,2017-06-01,33271.7115,33858.7829,-587.0714,-1.7339
sazonal_ingenuo,2017-01-01,6,2017-07-01,33182.5985,32552.0376,630.5609,1.9371
sazonal_ingenuo,2017-01-01,7,2017-08-01,34310.1087,33822.7218,487.3869,1.441
sazonal_ingenuo,2017-01-01,8,2017-09-01,34770.657,35533.9745,-763.3175,-2.1481
sazonal_ingenuo,2017-01-01,9,2017-10-01,35154.594,36565.8335,-1411.2395,-3.8594
sazonal_ingenuo,2017-01-01,10,2017-11-01,34743.5067,35790.6351,-1047.1284,-2.9257
sazonal_ingenuo,2017-01-01,11,2017-12-01,35760.8785,36736.4746,-975.5961,-2.6557
sazonal_ingenuo,2017-01-01,12,2018-01-01,38977.4158,39014.7803,-37.3645,-0.0958
sazonal_ingenuo,2017-02-01,1,2017-03-01,38455.003,39435.9515,-980.9485,-2.4874
sazonal_ingenuo,2017-02-01,2,2017-04-01,37695.7025,35806.0063,1889.6962,5.2776
sazonal_ingenuo,2017-02-01,3,2017-05-01,33979.3809,34414.136,-434.7551,-1.2633
sazonal_ingenuo,2017-02-01,4,2017-06-01,33271.7115,33858.7829,-587.0714,-1.7339
sazonal_ingenuo,2017-02-01,5,2017-07-01,33182.5985,32552.0376,630.5609,1.9371
sazonal_ingenuo,2017-02-01,6,2017-08-01,34310.1087,33822.7218,487.3869,1.441
sazonal_ingenuo,2017-02-01,7,2017-09-01,34770.657,35533.9745,-763.3175,-2.1481
sazonal_ingenuo,2017-02-01,8,2017-10-01,35154.594,36565.8335,-1411.2395,-3.8594
sazonal_ingenuo,2017-02-01,9,2017-11-01,34743.5067,35790.6351,-1047.1284,-2.9257
sazonal_ingenuo,2017-02-01,10,2017-12-01,35760.8785,36736.4746,-975.5961,-2.6557
sazonal_ingenuo,2017-02-01,11,2018-01-01,38977.4158,39014.7803,-37.3645,-0.0958
sazonal_ingenuo,2017-02-01,12,2018-02-01,40063.0993,38534.2142,1528.8851,3.9676
sazonal_ingenuo,2017-03-01,1,2017-04-01,37695.7025,35806.0063,1889.6962,5.2776
sazonal_ingenuo,2017-03-01,2,2017-05-01,33979.3809,34414.136,-434.7551,-1.2633
sazonal_ingenuo,2017-03-01,3,2017-06-01,33271.7115,33858.7829,-587.0714,-1.7339
sazonal_ingenuo,2017-03-01,4,2017-07-01,33182.5985,32552.0376,630.5609,1.9371
sazonal_ingenuo,2017-03-01,5,2017-08-01,34310.1087,33822.7218,487.3869,1.441
sazonal_ingenuo,2017-03-01,6,2017-09-01,34770.657,35533.9745,-763.3175,-2.1481
sazonal_ingenuo,2017-03-01,7,2017-10-01,35154.594,36565.8335,-1411.2395,-3.8594
sazonal_ingenuo,2017-03-01,8,2017-11-01,34743.5067,35790.6351,-1047.1284,-2.9257
sazonal_ingenuo,2017-03-01,9,2017-12-01,35760.8785,36736.4746,-975.5961,-2.6557
sazonal_ingenuo,2017-03-01,10,2018-01-01,38977.4158,39014.7803,-37.3645,-0.0958
sazonal_ingenuo,2017-03-01,11,2018-02-01,40063.0993,38534.2142,1528.8851,3.9676
sazonal_ingenuo,2017-03-01,12,2018-03-01,39435.9515,40027.9812,-592.0297,-1.479
sazonal_ingenuo,2017-04-01,1,2017-05-01,33979.3809,34414.136,-434.7551,-1.2633
sazonal_ingenuo,2017-04-01,2,2017-06-01,33271.7115,33858.7829,-587.0714,-1.7339
sazonal_ingenuo,2017-04-01,3,2017-07-01,33182.5985,32552.0376,630.5609,1.9371
sazonal_ingenuo,2017-04-01,4,2017-08-01,34310.1087,33822.7218,487.3869,1.441
sazonal_ingenuo,2017-04-01,5,2017-09-01,34770.657,35533.9745,-763.3175,-2.1481
sazonal_ingenuo,2017-04-01,6,2017-10-01,35154.594,36565.8335,-1411.2395,-3.8594
sazonal_ingenuo,2017-04-01,7,2017-11-01,34743.5067,35790.6351,-1047.1284,-2.9257
sazonal_ingenuo,2017-04-01,8,2017-12-01,35760.8785,36736.4746,-975.5961,-2.6557
sazonal_ingenuo,2017-04-01,9,2018-01-01,38977.4158,39014.7803,-37.3645,-0.0958
sazonal_ingenuo,2017-04-01,10,2018-02-01,40063.0993,38534.2142,1528.8851,3.9676
sazonal_ingenuo,2017-04-01,11,2018-03-01,39435.9515,40027.9812,-592.0297,-1.479
sazonal_ingenuo,2017-04-01,12,2018-04-01,35806.0063,36668.6995,-862.6931,-2.3527
sazonal_ingenuo,2017-05-01,1,2017-06-01,33271.7115,33858.7829,-587.0714,-1.7339
sazonal_ingenuo,2017-05-01,2,2017-07-01,33182.5985,32552.0376,630.5609,1.9371
sazonal_ingenuo,2017-05-01,3,2017-08-01,34310.1087,33822.7218,487.3869,1.441
sazonal_ingenuo,2017-05-01,4,2017-09-01,34770.657,35533.9745,-763.3175,-2.1481
sazonal_ingenuo,2017-05-01,5,2017-10-01,35154.594,36565.8335,-1411.2395,-3.8594
sazonal_ingenuo,2017-05-01,6,2017-11-01,34743.5067,35790.6351,-1047.1284,-2.9257
sazonal_ingenuo,2017-05-01,7,2017-12-01,35760.8785,36736.4746,-975.5961,-2.6557
sazonal_ingenuo,2017-05-01,8,2018-01-01,38977.4158,39014.7803,-37.3645,-0.0958
sazonal_ingenuo,2017-05-01,9,2018-02-01,40063.0993,38534.2142,1528.8851,3.9676
sazonal_ingenuo,2017-05-01,10,2018-03-01,39435.9515,40027.9812,-592.0297,-1.479
sazonal_ingenuo,2017-05-01,11,2018-04-01,35806.0063,36668.6995,-862.6931,-2.3527
sazonal_ingenuo,2017-05-01,12,2018-05-01,34414.136,34197.8245,216.3115,0.6325
sazonal_ingenuo,2017-06-01,1,2017-07-01,33182.5985,32552.0376,630.5609,1.9371
sazonal_ingenuo,2017-06-01,2,2017-08-01,34310.1087,33822.7218,487.3869,1.441
sazonal_ingenuo,2017-06-01,3,2017-09-01,34770.657,35533.9745,-763.3175,-2.1481
sazonal_ingenuo,2017-06-01,4,2017-10-01,35154.594,36565.8335,-1411.2395,-3.8594
sazonal_ingenuo,2017-06-01,5,2017-11-01,34743.5067,35790.6351,-1047.1284,-2.9257
sazonal_ingenuo,2017-06-01,6,2017-12-01,35760.8785,36736.4746,-975.5961,-2.6557
sazonal_ingenuo,2017-06-01,7,2018-01-01,38977.4158,39014.7803,-37.3645,-0.0958
sazonal_ingenuo,2017-06-01,8,2018-02-01,40063.0993,38534.2142,1528.8851,3.9676
sazonal_ingenuo,2017-06-01,9,2018-03-01,39435.9515,40027.9812,-592.0297,-1.479
sazonal_ingenuo,2017-06-01,10,2018-04-01,35806.0063,36668.6995,-862.6931,-2.3527
sazonal_ingenuo,2017-06-01,11,2018-05-01,34414.136,34197.8245,216.3115,0.6325
sazonal_ingenuo,2017-06-01,12,2018-06-01,33858.7829,33858.1352,0.6476,0.0019
sazonal_ingenuo,2017-07-01,1,2017-08-01,34310.1087,33822.7218,487.3869,1.441
sazonal_ingenuo,2017-07-01,2,2017-09-01,34770.657,35533.9745,-763.3175,-2.1481
sazonal_ingenuo,2017-07-01,3,2017-10-01,35154.594,36565.8335,-1411.2395,-3.8594
sazonal_ingenuo,2017-07-01,4,2017-11-01,34743.5067,35790.6351,-1047.1284,-2.9257
sazonal_ingenuo,2017-07-01,5,2017-12-01,35760.8785,36736.4746,-975.5961,-2.6557
sazonal_ingenuo,2017-07-01,6,2018-01-01,38977.4158,39014.7803,-37.3645,-0.0958
sazonal_ingenuo,2017-07-01,7,2018-02-01,40063.0993,38534.2142,1528.8851,3.9676
sazonal_ingenuo,2017-07-01,8,2018-03-01,39435.9515,40027.9812,-592.0297,-1.479
sazonal_ingenuo,2017-07-01,9,2018-04-01,35806.0063,36668.6995,-862.6931,-2.3527
sazonal_ingenuo,2017-07-01,10,2018-05-01,34414.136,34197.8245,216.3115,0.6325
sazonal_ingenuo,2017-07-01,11,2018-06-01,33858.7829,33858.1352,0.6476,0.0019
sazonal_ingenuo,2017-07-01,12,2018-07-01,32552.0376,33919.2557,-1367.2182,-4.0308
sazonal_ingenuo,2017-08-01,1,2017-09-01,34770.657,35533.9745,-763.3175,-2.1481
sazonal_ingenuo,2017-08-01,2,2017-10-01,35154.594,36565.8335,-1411.2395,-3.8594
sazonal_ingenuo,2017-08-01,3,2017-11-01,34743.5067,35790.6351,-1047.1284,-2.9257
sazonal_ingenuo,2017-08-01,4,2017-12-01,35760.8785,36736.4746,-975.5961,-2.6557
sazonal_ingenuo,2017-08-01,5,2018-01-01,38977.4158,39014.7803,-37.3645,-0.0958
sazonal_ingenuo,2017-08-01,6,2018-02-01,40063.0993,38534.2142,1528.8851,3.9676
sazonal_ingenuo,2017-08-01,7,2018-03-01,39435.9515,40027.9812,-592.0297,-1.479
sazonal_ingenuo,2017-08-01,8,2018-04-01,35806.0063,36668.6995,-862.6931,-2.3527
sazonal_ingenuo,2017-08-01,9,2018-05-01,34414.136,34197.8245,216.3115,0.6325
sazonal_ingenuo,2017-08-01,10,2018-06-01,33858.7829,33858.1352,0.6476,0.0019
sazonal_ingenuo,2017-08-01,11,2018-07-01,32552.0376,33919.2557,-1367.2182,-4.0308
sazonal_ingenuo,2017-08-01,12,2018-08-01,33822.7218,34465.4632,-642.7415,-1.8649
sazonal_ingenuo,2017-09-01,1,2017-10-01,35154.594,36565.8335,-1411.2395,-3.8594
sazonal_ingenuo,2017-09-01,2,2017-11-01,34743.5067,35790.6351,-1047.1284,-2.9257
sazonal_ingenuo,2017-09-01,3,2017-12-01,35760.8785,36736.4746,-975.5961,-2.6557
sazonal_ingenuo,2017-09-01,4,2018-01-01,38977.4158,39014.7803,-37.3645,-0.0958
sazonal_ingenuo,2017-09-01,5,2018-02-01,40063.0993,38534.2142,1528.8851,3.9676
sazonal_ingenuo,2017-09-01,6,2018-03-01,39435.9515,40027.9812,-592.0297,-1.479
sazonal_ingenuo,2017-09-01,7,2018-04-01,35806.0063,36668.6995,-862.6931,-2.3527
sazonal_ingenuo,2017-09-01,8,2018-05-01,34414.136,34197.8245,216.3115,0.6325
sazonal_ingenuo,2017-09-01,9,2018-06-01,33858.7829,33858.1352,0.6476,0.0019
sazonal_ingenuo,2017-09-01,10,2018-07-01,32552.0376,33919.2557,-1367.2182,-4.0308
sazonal_ingenuo,2017-09-01,11,2018-08-01,33822.7218,34465.4632,-642.7415,-1.8649
sazonal_ingenuo,2017-09-01,12,2018-09-01,35533.9745,35488.2045,45.7701,0.129
sazonal_ingenuo,2017-10-01,1,2017-11-01,34743.5067,35790.6351,-1047.1284,-2.9257
sazonal_ingenuo,2017-10-01,2,2017-12-01,35760.8785,36736.4746,-975.5961,-2.6557
sazonal_ingenuo,2017-10-01,3,2018-01-01,38977.4158,39014.7803,-37.3645,-0.0958
sazonal_ingenuo,2017-10-01,4,2018-02-01,40063.0993,38534.2142,1528.8851,3.9676
sazonal_ingenuo,2017-10-01,5,2018-03-01,39435.9515,40027.9812,-592.0297,-1.479
sazonal_ingenuo,2017-10-01,6,2018-04-01,35806.0063,36668.6995,-862.6931,-2.3527
sazonal_ingenuo,2017-10-01,7,2018-05-01,34414.136,34197.8245,216.3115,0.6325
sazonal_ingenuo,2017-10-01,8,2018-06-01,33858.7829,33858.1352,0.6476,0.0019
sazonal_ingenuo,2017-10-01,9,2018-07-01,32552.0376,33919.2557,-1367.2182,-4.0308
sazonal_ingenuo,2017-10-01,10,2018-08-01,33822.7218,34465.4632,-642.7415,-1.8649
sazonal_ingenuo,2017-10-01,11,2018-09-01,35533.9745,35488.2045,45.7701,0.129
sazonal_ingenuo,2017-10-01,12,2018-10-01,36565.8335,36868.9276,-303.0941,-0.8221
sazonal_ingenuo,2017-11-01,1,2017-12-01,35760.8785,36736.4746,-975.5961,-2.6557
sazonal_ingenuo,2017-11-01,2,2018-01-01,38977.4158,39014.7803,-37.3645,-0.0958
sazonal_ingenuo,2017-11-01,3,2018-02-01,40063.0993,38534.2142,1528.8851,3.9676
sazonal_ingenuo,2017-11-01,4,2018-03-01,39435.9515,40027.9812,-592.0297,-1.479
sazonal_ingenuo,2017-11-01,5,2018-04-01,35806.0063,36668.6995,-862.6931,-2.3527
sazonal_ingenuo,2017-11-01,6,2018-05-01,34414.136,34197.8245,216.3115,0.6325
sazonal_ingenuo,2017-11-01,7,2018-06-01,33858.7829,33858.1352,0.6476,0.0019
sazonal_ingenuo,2017-11-01,8,2018-07-01,32552.0376,33919.2557,-1367.2182,-4.0308
sazonal_ingenuo,2017-11-01,9,2018-08-01,33822.7218,34465.4632,-642.7415,-1.8649
sazonal_ingenuo,2017-11-01,10,2018-09-01,35533.9745,35488.2045,45.7701,0.129
sazonal_ingenuo,2017-11-01,11,2018-10-01,36565.8335,36868.9276,-303.0941,-0.8221
sazonal_ingenuo,2017-11-01,12,2018-11-01,35790.6351,36725.6111,-934.976,-2.5458
sazonal_ingenuo,2017-12-01,1,2018-01-01,38977.4158,39014.7803,-37.3645,-0.0958
sazonal_ingenuo,2017-12-01,2,2018-02-01,40063.0993,38534.2142,1528.8851,3.9676
sazonal_ingenuo,2017-12-01,3,2018-03-01,39435.9515,40027.9812,-592.0297,-1.479
sazonal_ingenuo,2017-12-01,4,2018-04-01,35806.0063,36668.6995,-862.6931,-2.3527
sazonal_ingenuo,2017-12-01,5,2018-05-01,34414.136,34197.8245,216.3115,0.6325
sazonal_ingenuo,2017-12-01,6,2018-06-01,33858.7829,33858.1352,0.6476,0.0019
sazonal_ingenuo,2017-12-01,7,2018-07-01,32552.0376,33919.2557,-1367.2182,-4.0308
sazonal_ingenuo,2017-12-01,8,2018-08-01,33822.7218,34465.4632,-642.7415,-1.8649
sazonal_ingenuo,2017-12-01,9,2018-09-01,35533.9745,35488.2045,45.7701,0.129
sazonal_ingenuo,2017-12-01,10,2018-10-01,36565.8335,36868.9276,-303.0941,-0.8221
sazonal_ingenuo,2017-12-01,11,2018-11-01,35790.6351,36725.6111,-934.976,-2.5458
sazonal_ingenuo,2017-12-01,12,2018-12-01,36736.4746,38158.3807,-1421.9061,-3.7263
sazonal_ingenuo,2018-01-01,1,2018-02-01,40063.0993,38534.2142,1528.8851,3.9676
sazonal_ingenuo,2018-01-01,2,2018-03-01,39435.9515,40027.9812,-592.0297,-1.479
sazonal_ingenuo,2018-01-01,3,2018-04-01,35806.0063,36668.6995,-862.6931,-2.3527
sazonal_ingenuo,2018-01-01,4,2018-05-01,34414.136,34197.8245,216.3115,0.6325
sazonal_ingenuo,2018-01-01,5,2018-06-01,33858.7829,33858.1352,0.6476,0.0019
sazonal_ingenuo,2018-01-01,6,2018-07-01,32552.0376,33919.2557,-1367.2182,-4.0308
sazonal_ingenuo,2018-01-01,7,2018-08-01,33822.7218,34465.4632,-642.7415,-1.8649
sazonal_ingenuo,2018-01-01,8,2018-09-01,35533.9745,35488.2045,45.7701,0.129
sazonal_ingenuo,2018-01-01,9,2018-10-01,36565.8335,36868.9276,-303.0941,-0.8221
sazonal_ingenuo,2018-01-01,10,2018-11-01,35790.6351,36725.6111,-934.976,-2.5458
sazonal_ingenuo,2018-01-01,11,2018-12-01,36736.4746,38158.3807,-1421.9061,-3.7263
sazonal_ingenuo,2018-01-01,12,2019-01-01,39014.7803,42133.9275,-3119.1472,-7.4029
sazonal_ingenuo,2018-02-01,1,2018-03-01,39435.9515,40027.9812,-592.0297,-1.479
sazonal_ingenuo,2018-02-01,2,2018-04-01,35806.0063,36668.6995,-862.6931,-2.3527
sazonal_ingenuo,2018-02-01,3,2018-05-01,34414.136,34197.8245,216.3115,0.6325
sazonal_ingenuo,2018-02-01,4,2018-06-01,33858.7829,33858.1352,0.6476,0.0019
sazonal_ingenuo,2018-02-01,5,2018-07-01,32552.0376,33919.2557,-1367.2182,-4.0308
sazonal_ingenuo,2018-02-01,6,2018-08-01,33822.7218,34465.4632,-642.7415,-1.8649
sazonal_ingenuo,2018-02-01,7,2018-09-01,35533.9745,35488.2045,45.7701,0.129
sazonal_ingenuo,2018-02-01,8,2018-10-01,36565.8335,36868.9276,-303.0941,-0.8221
sazonal_ingenuo,2018-02-01,9,2018-11-01,35790.6351,36725.6111,-934.976,-2.5458
sazonal_ingenuo,2018-02-01,10,2018-12-01,36736.4746,38158.3807,-1421.9061,-3.7263
sazonal_ingenuo,2018-02-01,11,2019-01-01,39014.7803,42133.9275,-3119.1472,-7.4029
sazonal_ingenuo,2018-02-01,12,2019-02-01,38534.2142,40667.0042,-2132.79,-5.2445
sazonal_ingenuo,2018-03-01,1,2018-04-01,35806.0063,36668.6995,-862.6931,-2.3527
sazonal_ingenuo,2018-03-01,2,2018-05-01,34414.136,34197.8245,216.3115,0.6325
sazonal_ingenuo,2018-03-01,3,2018-06-01,33858.7829,33858.1352,0.6476,0.0019
sazonal_ingenuo,2018-03-01,4,2018-07-01,32552.0376,33919.2557,-1367.2182,-4.0308
sazonal_ingenuo,2018-03-01,5,2018-08-01,33822.7218,34465.4632,-642.7415,-1.8649
sazonal_ingenuo,2018-03-01,6,2018-09-01,35533.9745,35488.2045,45.7701,0.129
sazonal_ingenuo,2018-03-01,7,2018-10-01,36565.8335,36868.9276,-303.0941,-0.8221
sazonal_ingenuo,2018-03-01,8,2018-11-01,35790.6351,36725.6111,-934.976,-2.5458
sazonal_ingenuo,2018-03-01,9,2018-12-01,36736.4746,38158.3807,-1421.9061,-3.7263
sazonal_ingenuo,2018-03-01,10,2019-01-01,39014.7803,42133.9275,-3119.1472,-7.4029
sazonal_ingenuo,2018-03-01,11,2019-02-01,38534.2142,40667.0042,-2132.79,-5.2445
sazonal_ingenuo,2018-03-01,12,2019-03-01,40027.9812,38892.6826,1135.2986,2.9191
sazonal_ingenuo,2018-04-01,1,2018-05-01,34414.136,34197.8245,216.3115,0.6325
sazonal_ingenuo,2018-04-01,2,2018-06-01,33858.7829,33858.1352,0.6476,0.0019
sazonal_ingenuo,2018-04-01,3,2018-07-01,32552.0376,33919.2557,-1367.2182,-4.0308
sazonal_ingenuo,2018-04-01,4,2018-08-01,33822.7218,34465.4632,-642.7415,-1.8649
sazonal_ingenuo,2018-04-01,5,2018-09-01,35533.9745,35488.2045,45.7701,0.129
sazonal_ingenuo,2018-04-01,6,2018-10-01,36565.8335,36868.9276,-303.0941,-0.8221
sazonal_ingenuo,2018-04-01,7,2018-11-01,35790.6351,36725.6111,-934.976,-2.5458
sazonal_ingenuo,2018-04-01,8,2018-12-01,36736.4746,38158.3807,-1421.9061,-3.7263
sazonal_ingenuo,2018-04-01,9,2019-01-01,39014.7803,42133.9275,-3119.1472,-7.4029
sazonal_ingenuo,2018-04-01,10,2019-02-01,38534.2142,40667.0042,-2132.79,-5.2445
sazonal_ingenuo,2018-04-01,11,2019-03-01,40027.9812,38892.6826,1135.2986,2.9191
sazonal_ingenuo,2018-04-01,12,2019-04-01,36668.6995,37888.0324,-1219.3329,-3.2183
sazonal_ingenuo,2018-05-01,1,2018-06-01,33858.7829,33858.1352,0.6476,0.0019
sazonal_ingenuo,2018-05-01,2,2018-07-01,32552.0376,33919.2557,-1367.2182,-4.0308
sazonal_ingenuo,2018-05-01,3,2018-08-01,33822.7218,34465.4632,-642.7415,-1.8649
sazonal_ingenuo,2018-05-01,4,2018-09-01,35533.9745,35488.2045,45.7701,0.129
sazonal_ingenuo,2018-05-01,5,2018-10-01,36565.8335,36868.9276,-303.0941,-0.8221
sazonal_ingenuo,2018-05-01,6,2018-11-01,35790.6351,36725.6111,-934.976,-2.5458
sazonal_ingenuo,2018-05-01,7,2018-12-01,36736.4746,38158.3807,-1421.9061,-3.7263
sazonal_ingenuo,2018-05-01,8,2019-01-01,39014.7803,42133.9275,-3119.1472,-7.4029
sazonal_ingenuo,2018-05-01,9,2019-02-01,38534.2142,40667.0042,-2132.79,-5.2445
sazonal_ingenuo,2018-05-01,10,2019-03-01,40027.9812,38892.6826,1135.2986,2.9191
sazonal_ingenuo,2018-05-01,11,2019-04-01,36668.6995,37888.0324,-1219.3329,-3.2183
sazonal_ingenuo,2018-05-01,12,2019-05-01,34197.8245,35795.5702,-1597.7457,-4.4635
sazonal_ingenuo,2018-06-01,1,2018-07-01,32552.0376,33919.2557,-1367.2182,-4.0308
sazonal_ingenuo,2018-06-01,2,2018-08-01,33822.7218,34465.4632,-642.7415,-1.8649
sazonal_ingenuo,2018-06-01,3,2018-09-01,35533.9745,35488.2045,45.7701,0.129
sazonal_ingenuo,2018-06-01,4,2018-10-01,36565.8335,36868.9276,-303.0941,-0.8221
sazonal_ingenuo,2018-06-01,5,2018-11-01,35790.6351,36725.6111,-934.976,-2.5458
sazonal_ingenuo,2018-06-01,6,2018-12-01,36736.4746,38158.3807,-1421.9061,-3.7263
sazonal_ingenuo,2018-06-01,7,2019-01-01,39014.7803,42133.9275,-3119.1472,-7.4029
sazonal_ingenuo,2018-06-01,8,2019-02-01,38534.2142,40667.0042,-2132.79,-5.2445
sazonal_ingenuo,2018-06-01,9,2019-03-01,40027.9812,38892.6826,1135.2986,2.9191
sazonal_ingenuo,2018-06-01,10,2019-04-01,36668.6995,37888.0324,-1219.3329,-3.2183
sazonal_ingenuo,2018-06-01,11,2019-05-01,34197.8245,35795.5702,-1597.7457,-4.4635
sazonal_ingenuo,2018-06-01,12,2019-06-01,33858.1352,34226.9213,-368.7861,-1.0775
sazonal_ingenuo,2018-07-01,1,2018-08-01,33822.7218,34465.4632,-642.7415,-1.8649
sazonal_ingenuo,2018-07-01,2,2018-09-01,35533.9745,35488.2045,45.7701,0.129
sazonal_ingenuo,2018-07-01,3,2018-10-01,36565.8335,36868.9276,-303.0941,-0.8221
sazonal_ingenuo,2018-07-01,4,2018-11-01,35790.6351,36725.6111,-934.976,-2.5458
sazonal_ingenuo,2018-07-01,5,2018-12-01,36736.4746,38158.3807,-1421.9061,-3.7263
sazonal_ingenuo,2018-07-01,6,2019-01-01,39014.7803,42133.9275,-3119.1472,-7.4029
sazonal_ingenuo,2018-07-01,7,2019-02-01,38534.2142,40667.0042,-2132.79,-5.2445
sazonal_ingenuo,2018-07-01,8,2019-03-01,40027.9812,38892.6826,1135.2986,2.9191
sazonal_ingenuo,2018-07-01,9,2019-04-01,36668.6995,37888.0324,-1219.3329,-3.2183
sazonal_ingenuo,2018-07-01,10,2019-05-01,34197.8245,35795.5702,-1597.7457,-4.4635
sazonal_ingenuo,2018-07-01,11,2019-06-01,33858.1352,34226.9213,-368.7861,-1.0775
sazonal_ingenuo,2018-07-01,12,2019-07-01,33919.2557,33569.6216,349.6341,1.0415
sazonal_ingenuo,2018-08-01,1,2018-09-01,35533.9745,35488.2045,45.7701,0.129
sazonal_ingenuo,2018-08-01,2,2018-10-01,36565.8335,36868.9276,-303.0941,-0.8221
sazonal_ingenuo,2018-08-01,3,2018-11-01,35790.6351,36725.6111,-934.976,-2.5458
sazonal_ingenuo,2018-08-01,4,2018-12-01,36736.4746,38158.3807,-1421.9061,-3.7263
sazonal_ingenuo,2018-08-01,5,2019-01-01,39014.7803,42133.9275,-3119.1472,-7.4029
sazonal_ingenuo,2018-08-01,6,2019-02-01,38534.2142,40667.0042,-2132.79,-5.2445
sazonal_ingenuo,2018-08-01,7,2019-03-01,40027.9812,38892.6826,1135.2986,2.9191
sazonal_ingenuo,2018-08-01,8,2019-04-01,36668.6995,37888.0324,-1219.3329,-3.2183
sazonal_ingenuo,2018-08-01,9,2019-05-01,34197.8245,35795.5702,-1597.7457,-4.4635
sazonal_ingenuo,2018-08-01,10,2019-06-01,33858.1352,34226.9213,-368.7861,-1.0775
sazonal_ingenuo,2018-08-01,11,2019-07-01,33919.2557,33569.6216,349.6341,1.0415
sazonal_ingenuo,2018-08-01,12,2019-08-01,34465.4632,34180.6521,284.8111,0.8333
sazonal_ingenuo,2018-09-01,1,2018-10-01,36565.8335,36868.9276,-303.0941,-0.8221
sazonal_ingenuo,2018-09-01,2,2018-11-01,35790.6351,36725.6111,-934.976,-2.5458
sazonal_ingenuo,2018-09-01,3,2018-12-01,36736.4746,38158.3807,-1421.9061,-3.7263
sazonal_ingenuo,2018-09-01,4,2019-01-01,39014.7803,42133.9275,-3119.1472,-7.4029
sazonal_ingenuo,2018-09-01,5,2019-02-01,38534.2142,40667.0042,-2132.79,-5.2445
sazonal_ingenuo,2018-09-01,6,2019-03-01,40027.9812,38892.6826,1135.2986,2.9191
sazonal_ingenuo,2018-09-01,7,2019-04-01,36668.6995,37888.0324,-1219.3329,-3.2183
sazonal_ingenuo,2018-09-01,8,2019-05-01,34197.8245,35795.5702,-1597.7457,-4.4635
sazonal_ingenuo,2018-09-01,9,2019-06-01,33858.1352,34226.9213,-368.7861,-1.0775
sazonal_ingenuo,2018-09-01,10,2019-07-01,33919.2557,33569.6216,349.6341,1.0415
sazonal_ingenuo,2018-09-01,11,2019-08-01,34465.4632,34180.6521,284.8111,0.8333
sazonal_ingenuo,2018-09-01,12,2019-09-01,35488.2045,36699.7232,-1211.5187,-3.3012
sazonal_ingenuo,2018-10-01,1,2018-11-01,35790.6351,36725.6111,-934.976,-2.5458
sazonal_ingenuo,2018-10-01,2,2018-12-01,36736.4746,38158.3807,-1421.9061,-3.7263
sazonal_ingenuo,2018-10-01,3,2019-01-01,39014.7803,42133.9275,-3119.1472,-7.4029
sazonal_ingenuo,2018-10-01,4,2019-02-01,38534.2142,40667.0042,-2132.79,-5.2445
sazonal_ingenuo,2018-10-01,5,2019-03-01,40027.9812,38892.6826,1135.2986,2.9191
sazonal_ingenuo,2018-10-01,6,2019-04-01,36668.6995,37888.0324,-1219.3329,-3.2183
sazonal_ingenuo,2018-10-01,7,2019-05-01,34197.8245,35795.5702,-1597.7457,-4.4635
sazonal_ingenuo,2018-10-01,8,2019-06-01,33858.1352,34226.9213,-368.7861,-1.0775
sazonal_ingenuo,2018-10-01,9,2019-07-01,33919.2557,33569.6216,349.6341,1.0415
sazonal_ingenuo,2018-10-01,10,2019-08-01,34465.4632,34180.6521,284.8111,0.8333
sazonal_ingenuo,2018-10-01,11,2019-09-01,35488.2045,36699.7232,-1211.5187,-3.3012
sazonal_ingenuo,2018-10-01,12,2019-10-01,36868.9276,37918.2543,-1049.3268,-2.7673
sazonal_ingenuo,2018-11-01,1,2018-12-01,36736.4746,38158.3807,-1421.9061,-3.7263
sazonal_ingenuo,2018-11-01,2,2019-01-01,39014.7803,42133.9275,-3119.1472,-7.4029
sazonal_ingenuo,2018-11-01,3,2019-02-01,38534.2142,40667.0042,-2132.79,-5.2445
sazonal_ingenuo,2018-11-01,4,2019-03-01,40027.9812,38892.6826,1135.2986,2.9191
sazonal_ingenuo,2018-11-01,5,2019-04-01,36668.6995,37888.0324,-1219.3329,-3.2183
sazonal_ingenuo,2018-11-01,6,2019-05-01,34197.8245,35795.5702,-1597.7457,-4.4635
sazonal_ingenuo,2018-11-01,7,2019-06-01,33858.1352,34226.9213,-368.7861,-1.0775
sazonal_ingenuo,2018-11-01,8,2019-07-01,33919.2557,33569.6216,349.6341,1.0415
sazonal_ingenuo,2018-11-01,9,2019-08-01,34465.4632,34180.6521,284.8111,0.8333
sazonal_ingenuo,2018-11-01,10,2019-09-01,35488.2045,36699.7232,-1211.5187,-3.3012
sazonal_ingenuo,2018-11-01,11,2019-10-01,36868.9276,37918.2543,-1049.3268,-2.7673
sazonal_ingenuo,2018-11-01,12,2019-11-01,36725.6111,37089.4265,-363.8154,-0.9809
sazonal_ingenuo,2018-12-01,1,2019-01-01,39014.7803,42133.9275,-3119.1472,-7.4029
sazonal_ingenuo,2018-12-01,2,2019-02-01,38534.2142,40667.0042,-2132.79,-5.2445
sazonal_ingenuo,2018-12-01,3,2019-03-01,40027.9812,38892.6826,1135.2986,2.9191
sazonal_ingenuo,2018-12-01,4,2019-04-01,36668.6995,37888.0324,-1219.3329,-3.2183
sazonal_ingenuo,2018-12-01,5,2019-05-01,34197.8245,35795.5702,-1597.7457,-4.4635
sazonal_ingenuo,2018-12-01,6,2019-06-01,33858.1352,34226.9213,-368.7861,-1.0775
sazonal_ingenuo,2018-12-01,7,2019-07-01,33919.2557,33569.6216,349.6341,1.0415
sazonal_ingenuo,2018-12-01,8,2019-08-01,34465.4632,34180.6521,284.8111,0.8333
sazonal_ingenuo,2018-12-01,9,2019-09-01,35488.2045,36699.7232,-1211.5187,-3.3012
sazonal_ingenuo,2018-12-01,10,2019-10-01,36868.9276,37918.2543,-1049.3268,-2.7673
sazonal_ingenuo,2018-12-01,11,2019-11-01,36725.6111,37089.4265,-363.8154,-0.9809
sazonal_ingenuo,2018-12-01,12,2019-12-01,38158.3807,36887.2681,1271.1126,3.4459
sazonal_ingenuo,2019-01-01,1,2019-02-01,38534.2142,40667.0042,-2132.79,-5.2445
sazonal_ingenuo,2019-01-01,2,2019-03-01,40027.9812,38892.6826,1135.2986,2.9191
sazonal_ingenuo,2019-01-01,3,2019-04-01,36668.6995,37888.0324,-1219.3329,-3.2183
sazonal_ingenuo,2019-01-01,4,2019-05-01,34197.8245,35795.5702,-1597.7457,-4.4635
sazonal_ingenuo,2019-01-01,5,2019-06-01,33858.1352,34226.9213,-368.7861,-1.0775
sazonal_ingenuo,2019-01-01,6,2019-07-01,33919.2557,33569.6216,349.6341,1.0415
sazonal_ingenuo,2019-01-01,7,2019-08-01,34465.4632,34180.6521,284.8111,0.8333
sazonal_ingenuo,2019-01-01,8,2019-09-01,35488.2045,36699.7232,-1211.5187,-3.3012
sazonal_ingenuo,2019-01-01,9,2019-10-01,36868.9276,37918.2543,-1049.3268,-2.7673
sazonal_ingenuo,2019-01-01,10,2019-11-01,36725.6111,37089.4265,-363.8154,-0.9809
sazonal_ingenuo,2019-01-01,11,2019-12-01,38158.3807,36887.2681,1271.1126,3.4459
sazonal_ingenuo,2019-02-01,1,2019-03-01,40027.9812,38892.6826,1135.2986,2.9191
sazonal_ingenuo,2019-02-01,2,2019-04-01,36668.6995,37888.0324,-1219.3329,-3.2183
sazonal_ingenuo,2019-02-01,3,2019-05-01,34197.8245,35795.5702,-1597.7457,-4.4635
sazonal_ingenuo,2019-02-01,4,2019-06-01,33858.1352,34226.9213,-368.7861,-1.0775
sazonal_ingenuo,2019-02-01,5,2019-07-01,33919.2557,33569.6216,349.6341,1.0415
sazonal_ingenuo,2019-02-01,6,2019-08-01,34465.4632,34180.6521,284.8111,0.8333
sazonal_ingenuo,2019-02-01,7,2019-09-01,35488.2045,36699.7232,-1211.5187,-3.3012
sazonal_ingenuo,2019-02-01,8,2019-10-01,36868.9276,37918.2543,-1049.3268,-2.7673
sazonal_ingenuo,2019-02-01,9,2019-11-01,36725.6111,37089.4265,-363.8154,-0.9809
sazonal_ingenuo,2019-02-01,10,2019-12-01,38158.3807,36887.2681,1271.1126,3.4459
sazonal_ingenuo,2019-03-01,1,2019-04-01,36668.6995,37888.0324,-1219.3329,-3.2183
sazonal_ingenuo,2019-03-01,2,2019-05-01,34197.8245,35795.5702,-1597.7457,-4.4635
sazonal_ingenuo,2019-03-01,3,2019-06-01,33858.1352,34226.9213,-368.7861,-1.0775
sazonal_ingenuo,2019-03-01,4,2019-07-01,33919.2557,33569.6216,349.6341,1.0415
sazonal_ingenuo,2019-03-01,5,2019-08-01,34465.4632,34180.6521,284.8111,0.8333
sazonal_ingenuo,2019-03-01,6,2019-09-01,35488.2045,36699.7232,-1211.5187,-3.3012
sazonal_ingenuo,2019-03-01,7,2019-10-01,36868.9276,37918.2543,-1049.3268,-2.7673
sazonal_ingenuo,2019-03-01,8,2019-11-01,36725.6111,37089.4265,-363.8154,-0.9809
sazonal_ingenuo,2019-03-01,9,2019-12-01,38158.3807,36887.2681,1271.1126,3.4459
sazonal_ingenuo,2019-04-01,1,2019-05-01,34197.8245,35795.5702,-1597.7457,-4.4635
sazonal_ingenuo,2019-04-01,2,2019-06-01,33858.1352,34226.9213,-368.7861,-1.0775
sazonal_ingenuo,2019-04-01,3,2019-07-01,33919.2557,33569.6216,349.6341,1.0415
sazonal_ingenuo,2019-04-01,4,2019-08-01,34465.4632,34180.6521,284.8111,0.8333
sazonal_ingenuo,2019-04-01,5,2019-09-01,35488.2045,36699.7232,-1211.5187,-3.3012
sazonal_ingenuo,2019-04-01,6,2019-10-01,36868.9276,37918.2543,-1049.3268,-2.7673
sazonal_ingenuo,2019-04-01,7,2019-11-01,36725.6111,37089.4265,-363.8154,-0.9809
sazonal_ingenuo,2019-04-01,8,2019-12-01,38158.3807,36887.2681,1271.1126,3.4459
sazonal_ingenuo,2019-05-01,1,2019-06-01,33858.1352,34226.9213,-368.7861,-1.0775
sazonal_ingenuo,2019-05-01,2,2019-07-01,33919.2557,33569.6216,349.6341,1.0415
sazonal_ingenuo,2019-05-01,3,2019-08-01,34465.4632,34180.6521,284.8111,0.8333
sazonal_ingenuo,2019-05-01,4,2019-09-01,35488.2045,36699.7232,-1211.5187,-3.3012
sazonal_ingenuo,2019-05-01,5,2019-10-01,36868.9276,37918.2543,-1049.3268,-2.7673
sazonal_ingenuo,2019-05-01,6,2019-11-01,36725.6111,37089.4265,-363.8154,-0.9809
sazonal_ingenuo,2019-05-01,7,2019-12-01,38158.3807,36887.2681,1271.1126,3.4459
sazonal_ingenuo,2019-06-01,1,2019-07-01,33919.2557,33569.6216,349.6341,1.0415
sazonal_ingenuo,2019-06-01,2,2019-08-01,34465.4632,34180.6521,284.8111,0.8333
sazonal_ingenuo,2019-06-01,3,2019-09-01,35488.2045,36699.7232,-1211.5187,-3.3012
sazonal_ingenuo,2019-06-01,4,2019-10-01,36868.9276,37918.2543,-1049.3268,-2.7673
sazonal_ingenuo,2019-06-01,5,2019-11-01,36725.6111,37089.4265,-363.8154,-0.9809
sazonal_ingenuo,2019-06-01,6,2019-12-01,38158.3807,36887.2681,1271.1126,3.4459
sazonal_ingenuo,2019-07-01,1,2019-08-01,34465.4632,34180.6521,284.8111,0.8333
sazonal_ingenuo,2019-07-01,2,2019-09-01,35488.2045,36699.7232,-1211.5187,-3.3012
sazonal_ingenuo,2019-07-01,3,2019-10-01,36868.9276,37918.2543,-1049.3268,-2.7673
sazonal_ingenuo,2019-07-01,4,2019-11-01,36725.6111,37089.4265,-363.8154,-0.9809
sazonal_ingenuo,2019-07-01,5,2019-12-01,38158.3807,36887.2681,1271.1126,3.4459
sazonal_ingenuo,2019-08-01,1,2019-09-01,35488.2045,36699.7232,-1211.5187,-3.3012
sazonal_ingenuo,2019-08-01,2,2019-10-01,36868.9276,37918.2543,-1049.3268,-2.7673
sazonal_ingenuo,2019-08-01,3,2019-11-01,36725.6111,37089.4265,-363.8154,-0.9809
sazonal_ingenuo,2019-08-01,4,2019-12-01,38158.3807,36887.2681,1271.1126,3.4459
sazonal_ingenuo,2019-09-01,1,2019-10-01,36868.9276,37918.2543,-1049.3268,-2.7673
sazonal_ingenuo,2019-09-01,2,2019-11-01,36725.6111,37089.4265,-363.8154,-0.9809
sazonal_ingenuo,2019-09-01,3,2019-12-01,38158.3807,36887.2681,1271.1126,3.4459
sazonal_ingenuo,2019-10-01,1,2019-11-01,36725.6111,37089.4265,-363.8154,-0.9809
sazonal_ingenuo,2019-10-01,2,2019-12-01,38158.3807,36887.2681,1271.1126,3.4459
sazonal_ingenuo,2019-11-01,1,2019-12-01,38158.3807,36887.2681,1271.1126,3.4459
regressao,2011-01-01,12,2012-01-01,34657.9241,35138.7467,-480.8226,-1.3684
regressao,2011-02-01,11,2012-01-01,34723.761,35138.7467,-414.9857,-1.181
regressao,2011-02-01,12,2012-02-01,35665.1812,37785.0274,-2119.8462,-5.6103
regressao,2011-03-01,10,2012-01-01,34691.7396,35138.7467,-447.0071,-1.2721
regressao,2011-03-01,11,2012-02-01,35627.4959,37785.0274,-2157.5315,-5.71
regressao,2011-03-01,12,2012-03-01,36307.1589,38142.0916,-1834.9326,-4.8108
regressao,2011-04-01,9,2012-01-01,34779.2396,35138.7467,-359.5072,-1.0231
regressao,2011-04-01,10,2012-02-01,35734.8789,37785.0274,-2050.1484,-5.4258
regressao,2011-04-01,11,2012-03-01,36408.1995,38142.0916,-1733.8921,-4.5459
regressao,2011-04-01,12,2012-04-01,35154.4805,36429.9418,-1275.4614,-3.5011
regressao,2011-05-01,8,2012-01-01,34795.5339,35138.7467,-343.2128,-0.9767
regressao,2011-05-01,9,2012-02-01,35751.0427,37785.0274,-2033.9847,-5.383
regressao,2011-05-01,10,2012-03-01,36424.2757,38142.0916,-1717.8159,-4.5037
regressao,2011-05-01,11,2012-04-01,35170.3201,36429.9418,-1259.6217,-3.4577
regressao,2011-05-01,12,2012-05-01,34160.5466,34040.2569,120.2897,0.3534
regressao,2011-06-01,7,2012-01-01,34791.9243,35138.7467,-346.8224,-0.987
regressao,2011-06-01,8,2012-02-01,35753.7987,37785.0274,-2031.2287,-5.3758
regressao,2011-06-01,9,2012-03-01,36424.0071,38142.0916,-1718.0845,-4.5044
regressao,2011-06-01,10,2012-04-01,35169.0994,36429.9418,-1260.8425,-3.461
regressao,2011-06-01,11,2012-05-01,34156.9494,34040.2569,116.6925,0.3428
regressao,2011-06-01,12,2012-06-01,33525.449,32396.5755,1128.8735,3.4845
regressao,2011-07-01,6,2012-01-01,34765.2537,35138.7467,-373.493,-1.0629
regressao,2011-07-01,7,2012-02-01,35731.793,37785.0274,-2053.2344,-5.434
regressao,2011-07-01,8,2012-03-01,36400.4893,38142.0916,-1741.6023,-4.5661
regressao,2011-07-01,9,2012-04-01,35144.446,36429.9418,-1285.4958,-3.5287
regressao,2011-07-01,10,2012-05-01,34127.8674,34040.2569,87.6105,0.2574
regressao,2011-07-01,11,2012-06-01,33515.0904,32396.5755,1118.5149,3.4526
regressao,2011-07-01,12,2012-07-01,34133.0272,32553.3452,1579.682,4.8526
regressao,2011-08-01,5,2012-01-01,34783.2392,35138.7467,-355.5076,-1.0117
regressao,2011-08-01,6,2012-02-01,35741.9343,37785.0274,-2043.0931,-5.4071
regressao,2011-08-01,7,2012-03-01,36412.0573,38142.0916,-1730.0343,-4.5358
regressao,2011-08-01,8,2012-04-01,35157.5652,36429.9418,-1272.3766,-3.4927
regressao,2011-08-01,9,2012-05-01,34145.7563,34040.2569,105.4994,0.3099
regressao,2011-08-01,10,2012-06-01,33514.4102,32396.5755,1117.8347,3.4505
regressao,2011-08-01,11,2012-07-01,34142.0212,32553.3452,1588.676,4.8802
regressao,2011-08-01,12,2012-08-01,35286.3262,34867.9263,418.3998,1.2
regressao,2011-09-01,4,2012-01-01,34761.4223,35138.7467,-377.3244,-1.0738
regressao,2011-09-01,5,2012-02-01,35704.4375,37785.0274,-2080.5899,-5.5064
regressao,2011-09-01,6,2012-03-01,36382.3771,38142.0916,-1759.7144,-4.6136
regressao,2011-09-01,7,2012-04-01,35130.6488,36429.9418,-1299.293,-3.5666
regressao,2011-09-01,8,2012-05-01,34123.842,34040.2569,83.5851,0.2455
regressao,2011-09-01,9,2012-06-01,33477.6085,32396.5755,1081.033,3.3369
regressao,2011-09-01,10,2012-07-01,34112.5835,32553.3452,1559.2383,4.7898
regressao,2011-09-01,11,2012-08-01,35263.4088,34867.9263,395.4824,1.1342
regressao,2011-09-01,12,2012-09-01,35132.7603,35552.6986,-419.9383,-1.1812
regressao,2011-10-01,3,2012-01-01,34769.2216,35138.7467,-369.5251,-1.0516
regressao,2011-10-01,4,2012-02-01,35712.0871,37785.0274,-2072.9402,-5.4861
regressao,2011-10-01,5,2012-03-01,36390.0192,38142.0916,-1752.0724,-4.5935
regressao,2011-10-01,6,2012-04-01,35138.2688,36429.9418,-1291.673,-3.5456
regressao,2011-10-01,7,2012-05-01,34131.8926,34040.2569,91.6358,0.2692
regressao,2011-10-01,8,2012-06-01,33483.2274,32396.5755,1086.6519,3.3542
regressao,2011-10-01,9,2012-07-01,34119.5245,32553.3452,1566.1792,4.8111
regressao,2011-10-01,10,2012-08-01,35271.6988,34867.9263,403.7725,1.158
regressao,2011-10-01,11,2012-09-01,35137.3955,35552.6986,-415.3031,-1.1681
regressao,2011-10-01,12,2012-10-01,35844.768,36868.8102,-1024.0422,-2.7775
regressao,2011-11-01,2,2012-01-01,34740.1032,35138.7467,-398.6436,-1.1345
regressao,2011-11-01,3,2012-02-01,35673.5745,37785.0274,-2111.4529,-5.5881
regressao,2011-11-01,4,2012-03-01,36357.3741,38142.0916,-1784.7174,-4.6791
regressao,2011-11-01,5,2012-04-01,35106.8833,36429.9418,-1323.0585,-3.6318
regressao,2011-11-01,6,2012-05-01,34101.4409,34040.2569,61.1841,0.1797
regressao,2011-11-01,7,2012-06-01,33452.9531,32396.5755,1056.3776,3.2608
regressao,2011-11-01,8,2012-07-01,34088.8297,32553.3452,1535.4845,4.7168
regressao,2011-11-01,9,2012-08-01,35240.1937,34867.9263,372.2674,1.0676
regressao,2011-11-01,10,2012-09-01,35105.3281,35552.6986,-447.3705,-1.2583
regressao,2011-11-01,11,2012-10-01,35812.7414,36868.8102,-1056.0688,-2.8644
regressao,2011-11-01,12,2012-11-01,35579.3014,34588.8219,990.4794,2.8636
regressao,2011-12-01,1,2012-01-01,34757.8419,35138.7467,-380.9049,-1.084
regressao,2011-12-01,2,2012-02-01,35679.2348,37785.0274,-2105.7926,-5.5731
regressao,2011-12-01,3,2012-03-01,36364.9917,38142.0916,-1777.0999,-4.6592
regressao,2011-12-01,4,2012-04-01,35116.8871,36429.9418,-1313.0547,-3.6043
regressao,2011-12-01,5,2012-05-01,34118.1471,34040.2569,77.8902,0.2288
regressao,2011-12-01,6,2012-06-01,33444.5858,32396.5755,1048.0103,3.2349
regressao,2011-12-01,7,2012-07-01,34093.4468,32553.3452,1540.1016,4.731
regressao,2011-12-01,8,2012-08-01,35257.0702,34867.9263,389.1438,1.1161
regressao,2011-12-01,9,2012-09-01,35082.7719,35552.6986,-469.9267,-1.3218
regressao,2011-12-01,10,2012-10-01,35830.4054,36868.8102,-1038.4048,-2.8165
regressao,2011-12-01,11,2012-11-01,35583.6104,34588.8219,994.7885,2.876
regressao,2011-12-01,12,2012-12-01,34857.6364,36179.2566,-1321.6202,-3.653
regressao,2012-01-01,1,2012-02-01,35711.1927,37785.0274,-2073.8347,-5.4885
regressao,2012-01-01,2,2012-03-01,36391.4247,38142.0916,-1750.6668,-4.5899
regressao,2012-01-01,3,2012-04-01,35142.5699,36429.9418,-1287.3719,-3.5338
regressao,2012-01-01,4,2012-05-01,34143.8299,34040.2569,103.573,0.3043
regressao,2012-01-01,5,2012-06-01,33467.4346,32396.5755,1070.8591,3.3055
regressao,2012-01-01,6,2012-07-01,34118.0283,32553.3452,1564.6831,4.8065
regressao,2012-01-01,7,2012-08-01,35283.5975,34867.9263,415.6711,1.1921
regressao,2012-01-01,8,2012-09-01,35105.5114,35552.6986,-447.1872,-1.2578
regressao,2012-01-01,9,2012-10-01,35857.4259,36868.8102,-1011.3843,-2.7432
regressao,2012-01-01,10,2012-11-01,35609.158,34588.8219,1020.3361,2.9499
regressao,2012-01-01,11,2012-12-01,34880.7012,36179.2566,-1298.5554,-3.5892
regressao,2012-01-01,12,2013-01-01,35826.9478,34415.2791,1411.6687,4.1019
regressao,2012-02-01,1,2012-03-01,36459.9675,38142.0916,-1682.1241,-4.4102
regressao,2012-02-01,2,2012-04-01,35202.7644,36429.9418,-1227.1774,-3.3686
regressao,2012-02-01,3,2012-05-01,34205.2849,34040.2569,165.028,0.4848
regressao,2012-02-01,4,2012-06-01,33530.2156,32396.5755,1133.6401,3.4993
regressao,2012-02-01,5,2012-07-01,34183.1339,32553.3452,1629.7887,5.0065
regressao,2012-02-01,6,2012-08-01,35347.2836,34867.9263,479.3573,1.3748
regressao,2012-02-01,7,2012-09-01,35175.5965,35552.6986,-377.1021,-1.0607
regressao,2012-02-01,8,2012-10-01,35922.0346,36868.8102,-946.7756,-2.568
regressao,2012-02-01,9,2012-11-01,35672.0627,34588.8219,1083.2408,3.1318
regressao,2012-02-01,10,2012-12-01,34954.3807,36179.2566,-1224.8759,-3.3856
regressao,2012-02-01,11,2013-01-01,35928.3357,34415.2791,1513.0567,4.3965
regressao,2012-02-01,12,2013-02-01,37296.0576,36703.9906,592.067,1.6131
regressao,2012-03-01,1,2012-04-01,35261.8316,36429.9418,-1168.1102,-3.2065
regressao,2012-03-01,2,2012-05-01,34267.0121,34040.2569,226.7553,0.6661
regressao,2012-03-01,3,2012-06-01,33575.2715,32396.5755,1178.696,3.6383
regressao,2012-03-01,4,2012-07-01,34237.2655,32553.3452,1683.9203,5.1728
regressao,2012-03-01,5,2012-08-01,35410.8767,34867.9263,542.9503,1.5572
regressao,2012-03-01,6,2012-09-01,35214.2658,35552.6986,-338.4328,-0.9519
regressao,2012-03-01,7,2012-10-01,35987.0169,36868.8102,-881.7933,-2.3917
regressao,2012-03-01,8,2012-11-01,35728.3715,34588.8219,1139.5495,3.2946
regressao,2012-03-01,9,2012-12-01,34995.2616,36179.2566,-1183.9951,-3.2726
regressao,2012-03-01,10,2013-01-01,35995.2666,34415.2791,1579.9875,4.5909
regressao,2012-03-01,11,2013-02-01,37351.5343,36703.9906,647.5437,1.7642
regressao,2012-03-01,12,2013-03-01,37390.5816,36142.0469,1248.5346,3.4545
regressao,2012-04-01,1,2012-05-01,34307.371,34040.2569,267.1141,0.7847
regressao,2012-04-01,2,2012-06-01,33620.9897,32396.5755,1224.4142,3.7795
regressao,2012-04-01,3,2012-07-01,34280.5699,32553.3452,1727.2246,5.3058
regressao,2012-04-01,4,2012-08-01,35452.7194,34867.9263,584.7931,1.6772
regressao,2012-04-01,5,2012-09-01,35265.6237,35552.6986,-287.0749,-0.8075
regressao,2012-04-01,6,2012-10-01,36029.4433,36868.8102,-839.3669,-2.2766
regressao,2012-04-01,7,2012-11-01,35773.8622,34588.8219,1185.0403,3.4261
regressao,2012-04-01,8,2012-12-01,35045.2588,36179.2566,-1133.9978,-3.1344
regressao,2012-04-01,9,2013-01-01,36040.282,34415.2791,1625.003,4.7217
regressao,2012-04-01,10,2013-02-01,37405.0902,36703.9906,701.0996,1.9101
regressao,2012-04-01,11,2013-03-01,37444.7199,36142.0469,1302.673,3.6043
regressao,2012-04-01,12,2013-04-01,37082.6128,34505.9381,2576.6747,7.4673
regressao,2012-05-01,1,2012-06-01,33589.7369,32396.5755,1193.1614,3.683
regressao,2012-05-01,2,2012-07-01,34251.2017,32553.3452,1697.8564,5.2156
regressao,2012-05-01,3,2012-08-01,35424.6106,34867.9263,556.6842,1.5966
regressao,2012-05-01,4,2012-09-01,35230.2288,35552.6986,-322.4698,-0.907
regressao,2012-05-01,5,2012-10-01,36000.9543,36868.8102,-867.8559,-2.3539
regressao,2012-05-01,6,2012-11-01,35743.0402,34588.8219,1154.2183,3.337
regressao,2012-05-01,7,2012-12-01,35010.8381,36179.2566,-1168.4186,-3.2295
regressao,2012-05-01,8,2013-01-01,36011.4576,34415.2791,1596.1785,4.638
regressao,2012-05-01,9,2013-02-01,37369.852,36703.9906,665.8614,1.8141
regressao,2012-05-01,10,2013-03-01,37407.3943,36142.0469,1265.3474,3.501
regressao,2012-05-01,11,2013-04-01,37056.7426,34505.9381,2550.8045,7.3924
regressao,2012-05-01,12,2013-05-01,35099.5606,33046.0622,2053.4984,6.214
regressao,2012-06-01,1,2012-07-01,34210.2563,32553.3452,1656.9111,5.0898
regressao,2012-06-01,2,2012-08-01,35396.6157,34867.9263,528.6893,1.5163
regressao,2012-06-01,3,2012-09-01,35155.5979,35552.6986,-397.1006,-1.1169
regressao,2012-06-01,4,2012-10-01,35973.0837,36868.8102,-895.7264,-2.4295
regressao,2012-06-01,5,2012-11-01,35699.5227,34588.8219,1110.7008,3.2112
regressao,2012-06-01,6,2012-12-01,34941.4331,36179.2566,-1237.8236,-3.4214
regressao,2012-06-01,7,2013-01-01,35978.422,34415.2791,1563.143,4.542
regressao,2012-06-01,8,2013-02-01,37309.5384,36703.9906,605.5478,1.6498
regressao,2012-06-01,9,2013-03-01,37329.9213,36142.0469,1187.8744,3.2867
regressao,2012-06-01,10,2013-04-01,37050.3039,34505.9381,2544.3658,7.3737
regressao,2012-06-01,11,2013-05-01,35054.3376,33046.0622,2008.2754,6.0772
regressao,2012-06-01,12,2013-06-01,34313.3057,32968.8521,1344.4537,4.078
regressao,2012-07-01,1,2012-08-01,35353.1119,34867.9263,485.1855,1.3915
regressao,2012-07-01,2,2012-09-01,35075.1475,35552.6986,-477.5511,-1.3432
regressao,2012-07-01,3,2012-10-01,35929.3209,36868.8102,-939.4893,-2.5482
regressao,2012-07-01,4,2012-11-01,35643.4925,34588.8219,1054.6706,3.0492
regressao,2012-07-01,5,2012-12-01,34865.2072,36179.2566,-1314.0495,-3.6321
regressao,2012-07-01,6,2013-01-01,35928.7518,34415.2791,1513.4727,4.3977
regressao,2012-07-01,7,2013-02-01,37240.4445,36703.9906,536.4539,1.4616
regressao,2012-07-01,8,2013-03-01,37245.8214,36142.0469,1103.7745,3.054
regressao,2012-07-01,9,2013-04-01,37022.9906,34505.9381,2517.0525,7.2945
regressao,2012-07-01,10,2013-05-01,34997.2565,33046.0622,1951.1942,5.9045
regressao,2012-07-01,11,2013-06-01,34249.7347,32968.8521,1280.8826,3.8851
regressao,2012-07-01,12,2013-07-01,35096.1446,32891.3969,2204.7477,6.7031
regressao,2012-08-01,1,2012-09-01,35067.2921,35552.6986,-485.4065,-1.3653
regressao,2012-08-01,2,2012-10-01,35904.3382,36868.8102,-964.4719,-2.616
regressao,2012-08-01,3,2012-11-01,35624.1874,34588.8219,1035.3655,2.9934
regressao,2012-08-01,4,2012-12-01,34855.7644,36179.2566,-1323.4922,-3.6582
regressao,2012-08-01,5,2013-01-01,35904.1313,34415.2791,1488.8523,4.3261
regressao,2012-08-01,6,2013-02-01,37223.3409,36703.9906,519.3503,1.415
regressao,2012-08-01,7,2013-03-01,37236.8641,36142.0469,1094.8172,3.0292
regressao,2012-08-01,8,2013-04-01,36989.3011,34505.9381,2483.363,7.1969
regressao,2012-08-01,9,2013-05-01,34979.1789,33046.0622,1933.1167,5.8498
regressao,2012-08-01,10,2013-06-01,34235.3688,32968.8521,1266.5168,3.8416
regressao,2012-08-01,11,2013-07-01,35071.9428,32891.3969,2180.5459,6.6295
regressao,2012-08-01,12,2013-08-01,36032.6458,33964.2456,2068.4002,6.0899
regressao,2012-09-01,1,2012-10-01,35864.0718,36868.8102,-1004.7383,-2.7252
regressao,2012-09-01,2,2012-11-01,35602.5678,34588.8219,1013.7458,2.9308
regressao,2012-09-01,3,2012-12-01,34865.9192,36179.2566,-1313.3374,-3.6301
regressao,2012-09-01,4,2013-01-01,35869.6126,34415.2791,1454.3335,4.2258
regressao,2012-09-01,5,2013-02-01,37214.3864,36703.9906,510.3958,1.3906
regressao,2012-09-01,6,2013-03-01,37251.5137,36142.0469,1109.4668,3.0697
regressao,2012-09-01,7,2013-04-01,36921.6212,34505.9381,2415.6831,7.0008
regressao,2012-09-01,8,2013-05-01,34960.8365,33046.0622,1914.7743,5.7943
regressao,2012-09-01,9,2013-06-01,34228.5923,32968.8521,1259.7403,3.821
regressao,2012-09-01,10,2013-07-01,35033.3938,32891.3969,2141.9969,6.5123
regressao,2012-09-01,11,2013-08-01,36013.3318,33964.2456,2049.0862,6.0331
regressao,2012-09-01,12,2013-09-01,36863.1481,34766.6241,2096.524,6.0303
regressao,2012-10-01,1,2012-11-01,35593.0128,34588.8219,1004.1908,2.9032
regressao,2012-10-01,2,2012-12-01,34844.9426,36179.2566,-1334.314,-3.6881
regressao,2012-10-01,3,2013-01-01,35869.162,34415.2791,1453.883,4.2245
regressao,2012-10-01,4,2013-02-01,37199.1669,36703.9906,495.1763,1.3491
regressao,2012-10-01,5,2013-03-01,37227.6752,36142.0469,1085.6283,3.0038
regressao,2012-10-01,6,2013-04-01,36928.4595,34505.9381,2422.5214,7.0206
regressao,2012-10-01,7,2013-05-01,34950.3564,33046.0622,1904.2942,5.7625
regressao,2012-10-01,8,2013-06-01,34214.1751,32968.8521,1245.3231,3.7773
regressao,2012-10-01,9,2013-07-01,35030.3587,32891.3969,2138.9618,6.5031
regressao,2012-10-01,10,2013-08-01,36002.6755,33964.2456,2038.4299,6.0017
regressao,2012-10-01,11,2013-09-01,36857.753,34766.6241,2091.1289,6.0148
regressao,2012-10-01,12,2013-10-01,37476.2009,35404.5633,2071.6377,5.8513
regressao,2012-11-01,1,2012-12-01,34792.2222,36179.2566,-1387.0344,-3.8338
regressao,2012-11-01,2,2013-01-01,35819.2952,34415.2791,1404.0161,4.0796
regressao,2012-11-01,3,2013-02-01,37141.8003,36703.9906,437.8098,1.1928
regressao,2012-11-01,4,2013-03-01,37170.9185,36142.0469,1028.8716,2.8467
regressao,2012-11-01,5,2013-04-01,36880.2846,34505.9381,2374.3465,6.881
regressao,2012-11-01,6,2013-05-01,34900.2576,33046.0622,1854.1954,5.6109
regressao,2012-11-01,7,2013-06-01,34163.9047,32968.8521,1195.0527,3.6248
regressao,2012-11-01,8,2013-07-01,34982.1348,32891.3969,2090.7379,6.3565
regressao,2012-11-01,9,2013-08-01,35951.0617,33964.2456,1986.8161,5.8497
regressao,2012-11-01,10,2013-09-01,36806.2918,34766.6241,2039.6677,5.8667
regressao,2012-11-01,11,2013-10-01,37426.4199,35404.5633,2021.8566,5.7107
regressao,2012-11-01,12,2013-11-01,36430.1328,35381.6161,1048.5168,2.9635
regressao,2012-12-01,1,2013-01-01,35884.0005,34415.2791,1468.7214,4.2676
regressao,2012-12-01,2,2013-02-01,37245.8302,36703.9906,541.8396,1.4762
regressao,2012-12-01,3,2013-03-01,37302.3415,36142.0469,1160.2946,3.2104
regressao,2012-12-01,4,2013-04-01,36911.1619,34505.9381,2405.2238,6.9705
regressao,2012-12-01,5,2013-05-01,34984.8021,33046.0622,1938.7399,5.8668
regressao,2012-12-01,6,2013-06-01,34260.2862,32968.8521,1291.4341,3.9171
regressao,2012-12-01,7,2013-07-01,35042.5191,32891.3969,2151.1222,6.5401
regressao,2012-12-01,8,2013-08-01,36037.7438,33964.2456,2073.4982,6.1049
regressao,2012-12-01,9,2013-09-01,36877.0715,34766.6241,2110.4474,6.0703
regressao,2012-12-01,10,2013-10-01,37468.6605,35404.5633,2064.0973,5.83
regressao,2012-12-01,11,2013-11-01,36514.8794,35381.6161,1133.2633,3.203
regressao,2012-12-01,12,2013-12-01,36315.9736,35314.9921,1000.9815,2.8344
regressao,2013-01-01,1,2013-02-01,37183.1428,36703.9906,479.1522,1.3055
regressao,2013-01-01,2,2013-03-01,37248.1399,36142.0469,1106.0929,3.0604
regressao,2013-01-01,3,2013-04-01,36800.3778,34505.9381,2294.4397,6.6494
regressao,2013-01-01,4,2013-05-01,34911.4816,33046.0622,1865.4194,5.6449
regressao,2013-01-01,5,2013-06-01,34196.5246,32968.8521,1227.6725,3.7237
regressao,2013-01-01,6,2013-07-01,34954.9563,32891.3969,2063.5594,6.2739
regressao,2013-01-01,7,2013-08-01,35961.8688,33964.2456,1997.6232,5.8815
regressao,2013-01-01,8,2013-09-01,36789.2585,34766.6241,2022.6344,5.8177
regressao,2013-01-01,9,2013-10-01,37362.0253,35404.5633,1957.462,5.5288
regressao,2013-01-01,10,2013-11-01,36436.3302,35381.6161,1054.7142,2.981
regressao,2013-01-01,11,2013-12-01,36244.5578,35314.9921,929.5657,2.6322
regressao,2013-01-01,12,2014-01-01,36658.6281,38704.8608,-2046.2326,-5.2868
regressao,2013-02-01,1,2013-03-01,37201.6365,36142.0469,1059.5896,2.9317
regressao,2013-02-01,2,2013-04-01,36754.0635,34505.9381,2248.1254,6.5152
regressao,2013-02-01,3,2013-05-01,34867.7172,33046.0622,1821.655,5.5125
regressao,2013-02-01,4,2013-06-01,34153.7257,32968.8521,1184.8737,3.5939
regressao,2013-02-01,5,2013-07-01,34911.0156,32891.3969,2019.6187,6.1403
regressao,2013-02-01,6,2013-08-01,35916.7446,33964.2456,1952.499,5.7487
regressao,2013-02-01,7,2013-09-01,36743.0435,34766.6241,1976.4194,5.6848
regressao,2013-02-01,8,2013-10-01,37314.9285,35404.5633,1910.3653,5.3958
regressao,2013-02-01,9,2013-11-01,36390.5879,35381.6161,1008.9718,2.8517
regressao,2013-02-01,10,2013-12-01,36199.0584,35314.9921,884.0663,2.5034
regressao,2013-02-01,11,2014-01-01,36611.6116,38704.8608,-2093.2492,-5.4082
regressao,2013-02-01,12,2014-02-01,38728.8863,39855.2823,-1126.3961,-2.8262
regressao,2013-03-01,1,2013-04-01,36794.9278,34505.9381,2288.9897,6.6336
regressao,2013-03-01,2,2013-05-01,34877.144,33046.0622,1831.0818,5.541
regressao,2013-03-01,3,2013-06-01,34155.8025,32968.8521,1186.9504,3.6002
regressao,2013-03-01,4,2013-07-01,34933.372,32891.3969,2041.9751,6.2082
regressao,2013-03-01,5,2013-08-01,35926.7218,33964.2456,1962.4762,5.7781
regressao,2013-03-01,6,2013-09-01,36762.8132,34766.6241,1996.1891,5.7417
regressao,2013-03-01,7,2013-10-01,37350.7071,35404.5633,1946.1438,5.4969
regressao,2013-03-01,8,2013-11-01,36402.4248,35381.6161,1020.8087,2.8851
regressao,2013-03-01,9,2013-12-01,36204.4164,35314.9921,889.4243,2.5185
regressao,2013-03-01,10,2014-01-01,36629.8609,38704.8608,-2074.9998,-5.3611
regressao,2013-03-01,11,2014-02-01,38766.4771,39855.2823,-1088.8052,-2.7319
regressao,2013-03-01,12,2014-03-01,37640.1811,37542.7446,97.4365,0.2595
regressao,2013-04-01,1,2013-05-01,34838.57,33046.0622,1792.5078,5.4243
regressao,2013-04-01,2,2013-06-01,34149.5993,32968.8521,1180.7472,3.5814
regressao,2013-04-01,3,2013-07-01,34837.6196,32891.3969,1946.2227,5.9171
regressao,2013-04-01,4,2013-08-01,35885.8099,33964.2456,1921.5643,5.6576
regressao,2013-04-01,5,2013-09-01,36678.5468,34766.6241,1911.9227,5.4993
regressao,2013-04-01,6,2013-10-01,37195.8726,35404.5633,1791.3093,5.0595
regressao,2013-04-01,7,2013-11-01,36353.2175,35381.6161,971.6014,2.7461
regressao,2013-04-01,8,2013-12-01,36183.9808,35314.9921,868.9887,2.4607
regressao,2013-04-01,9,2014-01-01,36531.4001,38704.8608,-2173.4606,-5.6155
regressao,2013-04-01,10,2014-02-01,38600.1102,39855.2823,-1255.1722,-3.1493
regressao,2013-04-01,11,2014-03-01,37745.6762,37542.7446,202.9316,0.5405
regressao,2013-04-01,12,2014-04-01,36796.6599,35486.9658,1309.6941,3.6906
regressao,2013-05-01,1,2013-06-01,34094.3518,32968.8521,1125.4997,3.4138
regressao,2013-05-01,2,2013-07-01,34775.008,32891.3969,1883.6111,5.7268
regressao,2013-05-01,3,2013-08-01,35825.2623,33964.2456,1861.0167,5.4793
regressao,2013-05-01,4,2013-09-01,36613.8193,34766.6241,1847.1952,5.3131
regressao,2013-05-01,5,2013-10-01,37125.3607,35404.5633,1720.7974,4.8604
regressao,2013-05-01,6,2013-11-01,36291.3859,35381.6161,909.7698,2.5713
regressao,2013-05-01,7,2013-12-01,36124.2911,35314.9921,809.2989,2.2917
regressao,2013-05-01,8,2014-01-01,36461.2712,38704.8608,-2243.5895,-5.7967
regressao,2013-05-01,9,2014-02-01,38529.4597,39855.2823,-1325.8227,-3.3266
regressao,2013-05-01,10,2014-03-01,37692.095,37542.7446,149.3504,0.3978
regressao,2013-05-01,11,2014-04-01,36735.387,35486.9658,1248.4213,3.518
regressao,2013-05-01,12,2014-05-01,35399.846,35309.2711,90.5749,0.2565
regressao,2013-06-01,1,2013-07-01,34785.1533,32891.3969,1893.7564,5.7576
regressao,2013-06-01,2,2013-08-01,35814.2728,33964.2456,1850.0272,5.447
regressao,2013-06-01,3,2013-09-01,36618.2228,34766.6241,1851.5987,5.3258
regressao,2013-06-01,4,2013-10-01,37155.6759,35404.5633,1751.1126,4.946
regressao,2013-06-01,5,2013-11-01,36282.9933,35381.6161,901.3773,2.5476
regressao,2013-06-01,6,2013-12-01,36105.4429,35314.9921,790.4507,2.2383
regressao,2013-06-01,7,2014-01-01,36465.9807,38704.8608,-2238.8801,-5.7845
regressao,2013-06-01,8,2014-02-01,38559.0874,39855.2823,-1296.1949,-3.2523
regressao,2013-06-01,9,2014-03-01,37625.2127,37542.7446,82.4681,0.2197
regressao,2013-06-01,10,2014-04-01,36719.2717,35486.9658,1232.3059,3.4726
regressao,2013-06-01,11,2014-05-01,35392.2246,35309.2711,82.9535,0.2349
regressao,2013-06-01,12,2014-06-01,34704.4257,34120.949,583.4767,1.71
regressao,2013-07-01,1,2013-08-01,35746.492,33964.2456,1782.2464,5.2474
regressao,2013-07-01,2,2013-09-01,36534.5965,34766.6241,1767.9724,5.0853
regressao,2013-07-01,3,2013-10-01,37047.0981,35404.5633,1642.5348,4.6393
regressao,2013-07-01,4,2013-11-01,36211.768,35381.6161,830.1519,2.3463
regressao,2013-07-01,5,2013-12-01,36044.1317,35314.9921,729.1395,2.0647
regressao,2013-07-01,6,2014-01-01,36374.8608,38704.8608,-2330.0,-6.0199
regressao,2013-07-01,7,2014-02-01,38448.7841,39855.2823,-1406.4982,-3.529
regressao,2013-07-01,8,2014-03-01,37604.5106,37542.7446,61.7659,0.1645
regressao,2013-07-01,9,2014-04-01,36654.0496,35486.9658,1167.0838,3.2888
regressao,2013-07-01,10,2014-05-01,35322.0664,35309.2711,12.7953,0.0362
regressao,2013-07-01,11,2014-06-01,34650.0071,34120.949,529.0581,1.5505
regressao,2013-07-01,12,2014-07-01,35298.8359,34146.1814,1152.6545,3.3756
regressao,2013-08-01,1,2013-09-01,36455.5874,34766.6241,1688.9633,4.858
regressao,2013-08-01,2,2013-10-01,36968.634,35404.5633,1564.0707,4.4177
regressao,2013-08-01,3,2013-11-01,36132.522,35381.6161,750.9059,2.1223
regressao,2013-08-01,4,2013-12-01,35964.3827,35314.9921,649.3906,1.8389
regressao,2013-08-01,5,2014-01-01,36292.6299,38704.8608,-2412.2309,-6.2324
regressao,2013-08-01,6,2014-02-01,38370.9259,39855.2823,-1484.3565,-3.7244
regressao,2013-08-01,7,2014-03-01,37517.9483,37542.7446,-24.7963,-0.066
regressao,2013-08-01,8,2014-04-01,36573.1848,35486.9658,1086.219,3.0609
regressao,2013-08-01,9,2014-05-01,35244.5533,35309.2711,-64.7178,-0.1833
regressao,2013-08-01,10,2014-06-01,34572.9658,34120.949,452.0168,1.3247
regressao,2013-08-01,11,2014-07-01,35222.3284,34146.1814,1076.147,3.1516
regressao,2013-08-01,12,2014-08-01,36160.6967,34537.1042,1623.5925,4.701
regressao,2013-09-01,1,2013-10-01,36925.5495,35404.5633,1520.9862,4.296
regressao,2013-09-01,2,2013-11-01,36080.9694,35381.6161,699.3533,1.9766
regressao,2013-09-01,3,2013-12-01,35910.4633,35314.9921,595.4712,1.6862
regressao,2013-09-01,4,2014-01-01,36241.6385,38704.8608,-2463.2222,-6.3641
regressao,2013-09-01,5,2014-02-01,38325.4051,39855.2823,-1529.8772,-3.8386
regressao,2013-09-01,6,2014-03-01,37449.9483,37542.7446,-92.7963,-0.2472
regressao,2013-09-01,7,2014-04-01,36519.0394,35486.9658,1032.0736,2.9083
regressao,2013-09-01,8,2014-05-01,35194.3283,35309.2711,-114.9428,-0.3255
regressao,2013-09-01,9,2014-06-01,34519.7865,34120.949,398.8375,1.1689
regressao,2013-09-01,10,2014-07-01,35175.6729,34146.1814,1029.4914,3.015
regressao,2013-09-01,11,2014-08-01,36103.5057,34537.1042,1566.4015,4.5354
regressao,2013-09-01,12,2014-09-01,37196.1718,36110.8825,1085.2893,3.0054
regressao,2013-10-01,1,2013-11-01,36054.3807,35381.6161,672.7646,1.9015
regressao,2013-10-01,2,2013-12-01,35903.8924,35314.9921,588.9003,1.6676
regressao,2013-10-01,3,2014-01-01,36180.8454,38704.8608,-2524.0153,-6.5212
regressao,2013-10-01,4,2014-02-01,38221.0299,39855.2823,-1634.2524,-4.1005
regressao,2013-10-01,5,2014-03-01,37532.2709,37542.7446,-10.4738,-0.0279
regressao,2013-10-01,6,2014-04-01,36506.435,35486.9658,1019.4692,2.8728
regressao,2013-10-01,7,2014-05-01,35167.3608,35309.2711,-141.9103,-0.4019
regressao,2013-10-01,8,2014-06-01,34522.8211,34120.949,401.8721,1.1778
regressao,2013-10-01,9,2014-07-01,35121.5596,34146.1814,975.3782,2.8565
regressao,2013-10-01,10,2014-08-01,36118.5576,34537.1042,1581.4534,4.579
regressao,2013-10-01,11,2014-09-01,37115.1736,36110.8825,1004.2912,2.7811
regressao,2013-10-01,12,2014-10-01,37431.5614,37058.0356,373.5257,1.0079
regressao,2013-11-01,1,2013-12-01,35894.5959,35314.9921,579.6038,1.6412
regressao,2013-11-01,2,2014-01-01,36170.4654,38704.8608,-2534.3953,-6.548
regressao,2013-11-01,3,2014-02-01,38210.9424,39855.2823,-1644.3399,-4.1258
regressao,2013-11-01,4,2014-03-01,37521.6413,37542.7446,-21.1033,-0.0562
regressao,2013-11-01,5,2014-04-01,36496.9946,35486.9658,1010.0288,2.8462
regressao,2013-11-01,6,2014-05-01,35158.4485,35309.2711,-150.8225,-0.4271
regressao,2013-11-01,7,2014-06-01,34513.7369,34120.949,392.7879,1.1512
regressao,2013-11-01,8,2014-07-01,35112.9279,34146.1814,966.7465,2.8312
regressao,2013-11-01,9,2014-08-01,36108.9637,34537.1042,1571.8595,4.5512
regressao,2013-11-01,10,2014-09-01,37106.2495,36110.8825,995.367,2.7564
regressao,2013-11-01,11,2014-10-01,37422.7301,37058.0356,364.6945,0.9841
regressao,2013-11-01,12,2014-11-01,36800.9046,36280.763,520.1416,1.4337
regressao,2013-12-01,1,2014-01-01,36192.8726,38704.8608,-2511.9881,-6.4901
regressao,2013-12-01,2,2014-02-01,38261.9632,39855.2823,-1593.3191,-3.9978
regressao,2013-12-01,3,2014-03-01,37469.0579,37542.7446,-73.6867,-0.1963
regressao,2013-12-01,4,2014-04-01,36497.093,35486.9658,1010.1272,2.8465
regressao,2013-12-01,5,2014-05-01,35166.7138,35309.2711,-142.5573,-0.4037
regressao,2013-12-01,6,2014-06-01,34505.5638,34120.949,384.6148,1.1272
regressao,2013-12-01,7,2014-07-01,35136.1897,34146.1814,990.0082,2.8993
regressao,2013-12-01,8,2014-08-01,36093.8273,34537.1042,1556.7231,4.5074
regressao,2013-12-01,9,2014-09-01,37143.9934,36110.8825,1033.1109,2.8609
regressao,2013-12-01,10,2014-10-01,37468.1485,37058.0356,410.1128,1.1067
regressao,2013-12-01,11,2014-11-01,36809.0201,36280.763,528.2571,1.456
regressao,2013-12-01,12,2014-12-01,36772.7418,36171.1909,601.5509,1.6631
regressao,2014-01-01,1,2014-02-01,38401.003,39855.2823,-1454.2793,-3.6489
regressao,2014-01-01,2,2014-03-01,37517.9527,37542.7446,-24.7919,-0.066
regressao,2014-01-01,3,2014-04-01,36600.6265,35486.9658,1113.6607,3.1382
regressao,2014-01-01,4,2014-05-01,35276.3446,35309.2711,-32.9265,-0.0933
regressao,2014-01-01,5,2014-06-01,34594.3602,34120.949,473.4112,1.3875
regressao,2014-01-01,6,2014-07-01,35262.4029,34146.1814,1116.2215,3.2689
regressao,2014-01-01,7,2014-08-01,36180.3062,34537.1042,1643.202,4.7578
regressao,2014-01-01,8,2014-09-01,37291.2175,36110.8825,1180.335,3.2686
regressao,2014-01-01,9,2014-10-01,37625.6875,37058.0356,567.6518,1.5318
regressao,2014-01-01,10,2014-11-01,36922.5259,36280.763,641.7629,1.7689
regressao,2014-01-01,11,2014-12-01,36896.807,36171.1909,725.6161,2.0061
regressao,2014-01-01,12,2015-01-01,37417.809,40467.7143,-3049.9053,-7.5366
regressao,2014-02-01,1,2014-03-01,37419.869,37542.7446,-122.8756,-0.3273
regressao,2014-02-01,2,2014-04-01,36563.1177,35486.9658,1076.1519,3.0325
regressao,2014-02-01,3,2014-05-01,35253.9107,35309.2711,-55.3604,-0.1568
regressao,2014-02-01,4,2014-06-01,34548.8687,34120.949,427.9197,1.2541
regressao,2014-02-01,5,2014-07-01,35258.1865,34146.1814,1112.0051,3.2566
regressao,2014-02-01,6,2014-08-01,36128.6389,34537.1042,1591.5346,4.6082
regressao,2014-02-01,7,2014-09-01,37298.7012,36110.8825,1187.8188,3.2894
regressao,2014-02-01,8,2014-10-01,37646.2421,37058.0356,588.2065,1.5873
regressao,2014-02-01,9,2014-11-01,36894.34,36280.763,613.577,1.6912
regressao,2014-02-01,10,2014-12-01,36883.3724,36171.1909,712.1815,1.9689
regressao,2014-02-01,11,2015-01-01,37412.9947,40467.7143,-3054.7196,-7.5485
regressao,2014-02-01,12,2015-02-01,39310.2011,39133.7826,176.4185,0.4508
regressao,2014-03-01,1,2014-04-01,36570.8077,35486.9658,1083.8419,3.0542
regressao,2014-03-01,2,2014-05-01,35259.9902,35309.2711,-49.2809,-0.1396
regressao,2014-03-01,3,2014-06-01,34557.4796,34120.949,436.5306,1.2794
regressao,2014-03-01,4,2014-07-01,35261.8322,34146.1814,1115.6507,3.2673
regressao,2014-03-01,5,2014-08-01,36138.7045,34537.1042,1601.6002,4.6373
regressao,2014-03-01,6,2014-09-01,37300.4338,36110.8825,1189.5514,3.2942
regressao,2014-03-01,7,2014-10-01,37646.7855,37058.0356,588.7498,1.5887
regressao,2014-03-01,8,2014-11-01,36900.8149,36280.763,620.0519,1.709
regressao,2014-03-01,9,2014-12-01,36888.3978,36171.1909,717.2068,1.9828
regressao,2014-03-01,10,2015-01-01,37420.9436,40467.7143,-3046.7707,-7.5289
regressao,2014-03-01,11,2015-02-01,39320.9109,39133.7826,187.1284,0.4782
regressao,2014-03-01,12,2015-03-01,39141.1778,38210.4323,930.7455,2.4358
regressao,2014-04-01,1,2014-05-01,35265.8128,35309.2711,-43.4583,-0.1231
regressao,2014-04-01,2,2014-06-01,34569.7695,34120.949,448.8205,1.3154
regressao,2014-04-01,3,2014-07-01,35261.4999,34146.1814,1115.3184,3.2663
regressao,2014-04-01,4,2014-08-01,36154.3539,34537.1042,1617.2497,4.6826
regressao,2014-04-01,5,2014-09-01,37294.5855,36110.8825,1183.7031,3.278
regressao,2014-04-01,6,2014-10-01,37637.9631,37058.0356,579.9275,1.5649
regressao,2014-04-01,7,2014-11-01,36907.0497,36280.763,626.2867,1.7262
regressao,2014-04-01,8,2014-12-01,36891.0955,36171.1909,719.9046,1.9903
regressao,2014-04-01,9,2015-01-01,37427.2865,40467.7143,-3040.4278,-7.5132
regressao,2014-04-01,10,2015-02-01,39335.0542,39133.7826,201.2716,0.5143
regressao,2014-04-01,11,2015-03-01,39138.5514,38210.4323,928.1191,2.429
regressao,2014-04-01,12,2015-04-01,37207.5627,35760.8064,1446.7564,4.0456
regressao,2014-05-01,1,2014-06-01,34614.3403,34120.949,493.3913,1.446
regressao,2014-05-01,2,2014-07-01,35335.8532,34146.1814,1189.6718,3.4841
regressao,2014-05-01,3,2014-08-01,36194.9702,34537.1042,1657.866,4.8002
regressao,2014-05-01,4,2014-09-01,37385.3362,36110.8825,1274.4537,3.5293
regressao,2014-05-01,5,2014-10-01,37736.2818,37058.0356,678.2462,1.8302
regressao,2014-05-01,6,2014-11-01,36970.0995,36280.763,689.3365,1.9
regressao,2014-05-01,7,2014-12-01,36962.2126,36171.1909,791.0217,2.1869
regressao,2014-05-01,8,2015-01-01,37482.713,40467.7143,-2985.0013,-7.3763
regressao,2014-05-01,9,2015-02-01,39382.3557,39133.7826,248.5731,0.6352
regressao,2014-05-01,10,2015-03-01,39226.313,38210.4323,1015.8807,2.6586
regressao,2014-05-01,11,2015-04-01,37267.7276,35760.8064,1506.9212,4.2139
regressao,2014-05-01,12,2015-05-01,35867.9346,33218.0308,2649.9038,7.9773
regressao,2014-06-01,1,2014-07-01,35409.8207,34146.1814,1263.6393,3.7007
regressao,2014-06-01,2,2014-08-01,36285.1622,34537.1042,1748.058,5.0614
regressao,2014-06-01,3,2014-09-01,37458.7078,36110.8825,1347.8254,3.7325
regressao,2014-06-01,4,2014-10-01,37807.7128,37058.0356,749.6772,2.023
regressao,2014-06-01,5,2014-11-01,37053.5346,36280.763,772.7716,2.13
regressao,2014-06-01,6,2014-12-01,37042.4471,36171.1909,871.2562,2.4087
regressao,2014-06-01,7,2015-01-01,37566.2575,40467.7143,-2901.4568,-7.1698
regressao,2014-06-01,8,2015-02-01,39478.4202,39133.7826,344.6377,0.8807
regressao,2014-06-01,9,2015-03-01,39306.5902,38210.4323,1096.1579,2.8687
regressao,2014-06-01,10,2015-04-01,37353.3752,35760.8064,1592.5689,4.4534
regressao,2014-06-01,11,2015-05-01,35959.5663,33218.0308,2741.5354,8.2532
regressao,2014-06-01,12,2015-06-01,35473.4368,32475.565,2997.8718,9.2312
regressao,2014-07-01,1,2014-08-01,36345.3089,34537.1042,1808.2047,5.2355
regressao,2014-07-01,2,2014-09-01,37453.0732,36110.8825,1342.1907,3.7169
regressao,2014-07-01,3,2014-10-01,37792.6113,37058.0356,734.5756,1.9822
regressao,2014-07-01,4,2014-11-01,37085.1682,36280.763,804.4052,2.2172
regressao,2014-07-01,5,2014-12-01,37062.7546,36171.1909,891.5636,2.4648
regressao,2014-07-01,6,2015-01-01,37601.8156,40467.7143,-2865.8987,-7.0819
regressao,2014-07-01,7,2015-02-01,39541.7663,39133.7826,407.9837,1.0425
regressao,2014-07-01,8,2015-03-01,39311.1627,38210.4323,1100.7304,2.8807
regressao,2014-07-01,9,2015-04-01,37390.168,35760.8064,1629.3616,4.5563
regressao,2014-07-01,10,2015-05-01,36026.248,33218.0308,2808.2172,8.4539
regressao,2014-07-01,11,2015-06-01,35488.0612,32475.565,3012.4962,9.2762
regressao,2014-07-01,12,2015-07-01,35936.9177,33015.5469,2921.3708,8.8485
regressao,2014-08-01,1,2014-09-01,37556.4595,36110.8825,1445.577,4.0032
regressao,2014-08-01,2,2014-10-01,37915.1754,37058.0356,857.1398,2.313
regressao,2014-08-01,3,2014-11-01,37115.2175,36280.763,834.4545,2.3
regressao,2014-08-01,4,2014-12-01,37114.6883,36171.1909,943.4974,2.6084
regressao,2014-08-01,5,2015-01-01,37607.3097,40467.7143,-2860.4046,-7.0684
regressao,2014-08-01,6,2015-02-01,39518.1968,39133.7826,384.4142,0.9823
regressao,2014-08-01,7,2015-03-01,39399.336,38210.4323,1188.9037,3.1115
regressao,2014-08-01,8,2015-04-01,37411.0816,35760.8064,1650.2752,4.6148
regressao,2014-08-01,9,2015-05-01,35985.6372,33218.0308,2767.6064,8.3316
regressao,2014-08-01,10,2015-06-01,35547.4274,32475.565,3071.8624,9.459
regressao,2014-08-01,11,2015-07-01,36005.0505,33015.5469,2989.5036,9.0548
regressao,2014-08-01,12,2015-08-01,36729.5007,33889.707,2839.7937,8.3795
regressao,2014-09-01,1,2014-10-01,37819.403,37058.0356,761.3674,2.0545
regressao,2014-09-01,2,2014-11-01,37074.1575,36280.763,793.3945,2.1868
regressao,2014-09-01,3,2014-12-01,37060.8814,36171.1909,889.6904,2.4597
regressao,2014-09-01,4,2015-01-01,37573.9896,40467.7143,-2893.7247,-7.1507
regressao,2014-09-01,5,2015-02-01,39505.2782,39133.7826,371.4956,0.9493
regressao,2014-09-01,6,2015-03-01,39322.7944,38210.4323,1112.3621,2.9111
regressao,2014-09-01,7,2015-04-01,37375.1605,35760.8064,1614.3541,4.5143
regressao,2014-09-01,8,2015-05-01,35986.8029,33218.0308,2768.7721,8.3351
regressao,2014-09-01,9,2015-06-01,35490.1011,32475.565,3014.5361,9.2825
regressao,2014-09-01,10,2015-07-01,35942.3827,33015.5469,2926.8358,8.865
regressao,2014-09-01,11,2015-08-01,36722.5318,33889.707,2832.8248,8.359
regressao,2014-09-01,12,2015-09-01,38004.5474,35495.7658,2508.7816,7.0678
regressao,2014-10-01,1,2014-11-01,37106.746,36280.763,825.983,2.2766
regressao,2014-10-01,2,2014-12-01,37077.2751,36171.1909,906.0841,2.505
regressao,2014-10-01,3,2015-01-01,37616.2916,40467.7143,-2851.4228,-7.0462
regressao,2014-10-01,4,2015-02-01,39582.0567,39133.7826,448.2741,1.1455
regressao,2014-10-01,5,2015-03-01,39315.8771,38210.4323,1105.4448,2.893
regressao,2014-10-01,6,2015-04-01,37415.0153,35760.8064,1654.209,4.6258
regressao,2014-10-01,7,2015-05-01,36069.9797,33218.0308,2851.9488,8.5855
regressao,2014-10-01,8,2015-06-01,35498.8515,32475.565,3023.2865,9.3094
regressao,2014-10-01,9,2015-07-01,35945.303,33015.5469,2929.7561,8.8739
regressao,2014-10-01,10,2015-08-01,36797.2161,33889.707,2907.5091,8.5793
regressao,2014-10-01,11,2015-09-01,38028.8457,35495.7658,2533.0799,7.1363
regressao,2014-10-01,12,2015-10-01,38197.9472,36637.6374,1560.3098,4.2588
regressao,2014-11-01,1,2014-12-01,37009.6494,36171.1909,838.4585,2.318
regressao,2014-11-01,2,2015-01-01,37546.6823,40467.7143,-2921.032,-7.2182
regressao,2014-11-01,3,2015-02-01,39505.2876,39133.7826,371.505,0.9493
regressao,2014-11-01,4,2015-03-01,39245.6033,38210.4323,1035.171,2.7091
regressao,2014-11-01,5,2015-04-01,37345.2044,35760.8064,1584.3981,4.4305
regressao,2014-11-01,6,2015-05-01,35999.9408,33218.0308,2781.9099,8.3747
regressao,2014-11-01,7,2015-06-01,35434.371,32475.565,2958.806,9.1109
regressao,2014-11-01,8,2015-07-01,35880.4052,33015.5469,2864.8583,8.6773
regressao,2014-11-01,9,2015-08-01,36726.3335,33889.707,2836.6265,8.3702
regressao,2014-11-01,10,2015-09-01,37958.7866,35495.7658,2463.0208,6.9389
regressao,2014-11-01,11,2015-10-01,38125.7568,36637.6374,1488.1194,4.0617
regressao,2014-11-01,12,2015-11-01,38035.1565,36322.0451,1713.1113,4.7165
regressao,2014-12-01,1,2015-01-01,37323.2431,40467.7143,-3144.4712,-7.7703
regressao,2014-12-01,2,2015-02-01,39242.8866,39133.7826,109.104,0.2788
regressao,2014-12-01,3,2015-03-01,39032.9985,38210.4323,822.5662,2.1527
regressao,2014-12-01,4,2015-04-01,37116.9894,35760.8064,1356.183,3.7924
regressao,2014-12-01,5,2015-05-01,35755.1897,33218.0308,2537.1588,7.6379
regressao,2014-12-01,6,2015-06-01,35233.8191,32475.565,2758.2541,8.4933
regressao,2014-12-01,7,2015-07-01,35680.6702,33015.5469,2665.1233,8.0723
regressao,2014-12-01,8,2015-08-01,36482.0984,33889.707,2592.3915,7.6495
regressao,2014-12-01,9,2015-09-01,37735.4883,35495.7658,2239.7226,6.3098
regressao,2014-12-01,10,2015-10-01,37884.9373,36637.6374,1247.2999,3.4044
regressao,2014-12-01,11,2015-11-01,37806.1629,36322.0451,1484.1177,4.086
regressao,2014-12-01,12,2015-12-01,38205.0288,36608.2814,1596.7474,4.3617
regressao,2015-01-01,1,2015-02-01,39198.2216,39133.7826,64.4391,0.1647
regressao,2015-01-01,2,2015-03-01,38977.1557,38210.4323,766.7234,2.0066
regressao,2015-01-01,3,2015-04-01,37090.9248,35760.8064,1330.1184,3.7195
regressao,2015-01-01,4,2015-05-01,35760.6472,33218.0308,2542.6163,7.6543
regressao,2015-01-01,5,2015-06-01,35190.6423,32475.565,2715.0773,8.3604
regressao,2015-01-01,6,2015-07-01,35635.4,33015.5469,2619.8531,7.9352
regressao,2015-01-01,7,2015-08-01,36481.1653,33889.707,2591.4584,7.6467
regressao,2015-01-01,8,2015-09-01,37698.6328,35495.7658,2202.867,6.206
regressao,2015-01-01,9,2015-10-01,37869.2404,36637.6374,1231.603,3.3616
regressao,2015-01-01,10,2015-11-01,37775.0485,36322.0451,1453.0034,4.0003
regressao,2015-01-01,11,2015-12-01,38165.3282,36608.2814,1557.0468,4.2533
regressao,2015-01-01,12,2016-01-01,38992.6393,36556.0508,2436.5885,6.6653
regressao,2015-02-01,1,2015-03-01,38777.3991,38210.4323,566.9668,1.4838
regressao,2015-02-01,2,2015-04-01,36941.7386,35760.8064,1180.9322,3.3023
regressao,2015-02-01,3,2015-05-01,35650.8129,33218.0308,2432.782,7.3237
regressao,2015-02-01,4,2015-06-01,35025.1352,32475.565,2549.5702,7.8507
regressao,2015-02-01,5,2015-07-01,35460.1333,33015.5469,2444.5864,7.4043
regressao,2015-02-01,6,2015-08-01,36360.5812,33889.707,2470.8742,7.2909
regressao,2015-02-01,7,2015-09-01,37533.4058,35495.7658,2037.64,5.7405
regressao,2015-02-01,8,2015-10-01,37724.8887,36637.6374,1087.2514,2.9676
regressao,2015-02-01,9,2015-11-01,37616.9576,36322.0451,1294.9125,3.5651
regressao,2015-02-01,10,2015-12-01,37988.8268,36608.2814,1380.5454,3.7711
regressao,2015-02-01,11,2016-01-01,38862.589,36556.0508,2306.5382,6.3096
regressao,2015-02-01,12,2016-02-01,41106.8982,39524.4383,1582.4599,4.0038
regressao,2015-03-01,1,2015-04-01,36829.0889,35760.8064,1068.2826,2.9873
regressao,2015-03-01,2,2015-05-01,35524.0219,33218.0308,2305.9911,6.942
regressao,2015-03-01,3,2015-06-01,34929.922,32475.565,2454.357,7.5575
regressao,2015-03-01,4,2015-07-01,35366.0183,33015.5469,2350.4713,7.1193
regressao,2015-03-01,5,2015-08-01,36235.2646,33889.707,2345.5576,6.9212
regressao,2015-03-01,6,2015-09-01,37425.302,35495.7658,1929.5362,5.436
regressao,2015-03-01,7,2015-10-01,37604.1144,36637.6374,966.477,2.6379
regressao,2015-03-01,8,2015-11-01,37504.8487,36322.0451,1182.8035,3.2564
regressao,2015-03-01,9,2015-12-01,37882.2328,36608.2814,1273.9514,3.48
regressao,2015-03-01,10,2016-01-01,38721.5571,36556.0508,2165.5063,5.9238
regressao,2015-03-01,11,2016-02-01,40976.1979,39524.4383,1451.7596,3.6731
regressao,2015-03-01,12,2016-03-01,39779.1142,38455.003,1324.1112,3.4433
regressao,2015-04-01,1,2015-05-01,35353.3341,33218.0308,2135.3032,6.4281
regressao,2015-04-01,2,2015-06-01,34766.9762,32475.565,2291.4112,7.0558
regressao,2015-04-01,3,2015-07-01,35201.1911,33015.5469,2185.6442,6.62
regressao,2015-04-01,4,2015-08-01,36061.6685,33889.707,2171.9615,6.4089
regressao,2015-04-01,5,2015-09-01,37249.5867,35495.7658,1753.8209,4.9409
regressao,2015-04-01,6,2015-10-01,37425.3635,36637.6374,787.7261,2.15
regressao,2015-04-01,7,2015-11-01,37328.0531,36322.0451,1006.0079,2.7697
regressao,2015-04-01,8,2015-12-01,37704.5002,36608.2814,1096.2188,2.9945
regressao,2015-04-01,9,2016-01-01,38534.245,36556.0508,1978.1942,5.4114
regressao,2015-04-01,10,2016-02-01,40768.0242,39524.4383,1243.5858,3.1464
regressao,2015-04-01,11,2016-03-01,39593.9372,38455.003,1138.9342,2.9617
regressao,2015-04-01,12,2016-04-01,37704.4003,37695.7025,8.6978,0.0231
regressao,2015-05-01,1,2015-06-01,34603.3638,32475.565,2127.7988,6.552
regressao,2015-05-01,2,2015-07-01,35037.3911,33015.5469,2021.8441,6.1239
regressao,2015-05-01,3,2015-08-01,35869.1742,33889.707,1979.4672,5.8409
regressao,2015-05-01,4,2015-09-01,37069.01,35495.7658,1573.2442,4.4322
regressao,2015-05-01,5,2015-10-01,37233.4526,36637.6374,595.8152,1.6262
regressao,2015-05-01,6,2015-11-01,37143.8182,36322.0451,821.7731,2.2625
regressao,2015-05-01,7,2015-12-01,37523.9759,36608.2814,915.6946,2.5013
regressao,2015-05-01,8,2016-01-01,38319.0392,36556.0508,1762.9884,4.8227
regressao,2015-05-01,9,2016-02-01,40553.9524,39524.4383,1029.5141,2.6048
regressao,2015-05-01,10,2016-03-01,39412.7769,38455.003,957.7739,2.4906
regressao,2015-05-01,11,2016-04-01,37515.5716,37695.7025,-180.131,-0.4779
regressao,2015-05-01,12,2016-05-01,35975.8473,33979.3809,1996.4665,5.8755
regressao,2015-06-01,1,2015-07-01,34840.565,33015.5469,1825.0181,5.5278
regressao,2015-06-01,2,2015-08-01,35667.7974,33889.707,1778.0904,5.2467
regressao,2015-06-01,3,2015-09-01,36860.8413,35495.7658,1365.0755,3.8457
regressao,2015-06-01,4,2015-10-01,37024.2305,36637.6374,386.5931,1.0552
regressao,2015-06-01,5,2015-11-01,36935.1265,36322.0451,613.0814,1.6879
regressao,2015-06-01,6,2015-12-01,37312.8975,36608.2814,704.6161,1.9247
regressao,2015-06-01,7,2016-01-01,38101.654,36556.0508,1545.6032,4.228
regressao,2015-06-01,8,2016-02-01,40315.3115,39524.4383,790.8732,2.001
regressao,2015-06-01,9,2016-03-01,39190.8086,38455.003,735.8055,1.9134
regressao,2015-06-01,10,2016-04-01,37304.4901,37695.7025,-391.2124,-1.0378
regressao,2015-06-01,11,2016-05-01,35773.2288,33979.3809,1793.8479,5.2792
regressao,2015-06-01,12,2016-06-01,35207.045,33271.7115,1935.3335,5.8168
regressao,2015-07-01,1,2015-08-01,35522.0067,33889.707,1632.2998,4.8165
regressao,2015-07-01,2,2015-09-01,36707.2602,35495.7658,1211.4944,3.4131
regressao,2015-07-01,3,2015-10-01,36871.4904,36637.6374,233.853,0.6383
regressao,2015-07-01,4,2015-11-01,36781.6635,36322.0451,459.6184,1.2654
regressao,2015-07-01,5,2015-12-01,37156.7455,36608.2814,548.4642,1.4982
regressao,2015-07-01,6,2016-01-01,37944.7818,36556.0508,1388.731,3.7989
regressao,2015-07-01,7,2016-02-01,40138.9177,39524.4383,614.4794,1.5547
regressao,2015-07-01,8,2016-03-01,39025.2371,38455.003,570.2341,1.4829
regressao,2015-07-01,9,2016-04-01,37149.6611,37695.7025,-546.0415,-1.4486
regressao,2015-07-01,10,2016-05-01,35624.5722,33979.3809,1645.1913,4.8417
regressao,2015-07-01,11,2016-06-01,35056.705,33271.7115,1784.9935,5.3649
regressao,2015-07-01,12,2016-07-01,34931.9555,33182.5985,1749.3571,5.2719
regressao,2015-08-01,1,2015-09-01,36550.4117,35495.7658,1054.6459,2.9712
regressao,2015-08-01,2,2015-10-01,36710.8541,36637.6374,73.2167,0.1998
regressao,2015-08-01,3,2015-11-01,36623.5049,36322.0451,301.4597,0.83
regressao,2015-08-01,4,2015-12-01,36998.4306,36608.2814,390.1492,1.0657
regressao,2015-08-01,5,2016-01-01,37774.8952,36556.0508,1218.8444,3.3342
regressao,2015-08-01,6,2016-02-01,39956.1502,39524.4383,431.7118,1.0923
regressao,2015-08-01,7,2016-03-01,38861.2398,38455.003,406.2368,1.0564
regressao,2015-08-01,8,2016-04-01,36988.9831,37695.7025,-706.7194,-1.8748
regressao,2015-08-01,9,2016-05-01,35470.3546,33979.3809,1490.9738,4.3879
regressao,2015-08-01,10,2016-06-01,34912.0928,33271.7115,1640.3813,4.9303
regressao,2015-08-01,11,2016-07-01,34775.8703,33182.5985,1593.2718,4.8015
regressao,2015-08-01,12,2016-08-01,36271.4956,34310.1087,1961.3869,5.7166
regressao,2015-09-01,1,2015-10-01,36589.5943,36637.6374,-48.0431,-0.1311
regressao,2015-09-01,2,2015-11-01,36503.6354,36322.0451,181.5903,0.4999
regressao,2015-09-01,3,2015-12-01,36878.0028,36608.2814,269.7214,0.7368
regressao,2015-09-01,4,2016-01-01,37648.6748,36556.0508,1092.624,2.9889
regressao,2015-09-01,5,2016-02-01,39815.9778,39524.4383,291.5395,0.7376
regressao,2015-09-01,6,2016-03-01,38735.865,38455.003,280.862,0.7304
regressao,2015-09-01,7,2016-04-01,36867.3816,37695.7025,-828.3209,-2.1974
regressao,2015-09-01,8,2016-05-01,35353.6103,33979.3809,1374.2294,4.0443
regressao,2015-09-01,9,2016-06-01,34800.8507,33271.7115,1529.1392,4.5959
regressao,2015-09-01,10,2016-07-01,34658.9232,33182.5985,1476.3248,4.4491
regressao,2015-09-01,11,2016-08-01,36154.5335,34310.1087,1844.4248,5.3757
regressao,2015-09-01,12,2016-09-01,37068.3807,34770.657,2297.7237,6.6082
regressao,2015-10-01,1,2015-11-01,36415.4679,36322.0451,93.4228,0.2572
regressao,2015-10-01,2,2015-12-01,36784.1873,36608.2814,175.906,0.4805
regressao,2015-10-01,3,2016-01-01,37578.6915,36556.0508,1022.6407,2.7975
regressao,2015-10-01,4,2016-02-01,39716.9451,39524.4383,192.5067,0.4871
regressao,2015-10-01,5,2016-03-01,38630.3075,38455.003,175.3045,0.4559
regressao,2015-10-01,6,2016-04-01,36780.1811,37695.7025,-915.5214,-2.4287
regressao,2015-10-01,7,2016-05-01,35269.8103,33979.3809,1290.4294,3.7977
regressao,2015-10-01,8,2016-06-01,34698.2332,33271.7115,1426.5217,4.2875
regressao,2015-10-01,9,2016-07-01,34590.3327,33182.5985,1407.7342,4.2424
regressao,2015-10-01,10,2016-08-01,36054.5403,34310.1087,1744.4316,5.0843
regressao,2015-10-01,11,2016-09-01,36975.9823,34770.657,2205.3253,6.3425
regressao,2015-10-01,12,2016-10-01,37176.6247,35154.594,2022.0307,5.7518
regressao,2015-11-01,1,2015-12-01,36797.4991,36608.2814,189.2177,0.5169
regressao,2015-11-01,2,2016-01-01,37591.4115,36556.0508,1035.3607,2.8323
regressao,2015-11-01,3,2016-02-01,39733.8384,39524.4383,209.4001,0.5298
regressao,2015-11-01,4,2016-03-01,38644.3524,38455.003,189.3494,0.4924
regressao,2015-11-01,5,2016-04-01,36793.422,37695.7025,-902.2806,-2.3936
regressao,2015-11-01,6,2016-05-01,35282.5459,33979.3809,1303.1651,3.8352
regressao,2015-11-01,7,2016-06-01,34710.8853,33271.7115,1439.1738,4.3255
regressao,2015-11-01,8,2016-07-01,34602.7276,33182.5985,1420.1292,4.2797
regressao,2015-11-01,9,2016-08-01,36067.6786,34310.1087,1757.57,5.1226
regressao,2015-11-01,10,2016-09-01,36989.3486,34770.657,2218.6916,6.3809
regressao,2015-11-01,11,2016-10-01,37189.9375,35154.594,2035.3435,5.7897
regressao,2015-11-01,12,2016-11-01,36898.8556,34743.5067,2155.349,6.2036
regressao,2015-12-01,1,2016-01-01,37495.659,36556.0508,939.6082,2.5703
regressao,2015-12-01,2,2016-02-01,39633.1814,39524.4383,108.7431,0.2751
regressao,2015-12-01,3,2016-03-01,38560.3082,38455.003,105.3051,0.2738
regressao,2015-12-01,4,2016-04-01,36705.5247,37695.7025,-990.1778,-2.6268
regressao,2015-12-01,5,2016-05-01,35198.2111,33979.3809,1218.8303,3.587
regressao,2015-12-01,6,2016-06-01,34640.0543,33271.7115,1368.3428,4.1126
regressao,2015-12-01,7,2016-07-01,34511.8063,33182.5985,1329.2078,4.0057
regressao,2015-12-01,8,2016-08-01,35989.9112,34310.1087,1679.8025,4.8959
regressao,2015-12-01,9,2016-09-01,36903.6007,34770.657,2132.9436,6.1343
regressao,2015-12-01,10,2016-10-01,37090.4631,35154.594,1935.8691,5.5067
regressao,2015-12-01,11,2016-11-01,36811.7131,34743.5067,2068.2065,5.9528
regressao,2015-12-01,12,2016-12-01,37454.3936,35760.8785,1693.5151,4.7357
regressao,2016-01-01,1,2016-02-01,39527.5006,39524.4383,3.0623,0.0077
regressao,2016-01-01,2,2016-03-01,38447.5189,38455.003,-7.4841,-0.0195
regressao,2016-01-01,3,2016-04-01,36605.2236,37695.7025,-1090.4789,-2.8928
regressao,2016-01-01,4,2016-05-01,35101.9842,33979.3809,1122.6033,3.3038
regressao,2016-01-01,5,2016-06-01,34534.4242,33271.7115,1262.7127,3.7952
regressao,2016-01-01,6,2016-07-01,34424.7354,33182.5985,1242.137,3.7433
regressao,2016-01-01,7,2016-08-01,35883.7682,34310.1087,1573.6595,4.5866
regressao,2016-01-01,8,2016-09-01,36800.1312,34770.657,2029.4742,5.8367
regressao,2016-01-01,9,2016-10-01,36998.2992,35154.594,1843.7052,5.2446
regressao,2016-01-01,10,2016-11-01,36709.8342,34743.5067,1966.3275,5.6596
regressao,2016-01-01,11,2016-12-01,37348.1834,35760.8785,1587.3049,4.4387
regressao,2016-01-01,12,2017-01-01,38284.5157,38977.4158,-692.9001,-1.7777
regressao,2016-02-01,1,2016-03-01,38351.5443,38455.003,-103.4587,-0.269
regressao,2016-02-01,2,2016-04-01,36541.1412,37695.7025,-1154.5613,-3.0628
regressao,2016-02-01,3,2016-05-01,35038.5609,33979.3809,1059.18,3.1171
regressao,2016-02-01,4,2016-06-01,34434.9618,33271.7115,1163.2503,3.4962
regressao,2016-02-01,5,2016-07-01,34388.7211,33182.5985,1206.1226,3.6348
regressao,2016-02-01,6,2016-08-01,35791.5166,34310.1087,1481.4079,4.3177
regressao,2016-02-01,7,2016-09-01,36726.7717,34770.657,1956.1147,5.6258
regressao,2016-02-01,8,2016-10-01,36964.9141,35154.594,1810.3201,5.1496
regressao,2016-02-01,9,2016-11-01,36641.5944,34743.5067,1898.0877,5.4631
regressao,2016-02-01,10,2016-12-01,37267.7122,35760.8785,1506.8337,4.2136
regressao,2016-02-01,11,2017-01-01,38183.139,38977.4158,-794.2768,-2.0378
regressao,2016-02-01,12,2017-02-01,39840.3986,40063.0993,-222.7007,-0.5559
regressao,2016-03-01,1,2016-04-01,36485.4176,37695.7025,-1210.2849,-3.2107
regressao,2016-03-01,2,2016-05-01,34985.4857,33979.3809,1006.1048,2.9609
regressao,2016-03-01,3,2016-06-01,34437.6724,33271.7115,1165.9609,3.5044
regressao,2016-03-01,4,2016-07-01,34299.4297,33182.5985,1116.8312,3.3657
regressao,2016-03-01,5,2016-08-01,35776.0395,34310.1087,1465.9308,4.2726
regressao,2016-03-01,6,2016-09-01,36683.2058,34770.657,1912.5487,5.5005
regressao,2016-03-01,7,2016-10-01,36861.2606,35154.594,1706.6666,4.8547
regressao,2016-03-01,8,2016-11-01,36591.0338,34743.5067,1847.5271,5.3176
regressao,2016-03-01,9,2016-12-01,37229.3525,35760.8785,1468.474,4.1064
regressao,2016-03-01,10,2017-01-01,38158.5995,38977.4158,-818.8162,-2.1007
regressao,2016-03-01,11,2017-02-01,39743.1519,40063.0993,-319.9474,-0.7986
regressao,2016-03-01,12,2017-03-01,39178.3262,39435.9515,-257.6254,-0.6533
regressao,2016-04-01,1,2016-05-01,34970.5918,33979.3809,991.2109,2.9171
regressao,2016-04-01,2,2016-06-01,34411.8067,33271.7115,1140.0952,3.4266
regressao,2016-04-01,3,2016-07-01,34292.4452,33182.5985,1109.8468,3.3447
regressao,2016-04-01,4,2016-08-01,35752.8296,34310.1087,1442.721,4.2049
regressao,2016-04-01,5,2016-09-01,36665.157,34770.657,1894.5,5.4486
regressao,2016-04-01,6,2016-10-01,36855.3048,35154.594,1700.7108,4.8378
regressao,2016-04-01,7,2016-11-01,36574.4703,34743.5067,1830.9636,5.2699
regressao,2016-04-01,8,2016-12-01,37209.7303,35760.8785,1448.8518,4.0515
regressao,2016-04-01,9,2017-01-01,38139.617,38977.4158,-837.7988,-2.1494
regressao,2016-04-01,10,2017-02-01,39736.3236,40063.0993,-326.7757,-0.8157
regressao,2016-04-01,11,2017-03-01,39145.1754,39435.9515,-290.7761,-0.7373
regressao,2016-04-01,12,2017-04-01,36947.3488,35806.0063,1141.3424,3.1876
regressao,2016-05-01,1,2016-06-01,34353.5954,33271.7115,1081.8839,3.2517
regressao,2016-05-01,2,2016-07-01,34231.8951,33182.5985,1049.2967,3.1622
regressao,2016-05-01,3,2016-08-01,35691.8735,34310.1087,1381.7649,4.0273
regressao,2016-05-01,4,2016-09-01,36601.7654,34770.657,1831.1083,5.2662
regressao,2016-05-01,5,2016-10-01,36789.9558,35154.594,1635.3618,4.6519
regressao,2016-05-01,6,2016-11-01,36510.9973,34743.5067,1767.4907,5.0873
regressao,2016-05-01,7,2016-12-01,37145.5854,35760.8785,1384.7069,3.8721
regressao,2016-05-01,8,2017-01-01,38073.0526,38977.4158,-904.3632,-2.3202
regressao,2016-05-01,9,2017-02-01,39663.5582,40063.0993,-399.5411,-0.9973
regressao,2016-05-01,10,2017-03-01,39079.351,39435.9515,-356.6005,-0.9043
regressao,2016-05-01,11,2017-04-01,36880.7247,35806.0063,1074.7183,3.0015
regressao,2016-05-01,12,2017-05-01,35379.044,34414.136,964.9081,2.8038
regressao,2016-06-01,1,2016-07-01,34217.1585,33182.5985,1034.56,3.1178
regressao,2016-06-01,2,2016-08-01,35618.4564,34310.1087,1308.3478,3.8133
regressao,2016-06-01,3,2016-09-01,36546.9797,34770.657,1776.3227,5.1087
regressao,2016-06-01,4,2016-10-01,36779.7869,35154.594,1625.1929,4.623
regressao,2016-06-01,5,2016-11-01,36461.604,34743.5067,1718.0974,4.9451
regressao,2016-06-01,6,2016-12-01,37085.7036,35760.8785,1324.825,3.7047
regressao,2016-06-01,7,2017-01-01,38000.5366,38977.4158,-976.8792,-2.5063
regressao,2016-06-01,8,2017-02-01,39635.9189,40063.0993,-427.1803,-1.0663
regressao,2016-06-01,9,2017-03-01,38970.8272,39435.9515,-465.1243,-1.1794
regressao,2016-06-01,10,2017-04-01,36894.5452,35806.0063,1088.5389,3.0401
regressao,2016-06-01,11,2017-05-01,35309.6588,34414.136,895.5228,2.6022
regressao,2016-06-01,12,2017-06-01,34374.7805,33858.7829,515.9976,1.524
regressao,2016-07-01,1,2016-08-01,35616.4761,34310.1087,1306.3674,3.8075
regressao,2016-07-01,2,2016-09-01,36527.6574,34770.657,1757.0004,5.0531
regressao,2016-07-01,3,2016-10-01,36722.9042,35154.594,1568.3102,4.4612
regressao,2016-07-01,4,2016-11-01,36437.893,34743.5067,1694.3863,4.8768
regressao,2016-07-01,5,2016-12-01,37069.7391,35760.8785,1308.8606,3.66
regressao,2016-07-01,6,2017-01-01,37989.5353,38977.4158,-987.8804,-2.5345
regressao,2016-07-01,7,2017-02-01,39584.4271,40063.0993,-478.6722,-1.1948
regressao,2016-07-01,8,2017-03-01,38992.047,39435.9515,-443.9045,-1.1256
regressao,2016-07-01,9,2017-04-01,36817.1868,35806.0063,1011.1805,2.8241
regressao,2016-07-01,10,2017-05-01,35304.69,34414.136,890.554,2.5878
regressao,2016-07-01,11,2017-06-01,34359.9102,33858.7829,501.1273,1.4801
regressao,2016-07-01,12,2017-07-01,34325.3734,32552.0376,1773.3359,5.4477
regressao,2016-08-01,1,2016-09-01,36433.2514,34770.657,1662.5944,4.7816
regressao,2016-08-01,2,2016-10-01,36661.4537,35154.594,1506.8597,4.2864
regressao,2016-08-01,3,2016-11-01,36347.6029,34743.5067,1604.0963,4.617
regressao,2016-08-01,4,2016-12-01,36970.7158,35760.8785,1209.8373,3.3831
regressao,2016-08-01,5,2017-01-01,37880.5402,38977.4158,-1096.8756,-2.8141
regressao,2016-08-01,6,2017-02-01,39504.922,40063.0993,-558.1773,-1.3932
regressao,2016-08-01,7,2017-03-01,38853.92,39435.9515,-582.0315,-1.4759
regressao,2016-08-01,8,2017-04-01,36773.347,35806.0063,967.3407,2.7016
regressao,2016-08-01,9,2017-05-01,35201.1009,34414.136,786.965,2.2867
regressao,2016-08-01,10,2017-06-01,34267.8763,33858.7829,409.0934,1.2082
regressao,2016-08-01,11,2017-07-01,34260.7106,32552.0376,1708.6731,5.2491
regressao,2016-08-01,12,2017-08-01,35785.3997,33822.7218,1962.6779,5.8028
regressao,2016-09-01,1,2016-10-01,36572.7401,35154.594,1418.1461,4.034
regressao,2016-09-01,2,2016-11-01,36254.6495,34743.5067,1511.1428,4.3494
regressao,2016-09-01,3,2016-12-01,36875.1224,35760.8785,1114.2439,3.1158
regressao,2016-09-01,4,2017-01-01,37780.7176,38977.4158,-1196.6982,-3.0702
regressao,2016-09-01,5,2017-02-01,39401.8978,40063.0993,-661.2014,-1.6504
regressao,2016-09-01,6,2017-03-01,38747.7958,39435.9515,-688.1557,-1.745
regressao,2016-09-01,7,2017-04-01,36686.9878,35806.0063,880.9815,2.4604
regressao,2016-09-01,8,2017-05-01,35108.442,34414.136,694.306,2.0175
regressao,2016-09-01,9,2017-06-01,34178.9515,33858.7829,320.1686,0.9456
regressao,2016-09-01,10,2017-07-01,34176.4173,32552.0376,1624.3797,4.9901
regressao,2016-09-01,11,2017-08-01,35691.1756,33822.7218,1868.4538,5.5243
regressao,2016-09-01,12,2017-09-01,36364.9358,35533.9745,830.9613,2.3385
regressao,2016-10-01,1,2016-11-01,36104.104,34743.5067,1360.5973,3.9161
regressao,2016-10-01,2,2016-12-01,36718.8795,35760.8785,958.001,2.6789
regressao,2016-10-01,3,2017-01-01,37620.468,38977.4158,-1356.9478,-3.4814
regressao,2016-10-01,4,2017-02-01,39242.389,40063.0993,-820.7103,-2.0485
regressao,2016-10-01,5,2017-03-01,38568.277,39435.9515,-867.6745,-2.2002
regressao,2016-10-01,6,2017-04-01,36555.7757,35806.0063,749.7694,2.094
regressao,2016-10-01,7,2017-05-01,34955.359,34414.136,541.223,1.5727
regressao,2016-10-01,8,2017-06-01,34033.7118,33858.7829,174.929,0.5166
regressao,2016-10-01,9,2017-07-01,34043.5296,32552.0376,1491.492,4.5819
regressao,2016-10-01,10,2017-08-01,35535.5696,33822.7218,1712.8479,5.0642
regressao,2016-10-01,11,2017-09-01,36220.873,35533.9745,686.8984,1.9331
regressao,2016-10-01,12,2017-10-01,36941.8468,36565.8335,376.0133,1.0283
regressao,2016-11-01,1,2016-12-01,36577.8051,35760.8785,816.9266,2.2844
regressao,2016-11-01,2,2017-01-01,37477.0996,38977.4158,-1500.3162,-3.8492
regressao,2016-11-01,3,2017-02-01,39093.7613,40063.0993,-969.338,-2.4195
regressao,2016-11-01,4,2017-03-01,38411.819,39435.9515,-1024.1325,-2.597
regressao,2016-11-01,5,2017-04-01,36428.2044,35806.0063,622.1981,1.7377
regressao,2016-11-01,6,2017-05-01,34818.6581,34414.136,404.5221,1.1755
regressao,2016-11-01,7,2017-06-01,33902.5806,33858.7829,43.7977,0.1294
regressao,2016-11-01,8,2017-07-01,33919.0146,32552.0376,1366.977,4.1994
regressao,2016-11-01,9,2017-08-01,35396.5589,33822.7218,1573.8372,4.6532
regressao,2016-11-01,10,2017-09-01,36086.8761,35533.9745,552.9016,1.556
regressao,2016-11-01,11,2017-10-01,36803.4134,36565.8335,237.5799,0.6497
regressao,2016-11-01,12,2017-11-01,36272.0507,35790.6351,481.4156,1.3451
regressao,2016-12-01,1,2017-01-01,37403.4007,38977.4158,-1574.0151,-4.0383
regressao,2016-12-01,2,2017-02-01,38985.1337,40063.0993,-1077.9656,-2.6907
regressao,2016-12-01,3,2017-03-01,38352.7288,39435.9515,-1083.2227,-2.7468
regressao,2016-12-01,4,2017-04-01,36310.6948,35806.0063,504.6885,1.4095
regressao,2016-12-01,5,2017-05-01,34749.8423,34414.136,335.7063,0.9755
regressao,2016-12-01,6,2017-06-01,33829.1734,33858.7829,-29.6095,-0.0874
regressao,2016-12-01,7,2017-07-01,33826.4177,32552.0376,1274.3801,3.9149
regressao,2016-12-01,8,2017-08-01,35326.2869,33822.7218,1503.5651,4.4454
regressao,2016-12-01,9,2017-09-01,35991.9871,35533.9745,458.0126,1.2889
regressao,2016-12-01,10,2017-10-01,36712.2185,36565.8335,146.385,0.4003
regressao,2016-12-01,11,2017-11-01,36188.3188,35790.6351,397.6837,1.1111
regressao,2016-12-01,12,2017-12-01,36507.0497,36736.4746,-229.4249,-0.6245
regressao,2017-01-01,1,2017-02-01,38961.2079,40063.0993,-1101.8914,-2.7504
regressao,2017-01-01,2,2017-03-01,38375.8278,39435.9515,-1060.1237,-2.6882
regressao,2017-01-01,3,2017-04-01,36302.7728,35806.0063,496.7665,1.3874
regressao,2017-01-01,4,2017-05-01,34763.5785,34414.136,349.4425,1.0154
regressao,2017-01-01,5,2017-06-01,33838.8375,33858.7829,-19.9454,-0.0589
regressao,2017-01-01,6,2017-07-01,33827.7234,32552.0376,1275.6859,3.9189
regressao,2017-01-01,7,2017-08-01,35340.1409,33822.7218,1517.4192,4.4864
regressao,2017-01-01,8,2017-09-01,35994.3834,35533.9745,460.4088,1.2957
regressao,2017-01-01,9,2017-10-01,36718.0653,36565.8335,152.2318,0.4163
regressao,2017-01-01,10,2017-11-01,36196.2649,35790.6351,405.6298,1.1333
regressao,2017-01-01,11,2017-12-01,36505.7957,36736.4746,-230.6789,-0.6279
regressao,2017-01-01,12,2018-01-01,38051.7055,39014.7803,-963.0748,-2.4685
regressao,2017-02-01,1,2017-03-01,38394.4643,39435.9515,-1041.4872,-2.641
regressao,2017-02-01,2,2017-04-01,36285.0043,35806.0063,478.998,1.3378
regressao,2017-02-01,3,2017-05-01,34770.9916,34414.136,356.8557,1.0369
regressao,2017-02-01,4,2017-06-01,33844.7008,33858.7829,-14.082,-0.0416
regressao,2017-02-01,5,2017-07-01,33819.0625,32552.0376,1267.0249,3.8923
regressao,2017-02-01,6,2017-08-01,35347.528,33822.7218,1524.8063,4.5082
regressao,2017-02-01,7,2017-09-01,35990.2412,35533.9745,456.2666,1.284
regressao,2017-02-01,8,2017-10-01,36714.4875,36565.8335,148.654,0.4065
regressao,2017-02-01,9,2017-11-01,36199.3821,35790.6351,408.747,1.1421
regressao,2017-02-01,10,2017-12-01,36492.939,36736.4746,-243.5356,-0.6629
regressao,2017-02-01,11,2018-01-01,38043.7303,39014.7803,-971.05,-2.4889
regressao,2017-02-01,12,2018-02-01,39607.8289,38534.2142,1073.6147,2.7861
regressao,2017-03-01,1,2017-04-01,36176.149,35806.0063,370.1426,1.0337
regressao,2017-03-01,2,2017-05-01,34727.3238,34414.136,313.1878,0.9101
regressao,2017-03-01,3,2017-06-01,33793.5017,33858.7829,-65.2811,-0.1928
regressao,2017-03-01,4,2017-07-01,33740.9013,32552.0376,1188.8638,3.6522
regressao,2017-03-01,5,2017-08-01,35302.7449,33822.7218,1480.0231,4.3758
regressao,2017-03-01,6,2017-09-01,35912.4278,35533.9745,378.4533,1.065
regressao,2017-03-01,7,2017-10-01,36642.6542,36565.8335,76.8207,0.2101
regressao,2017-03-01,8,2017-11-01,36137.4372,35790.6351,346.8021,0.969
regressao,2017-03-01,9,2017-12-01,36400.6215,36736.4746,-335.8531,-0.9142
regressao,2017-03-01,10,2018-01-01,37993.8635,39014.7803,-1020.9169,-2.6167
regressao,2017-03-01,11,2018-02-01,39530.0851,38534.2142,995.8709,2.5844
regressao,2017-03-01,12,2018-03-01,38752.211,40027.9812,-1275.7702,-3.1872
regressao,2017-04-01,1,2017-05-01,34711.3558,34414.136,297.2198,0.8637
regressao,2017-04-01,2,2017-06-01,33773.8354,33858.7829,-84.9475,-0.2509
regressao,2017-04-01,3,2017-07-01,33708.481,32552.0376,1156.4434,3.5526
regressao,2017-04-01,4,2017-08-01,35286.3313,33822.7218,1463.6095,4.3273
regressao,2017-04-01,5,2017-09-01,35880.4592,35533.9745,346.4847,0.9751
regressao,2017-04-01,6,2017-10-01,36613.622,36565.8335,47.7885,0.1307
regressao,2017-04-01,7,2017-11-01,36113.0091,35790.6351,322.374,0.9007
regressao,2017-04-01,8,2017-12-01,36361.8735,36736.4746,-374.6011,-1.0197
regressao,2017-04-01,9,2018-01-01,37972.7559,39014.7803,-1042.0244,-2.6708
regressao,2017-04-01,10,2018-02-01,39498.3865,38534.2142,964.1724,2.5021
regressao,2017-04-01,11,2018-03-01,38723.1795,40027.9812,-1304.8017,-3.2597
regressao,2017-04-01,12,2018-04-01,36911.1432,36668.6995,242.4437,0.6612
regressao,2017-05-01,1,2017-06-01,33751.4426,33858.7829,-107.3403,-0.317
regressao,2017-05-01,2,2017-07-01,33688.2572,32552.0376,1136.2196,3.4905
regressao,2017-05-01,3,2017-08-01,35262.1877,33822.7218,1439.4659,4.2559
regressao,2017-05-01,4,2017-09-01,35858.5185,35533.9745,324.544,0.9133
regressao,2017-05-01,5,2017-10-01,36590.584,36565.8335,24.7504,0.0677
regressao,2017-05-01,6,2017-11-01,36089.5987,35790.6351,298.9636,0.8353
regressao,2017-05-01,7,2017-12-01,36340.6542,36736.4746,-395.8204,-1.0775
regressao,2017-05-01,8,2018-01-01,37946.6534,39014.7803,-1068.127,-2.7377
regressao,2017-05-01,9,2018-02-01,39474.6658,38534.2142,940.4517,2.4406
regressao,2017-05-01,10,2018-03-01,38698.4861,40027.9812,-1329.4952,-3.3214
regressao,2017-05-01,11,2018-04-01,36885.4586,36668.6995,216.7592,0.5911
regressao,2017-05-01,12,2018-05-01,34712.086,34197.8245,514.2614,1.5038
regressao,2017-06-01,1,2017-07-01,33690.6693,32552.0376,1138.6317,3.4979
regressao,2017-06-01,2,2017-08-01,35266.0596,33822.7218,1443.3378,4.2674
regressao,2017-06-01,3,2017-09-01,35861.285,35533.9745,327.3104,0.9211
regressao,2017-06-01,4,2017-10-01,36593.6833,36565.8335,27.8498,0.0762
regressao,2017-06-01,5,2017-11-01,36092.981,35790.6351,302.3459,0.8448
regressao,2017-06-01,6,2017-12-01,36342.9744,36736.4746,-393.5002,-1.0711
regressao,2017-06-01,7,2018-01-01,37950.8758,39014.7803,-1063.9046,-2.7269
regressao,2017-06-01,8,2018-02-01,39478.0122,38534.2142,943.7981,2.4492
regressao,2017-06-01,9,2018-03-01,38701.901,40027.9812,-1326.0802,-3.3129
regressao,2017-06-01,10,2018-04-01,36889.7015,36668.6995,221.0021,0.6027
regressao,2017-06-01,11,2018-05-01,34715.2408,34197.8245,517.4163,1.513
regressao,2017-06-01,12,2018-06-01,33975.1852,33858.1352,117.0499,0.3457
regressao,2017-07-01,1,2017-08-01,35275.9703,33822.7218,1453.2485,4.2967
regressao,2017-07-01,2,2017-09-01,35819.3408,35533.9745,285.3662,0.8031
regressao,2017-07-01,3,2017-10-01,36563.1539,36565.8335,-2.6796,-0.0073
regressao,2017-07-01,4,2017-11-01,36077.1634,35790.6351,286.5282,0.8006
regressao,2017-07-01,5,2017-12-01,36278.9844,36736.4746,-457.4902,-1.2453
regressao,2017-07-01,6,2018-01-01,37948.6864,39014.7803,-1066.0939,-2.7325
regressao,2017-07-01,7,2018-02-01,39442.4848,38534.2142,908.2707,2.357
regressao,2017-07-01,8,2018-03-01,38675.4155,40027.9812,-1352.5657,-3.3791
regressao,2017-07-01,9,2018-04-01,36908.1345,36668.6995,239.435,0.653
regressao,2017-07-01,10,2018-05-01,34695.4477,34197.8245,497.6232,1.4551
regressao,2017-07-01,11,2018-06-01,33971.0405,33858.1352,112.9053,0.3335
regressao,2017-07-01,12,2018-07-01,33753.2388,33919.2557,-166.0169,-0.4894
regressao,2017-08-01,1,2017-09-01,35818.1052,35533.9745,284.1306,0.7996
regressao,2017-08-01,2,2017-10-01,36551.166,36565.8335,-14.6675,-0.0401
regressao,2017-08-01,3,2017-11-01,36052.9868,35790.6351,262.3516,0.733
regressao,2017-08-01,4,2017-12-01,36296.2751,36736.4746,-440.1995,-1.1983
regressao,2017-08-01,5,2018-01-01,37903.1209,39014.7803,-1111.6594,-2.8493
regressao,2017-08-01,6,2018-02-01,39433.9227,38534.2142,899.7085,2.3348
regressao,2017-08-01,7,2018-03-01,38657.6392,40027.9812,-1370.342,-3.4235
regressao,2017-08-01,8,2018-04-01,36853.3335,36668.6995,184.6341,0.5035
regressao,2017-08-01,9,2018-05-01,34676.0399,34197.8245,478.2154,1.3984
regressao,2017-08-01,10,2018-06-01,33938.8808,33858.1352,80.7455,0.2385
regressao,2017-08-01,11,2018-07-01,33733.6685,33919.2557,-185.5872,-0.5471
regressao,2017-08-01,12,2018-08-01,35084.6231,34465.4632,619.1599,1.7965
regressao,2017-09-01,1,2017-10-01,36539.0218,36565.8335,-26.8118,-0.0733
regressao,2017-09-01,2,2017-11-01,36042.2791,35790.6351,251.644,0.7031
regressao,2017-09-01,3,2017-12-01,36281.2017,36736.4746,-455.2729,-1.2393
regressao,2017-09-01,4,2018-01-01,37892.9797,39014.7803,-1121.8006,-2.8753
regressao,2017-09-01,5,2018-02-01,39420.4897,38534.2142,886.2755,2.3
regressao,2017-09-01,6,2018-03-01,38645.2982,40027.9812,-1382.6831,-3.4543
regressao,2017-09-01,7,2018-04-01,36845.4621,36668.6995,176.7626,0.4821
regressao,2017-09-01,8,2018-05-01,34665.3185,34197.8245,467.494,1.367
regressao,2017-09-01,9,2018-06-01,33929.7417,33858.1352,71.6065,0.2115
regressao,2017-09-01,10,2018-07-01,33723.302,33919.2557,-195.9537,-0.5777
regressao,2017-09-01,11,2018-08-01,35076.431,34465.4632,610.9677,1.7727
regressao,2017-09-01,12,2018-09-01,35758.2566,35488.2045,270.0521,0.761
regressao,2017-10-01,1,2017-11-01,35997.1732,35790.6351,206.5381,0.5771
regressao,2017-10-01,2,2017-12-01,36269.4659,36736.4746,-467.0087,-1.2712
regressao,2017-10-01,3,2018-01-01,37834.429,39014.7803,-1180.3514,-3.0254
regressao,2017-10-01,4,2018-02-01,39386.4275,38534.2142,852.2133,2.2116
regressao,2017-10-01,5,2018-03-01,38603.4646,40027.9812,-1424.5167,-3.5588
regressao,2017-10-01,6,2018-04-01,36774.9919,36668.6995,106.2924,0.2899
regressao,2017-10-01,7,2018-05-01,34624.977,34197.8245,427.1525,1.2491
regressao,2017-10-01,8,2018-06-01,33879.6265,33858.1352,21.4913,0.0635
regressao,2017-10-01,9,2018-07-01,33683.4841,33919.2557,-235.7716,-0.6951
regressao,2017-10-01,10,2018-08-01,35014.6238,34465.4632,549.1606,1.5934
regressao,2017-10-01,11,2018-09-01,35752.0107,35488.2045,263.8062,0.7434
regressao,2017-10-01,12,2018-10-01,37003.7265,36868.9276,134.7989,0.3656
regressao,2017-11-01,1,2017-12-01,36252.1357,36736.4746,-484.3389,-1.3184
regressao,2017-11-01,2,2018-01-01,37815.085,39014.7803,-1199.6953,-3.075
regressao,2017-11-01,3,2018-02-01,39367.7894,38534.2142,833.5752,2.1632
regressao,2017-11-01,4,2018-03-01,38584.2079,40027.9812,-1443.7734,-3.6069
regressao,2017-11-01,5,2018-04-01,36755.8368,36668.6995,87.1373,0.2376
regressao,2017-11-01,6,2018-05-01,34607.6187,34197.8245,409.7942,1.1983
regressao,2017-11-01,7,2018-06-01,33862.3705,33858.1352,4.2353,0.0125
regressao,2017-11-01,8,2018-07-01,33666.5727,33919.2557,-252.683,-0.745
regressao,2017-11-01,9,2018-08-01,34996.4865,34465.4632,531.0233,1.5407
regressao,2017-11-01,10,2018-09-01,35735.0489,35488.2045,246.8444,0.6956
regressao,2017-11-01,11,2018-10-01,36984.8292,36868.9276,115.9017,0.3144
regressao,2017-11-01,12,2018-11-01,36157.7703,36725.6111,-567.8408,-1.5462
regressao,2017-12-01,1,2018-01-01,37809.5038,39014.7803,-1205.2765,-3.0893
regressao,2017-12-01,2,2018-02-01,39364.4993,38534.2142,830.2852,2.1547
regressao,2017-12-01,3,2018-03-01,38579.8184,40027.9812,-1448.1628,-3.6179
regressao,2017-12-01,4,2018-04-01,36746.7569,36668.6995,78.0574,0.2129
regressao,2017-12-01,5,2018-05-01,34603.2321,34197.8245,405.4076,1.1855
regressao,2017-12-01,6,2018-06-01,33856.3725,33858.1352,-1.7627,-0.0052
regressao,2017-12-01,7,2018-07-01,33662.2149,33919.2557,-257.0408,-0.7578
regressao,2017-12-01,8,2018-08-01,34988.6943,34465.4632,523.2311,1.5181
regressao,2017-12-01,9,2018-09-01,35736.1811,35488.2045,247.9766,0.6988
regressao,2017-12-01,10,2018-10-01,36978.2543,36868.9276,109.3267,0.2965
regressao,2017-12-01,11,2018-11-01,36152.6502,36725.6111,-572.9609,-1.5601
regressao,2017-12-01,12,2018-12-01,36583.4839,38158.3807,-1574.8968,-4.1273
regressao,2018-01-01,1,2018-02-01,39288.129,38534.2142,753.9148,1.9565
regressao,2018-01-01,2,2018-03-01,38538.0786,40027.9812,-1489.9026,-3.7222
regressao,2018-01-01,3,2018-04-01,36736.0352,36668.6995,67.3358,0.1836
regressao,2018-01-01,4,2018-05-01,34568.4941,34197.8245,370.6696,1.0839
regressao,2018-01-01,5,2018-06-01,33832.0193,33858.1352,-26.1159,-0.0771
regressao,2018-01-01,6,2018-07-01,33628.9337,33919.2557,-290.3221,-0.8559
regressao,2018-01-01,7,2018-08-01,34973.9701,34465.4632,508.5069,1.4754
regressao,2018-01-01,8,2018-09-01,35664.9438,35488.2045,176.7393,0.498
regressao,2018-01-01,9,2018-10-01,36952.5271,36868.9276,83.5995,0.2267
regressao,2018-01-01,10,2018-11-01,36118.7091,36725.6111,-606.902,-1.6525
regressao,2018-01-01,11,2018-12-01,36524.0503,38158.3807,-1634.3304,-4.283
regressao,2018-01-01,12,2019-01-01,38392.1775,42133.9275,-3741.75,-8.8806
regressao,2018-02-01,1,2018-03-01,38466.9912,40027.9812,-1560.99,-3.8997
regressao,2018-02-01,2,2018-04-01,36668.3796,36668.6995,-0.3199,-0.0009
regressao,2018-02-01,3,2018-05-01,34505.0119,34197.8245,307.1874,0.8983
regressao,2018-02-01,4,2018-06-01,33767.9674,33858.1352,-90.1678,-0.2663
regressao,2018-02-01,5,2018-07-01,33567.2025,33919.2557,-352.0532,-1.0379
regressao,2018-02-01,6,2018-08-01,34912.0994,34465.4632,446.6362,1.2959
regressao,2018-02-01,7,2018-09-01,35591.9921,35488.2045,103.7877,0.2925
regressao,2018-02-01,8,2018-10-01,36885.9172,36868.9276,16.9896,0.0461
regressao,2018-02-01,9,2018-11-01,36049.297,36725.6111,-676.3141,-1.8415
regressao,2018-02-01,10,2018-12-01,36454.163,38158.3807,-1704.2177,-4.4662
regressao,2018-02-01,11,2019-01-01,38343.575,42133.9275,-3790.3525,-8.996
regressao,2018-02-01,12,2019-02-01,39763.6909,40667.0042,-903.3133,-2.2212
regressao,2018-03-01,1,2018-04-01,36745.023,36668.6995,76.3236,0.2081
regressao,2018-03-01,2,2018-05-01,34584.3097,34197.8245,386.4852,1.1301
regressao,2018-03-01,3,2018-06-01,33842.6979,33858.1352,-15.4373,-0.0456
regressao,2018-03-01,4,2018-07-01,33644.24,33919.2557,-275.0157,-0.8108
regressao,2018-03-01,5,2018-08-01,34986.6006,34465.4632,521.1374,1.5121
regressao,2018-03-01,6,2018-09-01,35683.7439,35488.2045,195.5395,0.551
regressao,2018-03-01,7,2018-10-01,36967.561,36868.9276,98.6334,0.2675
regressao,2018-03-01,8,2018-11-01,36131.4376,36725.6111,-594.1735,-1.6179
regressao,2018-03-01,9,2018-12-01,36544.5401,38158.3807,-1613.8406,-4.2293
regressao,2018-03-01,10,2019-01-01,38429.8611,42133.9275,-3704.0665,-8.7912
regressao,2018-03-01,11,2019-02-01,39843.437,40667.0042,-823.5672,-2.0251
regressao,2018-03-01,12,2019-03-01,38498.9495,38892.6826,-393.7331,-1.0124
regressao,2018-04-01,1,2018-05-01,34630.9145,34197.8245,433.09,1.2664
regressao,2018-04-01,2,2018-06-01,33889.1519,33858.1352,31.0166,0.0916
regressao,2018-04-01,3,2018-07-01,33689.6493,33919.2557,-229.6064,-0.6769
regressao,2018-04-01,4,2018-08-01,35035.4599,34465.4632,569.9967,1.6538
regressao,2018-04-01,5,2018-09-01,35729.056,35488.2045,240.8515,0.6787
regressao,2018-04-01,6,2018-10-01,37018.3891,36868.9276,149.4615,0.4054
regressao,2018-04-01,7,2018-11-01,36180.4645,36725.6111,-545.1466,-1.4844
regressao,2018-04-01,8,2018-12-01,36592.0448,38158.3807,-1566.3359,-4.1048
regressao,2018-04-01,9,2019-01-01,38481.6906,42133.9275,-3652.237,-8.6682
regressao,2018-04-01,10,2019-02-01,39900.7258,40667.0042,-766.2784,-1.8843
regressao,2018-04-01,11,2019-03-01,38547.0261,38892.6826,-345.6565,-0.8887
regressao,2018-04-01,12,2019-04-01,36808.0599,37888.0324,-1079.9725,-2.8504
regressao,2018-05-01,1,2018-06-01,33887.4102,33858.1352,29.275,0.0865
regressao,2018-05-01,2,2018-07-01,33690.1901,33919.2557,-229.0656,-0.6753
regressao,2018-05-01,3,2018-08-01,35031.4183,34465.4632,565.9551,1.6421
regressao,2018-05-01,4,2018-09-01,35737.749,35488.2045,249.5445,0.7032
regressao,2018-05-01,5,2018-10-01,37016.4665,36868.9276,147.539,0.4002
regressao,2018-05-01,6,2018-11-01,36180.4288,36725.6111,-545.1823,-1.4845
regressao,2018-05-01,7,2018-12-01,36598.0045,38158.3807,-1560.3762,-4.0892
regressao,2018-05-01,8,2019-01-01,38477.1583,42133.9275,-3656.7692,-8.6789
regressao,2018-05-01,9,2019-02-01,39890.8661,40667.0042,-776.1381,-1.9085
regressao,2018-05-01,10,2019-03-01,38559.0226,38892.6826,-333.66,-0.8579
regressao,2018-05-01,11,2019-04-01,36803.4081,37888.0324,-1084.6243,-2.8627
regressao,2018-05-01,12,2019-05-01,34849.8793,35795.5702,-945.6909,-2.6419
regressao,2018-06-01,1,2018-07-01,33671.9774,33919.2557,-247.2783,-0.729
regressao,2018-06-01,2,2018-08-01,35008.1766,34465.4632,542.7134,1.5747
regressao,2018-06-01,3,2018-09-01,35725.9991,35488.2045,237.7946,0.6701
regressao,2018-06-01,4,2018-10-01,36994.0873,36868.9276,125.1597,0.3395
regressao,2018-06-01,5,2018-11-01,36160.2695,36725.6111,-565.3416,-1.5394
regressao,2018-06-01,6,2018-12-01,36583.2053,38158.3807,-1575.1754,-4.128
regressao,2018-06-01,7,2019-01-01,38453.4945,42133.9275,-3680.4331,-8.7351
regressao,2018-06-01,8,2019-02-01,39859.4472,40667.0042,-807.557,-1.9858
regressao,2018-06-01,9,2019-03-01,38548.7513,38892.6826,-343.9314,-0.8843
regressao,2018-06-01,10,2019-04-01,36778.562,37888.0324,-1109.4703,-2.9283
regressao,2018-06-01,11,2019-05-01,34825.8891,35795.5702,-969.6811,-2.7089
regressao,2018-06-01,12,2019-06-01,33756.4774,34226.9213,-470.4438,-1.3745
regressao,2018-07-01,1,2018-08-01,35010.6054,34465.4632,545.1422,1.5817
regressao,2018-07-01,2,2018-09-01,35730.5182,35488.2045,242.3137,0.6828
regressao,2018-07-01,3,2018-10-01,36997.0293,36868.9276,128.1017,0.3475
regressao,2018-07-01,4,2018-11-01,36163.4393,36725.6111,-562.1718,-1.5307
regressao,2018-07-01,5,2018-12-01,36587.3676,38158.3807,-1571.0131,-4.1171
regressao,2018-07-01,6,2019-01-01,38457.1736,42133.9275,-3676.754,-8.7263
regressao,2018-07-01,7,2019-02-01,39861.3783,40667.0042,-805.6259,-1.981
regressao,2018-07-01,8,2019-03-01,38554.0505,38892.6826,-338.6321,-0.8707
regressao,2018-07-01,9,2019-04-01,36781.0566,37888.0324,-1106.9757,-2.9217
regressao,2018-07-01,10,2019-05-01,34828.1744,35795.5702,-967.3958,-2.7026
regressao,2018-07-01,11,2019-06-01,33760.8896,34226.9213,-466.0317,-1.3616
regressao,2018-07-01,12,2019-07-01,34052.9894,33569.6216,483.3678,1.4399
regressao,2018-08-01,1,2018-09-01,35795.8574,35488.2045,307.6529,0.8669
regressao,2018-08-01,2,2018-10-01,37022.0,36868.9276,153.0724,0.4152
regressao,2018-08-01,3,2018-11-01,36195.0698,36725.6111,-530.5413,-1.4446
regressao,2018-08-01,4,2018-12-01,36642.7845,38158.3807,-1515.5962,-3.9719
regressao,2018-08-01,5,2019-01-01,38476.0545,42133.9275,-3657.873,-8.6815
regressao,2018-08-01,6,2019-02-01,39858.257,40667.0042,-808.7472,-1.9887
regressao,2018-08-01,7,2019-03-01,38634.8329,38892.6826,-257.8497,-0.663
regressao,2018-08-01,8,2019-04-01,36795.2645,37888.0324,-1092.7678,-2.8842
regressao,2018-08-01,9,2019-05-01,34839.7095,35795.5702,-955.8607,-2.6703
regressao,2018-08-01,10,2019-06-01,33826.0009,34226.9213,-400.9203,-1.1714
regressao,2018-08-01,11,2019-07-01,34067.6197,33569.6216,497.9981,1.4835
regressao,2018-08-01,12,2019-08-01,34827.712,34180.6521,647.0599,1.8931
regressao,2018-09-01,1,2018-10-01,37079.9088,36868.9276,210.9813,0.5722
regressao,2018-09-01,2,2018-11-01,36238.596,36725.6111,-487.0151,-1.3261
regressao,2018-09-01,3,2018-12-01,36644.3188,38158.3807,-1514.0619,-3.9678
regressao,2018-09-01,4,2019-01-01,38540.7088,42133.9275,-3593.2187,-8.5281
regressao,2018-09-01,5,2019-02-01,39975.5643,40667.0042,-691.4399,-1.7002
regressao,2018-09-01,6,2019-03-01,38595.9148,38892.6826,-296.7678,-0.763
regressao,2018-09-01,7,2019-04-01,36872.325,37888.0324,-1015.7073,-2.6808
regressao,2018-09-01,8,2019-05-01,34916.1831,35795.5702,-879.3871,-2.4567
regressao,2018-09-01,9,2019-06-01,33802.2312,34226.9213,-424.6901,-1.2408
regressao,2018-09-01,10,2019-07-01,34136.3581,33569.6216,566.7365,1.6882
regressao,2018-09-01,11,2019-08-01,34865.5187,34180.6521,684.8666,2.0037
regressao,2018-09-01,12,2019-09-01,36153.5787,36699.7232,-546.1445,-1.4881
regressao,2018-10-01,1,2018-11-01,36287.9056,36725.6111,-437.7055,-1.1918
regressao,2018-10-01,2,2018-12-01,36700.5572,38158.3807,-1457.8235,-3.8205
regressao,2018-10-01,3,2019-01-01,38586.8066,42133.9275,-3547.1209,-8.4187
regressao,2018-10-01,4,2019-02-01,40020.1103,40667.0042,-646.8939,-1.5907
regressao,2018-10-01,5,2019-03-01,38661.2946,38892.6826,-231.388,-0.5949
regressao,2018-10-01,6,2019-04-01,36917.6488,37888.0324,-970.3836,-2.5612
regressao,2018-10-01,7,2019-05-01,34958.5621,35795.5702,-837.0081,-2.3383
regressao,2018-10-01,8,2019-06-01,33858.0168,34226.9213,-368.9045,-1.0778
regressao,2018-10-01,9,2019-07-01,34178.7304,33569.6216,609.1088,1.8145
regressao,2018-10-01,10,2019-08-01,34913.6904,34180.6521,733.0383,2.1446
regressao,2018-10-01,11,2019-09-01,36200.934,36699.7232,-498.7892,-1.3591
regressao,2018-10-01,12,2019-10-01,37302.8412,37918.2543,-615.4131,-1.623
regressao,2018-11-01,1,2018-12-01,36694.2573,38158.3807,-1464.1234,-3.837
regressao,2018-11-01,2,2019-01-01,38581.0241,42133.9275,-3552.9035,-8.4324
regressao,2018-11-01,3,2019-02-01,40012.9342,40667.0042,-654.07,-1.6084
regressao,2018-11-01,4,2019-03-01,38655.0562,38892.6826,-237.6264,-0.611
regressao,2018-11-01,5,2019-04-01,36910.5967,37888.0324,-977.4356,-2.5798
regressao,2018-11-01,6,2019-05-01,34951.8035,35795.5702,-843.7667,-2.3572
regressao,2018-11-01,7,2019-06-01,33852.4879,34226.9213,-374.4333,-1.094
regressao,2018-11-01,8,2019-07-01,34172.1793,33569.6216,602.5576,1.7949
regressao,2018-11-01,9,2019-08-01,34907.3201,34180.6521,726.6679,2.126
regressao,2018-11-01,10,2019-09-01,36194.1971,36699.7232,-505.5261,-1.3775
regressao,2018-11-01,11,2019-10-01,37295.5061,37918.2543,-622.7482,-1.6423
regressao,2018-11-01,12,2019-11-01,36643.7165,37089.4265,-445.71,-1.2017
regressao,2018-12-01,1,2019-01-01,38685.8536,42133.9275,-3448.074,-8.1836
regressao,2018-12-01,2,2019-02-01,40116.2425,40667.0042,-550.7617,-1.3543
regressao,2018-12-01,3,2019-03-01,38777.394,38892.6826,-115.2886,-0.2964
regressao,2018-12-01,4,2019-04-01,37010.0048,37888.0324,-878.0275,-2.3174
regressao,2018-12-01,5,2019-05-01,35045.3878,35795.5702,-750.1824,-2.0957
regressao,2018-12-01,6,2019-06-01,33958.1836,34226.9213,-268.7377,-0.7852
regressao,2018-12-01,7,2019-07-01,34264.6625,33569.6216,695.0408,2.0704
regressao,2018-12-01,8,2019-08-01,35006.7898,34180.6521,826.1377,2.417
regressao,2018-12-01,9,2019-09-01,36294.7219,36699.7232,-405.0013,-1.1036
regressao,2018-12-01,10,2019-10-01,37393.7931,37918.2543,-524.4612,-1.3831
regressao,2018-12-01,11,2019-11-01,36747.601,37089.4265,-341.8255,-0.9216
regressao,2018-12-01,12,2019-12-01,37313.8347,36887.2681,426.5666,1.1564
regressao,2019-01-01,1,2019-02-01,40160.1383,40667.0042,-506.8659,-1.2464
regressao,2019-01-01,2,2019-03-01,38650.656,38892.6826,-242.0266,-0.6223
regressao,2019-01-01,3,2019-04-01,37043.1381,37888.0324,-844.8943,-2.23
regressao,2019-01-01,4,2019-05-01,35083.6589,35795.5702,-711.9113,-1.9888
regressao,2019-01-01,5,2019-06-01,33859.1736,34226.9213,-367.7477,-1.0744
regressao,2019-01-01,6,2019-07-01,34293.7555,33569.6216,724.1339,2.1571
regressao,2019-01-01,7,2019-08-01,34992.0276,34180.6521,811.3755,2.3738
regressao,2019-01-01,8,2019-09-01,36301.2896,36699.7232,-398.4336,-1.0857
regressao,2019-01-01,9,2019-10-01,37450.1282,37918.2543,-468.1262,-1.2346
regressao,2019-01-01,10,2019-11-01,36735.9004,37089.4265,-353.5261,-0.9532
regressao,2019-01-01,11,2019-12-01,37297.1509,36887.2681,409.8828,1.1112
regressao,2019-02-01,1,2019-03-01,38610.9687,38892.6826,-281.7139,-0.7243
regressao,2019-02-01,2,2019-04-01,36974.567,37888.0324,-913.4654,-2.411
regressao,2019-02-01,3,2019-05-01,35015.8505,35795.5702,-779.7197,-2.1783
regressao,2019-02-01,4,2019-06-01,33823.2356,34226.9213,-403.6857,-1.1794
regressao,2019-02-01,5,2019-07-01,34229.1619,33569.6216,659.5403,1.9647
regressao,2019-02-01,6,2019-08-01,34935.3131,34180.6521,754.661,2.2079
regressao,2019-02-01,7,2019-09-01,36239.3648,36699.7232,-460.3584,-1.2544
regressao,2019-02-01,8,2019-10-01,37374.4335,37918.2543,-543.8209,-1.4342
regressao,2019-02-01,9,2019-11-01,36676.9971,37089.4265,-412.4294,-1.112
regressao,2019-02-01,10,2019-12-01,37236.8169,36887.2681,349.5487,0.9476
regressao,2019-03-01,1,2019-04-01,36872.1292,37888.0324,-1015.9031,-2.6813
regressao,2019-03-01,2,2019-05-01,34915.6217,35795.5702,-879.9485,-2.4583
regressao,2019-03-01,3,2019-06-01,33813.9071,34226.9213,-413.0142,-1.2067
regressao,2019-03-01,4,2019-07-01,34136.5658,33569.6216,566.9442,1.6889
regressao,2019-03-01,5,2019-08-01,34869.8021,34180.6521,689.15,2.0162
regressao,2019-03-01,6,2019-09-01,36155.7462,36699.7232,-543.977,-1.4822
regressao,2019-03-01,7,2019-10-01,37257.2117,37918.2543,-661.0426,-1.7433
regressao,2019-03-01,8,2019-11-01,36604.2937,37089.4265,-485.1328,-1.308
regressao,2019-03-01,9,2019-12-01,37167.5033,36887.2681,280.2351,0.7597
regressao,2019-04-01,1,2019-05-01,34941.5599,35795.5702,-854.0103,-2.3858
regressao,2019-04-01,2,2019-06-01,33682.9933,34226.9213,-543.928,-1.5892
regressao,2019-04-01,3,2019-07-01,34152.218,33569.6216,582.5964,1.7355
regressao,2019-04-01,4,2019-08-01,34833.9553,34180.6521,653.3032,1.9113
regressao,2019-04-01,5,2019-09-01,36146.6998,36699.7232,-553.0234,-1.5069
regressao,2019-04-01,6,2019-10-01,37302.947,37918.2543,-615.3073,-1.6227
regressao,2019-04-01,7,2019-11-01,36573.749,37089.4265,-515.6775,-1.3904
regressao,2019-04-01,8,2019-12-01,37128.1809,36887.2681,240.9128,0.6531
regressao,2019-05-01,1,2019-06-01,33666.9809,34226.9213,-559.9404,-1.636
regressao,2019-05-01,2,2019-07-01,34160.2575,33569.6216,590.6359,1.7594
regressao,2019-05-01,3,2019-08-01,34833.6787,34180.6521,653.0265,1.9105
regressao,2019-05-01,4,2019-09-01,36150.9859,36699.7232,-548.7373,-1.4952
regressao,2019-05-01,5,2019-10-01,37316.4262,37918.2543,-601.8281,-1.5872
regressao,2019-05-01,6,2019-11-01,36574.5899,37089.4265,-514.8366,-1.3881
regressao,2019-05-01,7,2019-12-01,37127.7111,36887.2681,240.443,0.6518
regressao,2019-06-01,1,2019-07-01,34178.686,33569.6216,609.0644,1.8143
regressao,2019-06-01,2,2019-08-01,34863.6432,34180.6521,682.991,1.9982
regressao,2019-06-01,3,2019-09-01,36176.0603,36699.7232,-523.6629,-1.4269
regressao,2019-06-01,4,2019-10-01,37330.3993,37918.2543,-587.855,-1.5503
regressao,2019-06-01,5,2019-11-01,36604.5816,37089.4265,-484.8449,-1.3072
regressao,2019-06-01,6,2019-12-01,37159.9178,36887.2681,272.6497,0.7391
regressao,2019-07-01,1,2019-08-01,34827.8942,34180.6521,647.2421,1.8936
regressao,2019-07-01,2,2019-09-01,36135.5464,36699.7232,-564.1768,-1.5373
regressao,2019-07-01,3,2019-10-01,37281.7573,37918.2543,-636.497,-1.6786
regressao,2019-07-01,4,2019-11-01,36566.1897,37089.4265,-523.2368,-1.4107
regressao,2019-07-01,5,2019-12-01,37121.8991,36887.2681,234.631,0.6361
regressao,2019-08-01,1,2019-09-01,36121.8452,36699.7232,-577.878,-1.5746
regressao,2019-08-01,2,2019-10-01,37268.7317,37918.2543,-649.5226,-1.713
regressao,2019-08-01,3,2019-11-01,36551.8795,37089.4265,-537.547,-1.4493
regressao,2019-08-01,4,2019-12-01,37107.1846,36887.2681,219.9165,0.5962
regressao,2019-09-01,1,2019-10-01,37284.4103,37918.2543,-633.844,-1.6716
regressao,2019-09-01,2,2019-11-01,36561.177,37089.4265,-528.2495,-1.4243
regressao,2019-09-01,3,2019-12-01,37115.9255,36887.2681,228.6574,0.6199
regressao,2019-10-01,1,2019-11-01,36543.8971,37089.4265,-545.5294,-1.4708
regressao,2019-10-01,2,2019-12-01,37094.7835,36887.2681,207.5154,0.5626
regressao,2019-11-01,1,2019-12-01,37113.8547,36887.2681,226.5866,0.6143
ets,2011-01-01,12,2012-01-01,34726.7681,35138.7467,-411.9786,-1.1724
ets,2011-02-01,11,2012-01-01,35545.4972,35138.7467,406.7505,1.1576
ets,2011-02-01,12,2012-02-01,36886.7306,37785.0274,-898.2968,-2.3774
ets,2011-03-01,10,2012-01-01,34023.7664,35138.7467,-1114.9803,-3.1731
ets,2011-03-01,11,2012-02-01,35353.2878,37785.0274,-2431.7396,-6.4357
ets,2011-03-01,12,2012-03-01,35472.7826,38142.0916,-2669.309,-6.9983
ets,2011-04-01,9,2012-01-01,34524.8565,35138.7467,-613.8902,-1.747
ets,2011-04-01,10,2012-02-01,35862.6955,37785.0274,-1922.3319,-5.0875
ets,2011-04-01,11,2012-03-01,35974.6058,38142.0916,-2167.4858,-5.6827
ets,2011-04-01,12,2012-04-01,34648.5964,36429.9418,-1781.3455,-4.8898
ets,2011-05-01,8,2012-01-01,34411.8889,35138.7467,-726.8578,-2.0685
ets,2011-05-01,9,2012-02-01,35748.2615,37785.0274,-2036.7659,-5.3904
ets,2011-05-01,10,2012-03-01,35862.8034,38142.0916,-2279.2882,-5.9758
ets,2011-05-01,11,2012-04-01,34544.5304,36429.9418,-1885.4114,-5.1754
ets,2011-05-01,12,2012-05-01,33344.5297,34040.2569,-695.7272,-2.0438
ets,2011-06-01,7,2012-01-01,34181.0042,35138.7467,-957.7425,-2.7256
ets,2011-06-01,8,2012-02-01,35352.7649,37785.0274,-2432.2625,-6.4371
ets,2011-06-01,9,2012-03-01,35483.1639,38142.0916,-2658.9276,-6.9711
ets,2011-06-01,10,2012-04-01,34173.9834,36429.9418,-2255.9584,-6.1926
ets,2011-06-01,11,2012-05-01,33077.264,34040.2569,-962.9929,-2.829
ets,2011-06-01,12,2012-06-01,32694.2595,32396.5755,297.684,0.9189
ets,2011-07-01,6,2012-01-01,34115.4924,35138.7467,-1023.2543,-2.912
ets,2011-07-01,7,2012-02-01,35441.3439,37785.0274,-2343.6834,-6.2027
ets,2011-07-01,8,2012-03-01,35555.7302,38142.0916,-2586.3614,-6.7809
ets,2011-07-01,9,2012-04-01,34249.9848,36429.9418,-2179.957,-5.984
ets,2011-07-01,10,2012-05-01,33060.9438,34040.2569,-979.3131,-2.8769
ets,2011-07-01,11,2012-06-01,32677.1517,32396.5755,280.5762,0.8661
ets,2011-07-01,12,2012-07-01,33049.8106,32553.3452,496.4654,1.5251
ets,2011-08-01,5,2012-01-01,34727.6823,35138.7467,-411.0644,-1.1698
ets,2011-08-01,6,2012-02-01,36064.3545,37785.0274,-1720.6729,-4.5538
ets,2011-08-01,7,2012-03-01,36167.3698,38142.0916,-1974.7218,-5.1773
ets,2011-08-01,8,2012-04-01,34824.7002,36429.9418,-1605.2416,-4.4064
ets,2011-08-01,9,2012-05-01,33600.795,34040.2569,-439.4618,-1.291
ets,2011-08-01,10,2012-06-01,33196.2045,32396.5755,799.629,2.4683
ets,2011-08-01,11,2012-07-01,33560.8033,32553.3452,1007.4581,3.0948
ets,2011-08-01,12,2012-08-01,34455.3819,34867.9263,-412.5444,-1.1832
ets,2011-09-01,4,2012-01-01,34720.9539,35138.7467,-417.7928,-1.189
ets,2011-09-01,5,2012-02-01,36060.5196,37785.0274,-1724.5078,-4.564
ets,2011-09-01,6,2012-03-01,36166.8776,38142.0916,-1975.214,-5.1786
ets,2011-09-01,7,2012-04-01,34827.9727,36429.9418,-1601.9691,-4.3974
ets,2011-09-01,8,2012-05-01,33607.8156,34040.2569,-432.4412,-1.2704
ets,2011-09-01,9,2012-06-01,33207.0339,32396.5755,810.4584,2.5017
ets,2011-09-01,10,2012-07-01,33575.2629,32553.3452,1021.9177,3.1392
ets,2011-09-01,11,2012-08-01,34473.618,34867.9263,-394.3083,-1.1309
ets,2011-09-01,12,2012-09-01,34829.0515,35552.6986,-723.6471,-2.0354
ets,2011-10-01,3,2012-01-01,34397.087,35138.7467,-741.6598,-2.1107
ets,2011-10-01,4,2012-02-01,35728.2583,37785.0274,-2056.7691,-5.4433
ets,2011-10-01,5,2012-03-01,35837.8173,38142.0916,-2304.2743,-6.0413
ets,2011-10-01,6,2012-04-01,34515.5121,36429.9418,-1914.4298,-5.2551
ets,2011-10-01,7,2012-05-01,33310.7547,34040.2569,-729.5022,-2.1431
ets,2011-10-01,8,2012-06-01,32917.8798,32396.5755,521.3043,1.6091
ets,2011-10-01,9,2012-07-01,33287.3224,32553.3452,733.9771,2.2547
ets,2011-10-01,10,2012-08-01,34182.2316,34867.9263,-685.6947,-1.9665
ets,2011-10-01,11,2012-09-01,34538.5724,35552.6986,-1014.1261,-2.8525
ets,2011-10-01,12,2012-10-01,34561.8446,36868.8102,-2306.9656,-6.2572
ets,2011-11-01,2,2012-01-01,34595.0928,35138.7467,-543.6539,-1.5472
ets,2011-11-01,3,2012-02-01,35935.1336,37785.0274,-1849.8938,-4.8958
ets,2011-11-01,4,2012-03-01,36047.4731,38142.0916,-2094.6185,-5.4916
ets,2011-11-01,5,2012-04-01,34719.2509,36429.9418,-1710.6909,-4.6958
ets,2011-11-01,6,2012-05-01,33509.3425,34040.2569,-530.9144,-1.5597
ets,2011-11-01,7,2012-06-01,33115.8915,32396.5755,719.316,2.2203
ets,2011-11-01,8,2012-07-01,33489.3442,32553.3452,935.999,2.8753
ets,2011-11-01,9,2012-08-01,34391.4443,34867.9263,-476.4821,-1.3665
ets,2011-11-01,10,2012-09-01,34751.809,35552.6986,-800.8896,-2.2527
ets,2011-11-01,11,2012-10-01,34777.3993,36868.8102,-2091.4109,-5.6726
ets,2011-11-01,12,2012-11-01,34641.0755,34588.8219,52.2536,0.1511
ets,2011-12-01,1,2012-01-01,35244.447,35138.7467,105.7003,0.3008
ets,2011-12-01,2,2012-02-01,36606.7487,37785.0274,-1178.2787,-3.1184
ets,2011-12-01,3,2012-03-01,36714.0221,38142.0916,-1428.0694,-3.7441
ets,2011-12-01,4,2012-04-01,35353.6669,36429.9418,-1076.275,-2.9544
ets,2011-12-01,5,2012-05-01,34114.1204,34040.2569,73.8635,0.217
ets,2011-12-01,6,2012-06-01,33706.2088,32396.5755,1309.6333,4.0425
ets,2011-12-01,7,2012-07-01,34079.0249,32553.3452,1525.6796,4.6867
ets,2011-12-01,8,2012-08-01,34989.8919,34867.9263,121.9655,0.3498
ets,2011-12-01,9,2012-09-01,35349.6567,35552.6986,-203.0418,-0.5711
ets,2011-12-01,10,2012-10-01,35368.6782,36868.8102,-1500.132,-4.0688
ets,2011-12-01,11,2012-11-01,35223.0244,34588.8219,634.2025,1.8335
ets,2011-12-01,12,2012-12-01,34825.6999,36179.2566,-1353.5567,-3.7413
ets,2012-01-01,1,2012-02-01,36562.9313,37785.0274,-1222.0961,-3.2343
ets,2012-01-01,2,2012-03-01,36714.0318,38142.0916,-1428.0598,-3.7441
ets,2012-01-01,3,2012-04-01,35349.2557,36429.9418,-1080.6861,-2.9665
ets,2012-01-01,4,2012-05-01,34104.7012,34040.2569,64.4443,0.1893
ets,2012-01-01,5,2012-06-01,33692.0256,32396.5755,1295.4501,3.9987
ets,2012-01-01,6,2012-07-01,34059.8248,32553.3452,1506.4795,4.6277
ets,2012-01-01,7,2012-08-01,34965.4459,34867.9263,97.5196,0.2797
ets,2012-01-01,8,2012-09-01,35320.4545,35552.6986,-232.2441,-0.6532
ets,2012-01-01,9,2012-10-01,35334.6901,36868.8102,-1534.1201,-4.161
ets,2012-01-01,10,2012-11-01,35184.8157,34588.8219,595.9938,1.7231
ets,2012-01-01,11,2012-12-01,34783.364,36179.2566,-1395.8926,-3.8583
ets,2012-01-01,12,2013-01-01,35161.0071,34415.2791,745.728,2.1669
ets,2012-02-01,1,2012-03-01,37437.4271,38142.0916,-704.6645,-1.8475
ets,2012-02-01,2,2012-04-01,36093.771,36429.9418,-336.1709,-0.9228
ets,2012-02-01,3,2012-05-01,34811.6763,34040.2569,771.4194,2.2662
ets,2012-02-01,4,2012-06-01,34379.4928,32396.5755,1982.9173,6.1208
ets,2012-02-01,5,2012-07-01,34744.2567,32553.3452,2190.9115,6.7302
ets,2012-02-01,6,2012-08-01,35658.008,34867.9263,790.0816,2.2659
ets,2012-02-01,7,2012-09-01,36009.9045,35552.6986,457.2059,1.286
ets,2012-02-01,8,2012-10-01,36014.35,36868.8102,-854.4602,-2.3176
ets,2012-02-01,9,2012-11-01,35851.3971,34588.8219,1262.5752,3.6502
ets,2012-02-01,10,2012-12-01,35431.8212,36179.2566,-747.4355,-2.0659
ets,2012-02-01,11,2013-01-01,35807.1491,34415.2791,1391.8701,4.0443
ets,2012-02-01,12,2013-02-01,37497.9591,36703.9906,793.9686,2.1632
ets,2012-03-01,1,2012-04-01,36593.8738,36429.9418,163.932,0.45
ets,2012-03-01,2,2012-05-01,35262.5904,34040.2569,1222.3335,3.5908
ets,2012-03-01,3,2012-06-01,34816.8699,32396.5755,2420.2944,7.4708
ets,2012-03-01,4,2012-07-01,35178.2593,32553.3452,2624.9141,8.0634
ets,2012-03-01,5,2012-08-01,36095.7949,34867.9263,1227.8686,3.5215
ets,2012-03-01,6,2012-09-01,36444.4597,35552.6986,891.7611,2.5083
ets,2012-03-01,7,2012-10-01,36441.3472,36868.8102,-427.4629,-1.1594
ets,2012-03-01,8,2012-11-01,36269.0429,34588.8219,1680.221,4.8577
ets,2012-03-01,9,2012-12-01,35836.9662,36179.2566,-342.2904,-0.9461
ets,2012-03-01,10,2013-01-01,36208.7553,34415.2791,1793.4762,5.2113
ets,2012-03-01,11,2013-02-01,37910.5256,36703.9906,1206.5351,3.2872
ets,2012-03-01,12,2013-03-01,37984.5463,36142.0469,1842.4994,5.0979
ets,2012-04-01,1,2012-05-01,35108.3909,34040.2569,1068.134,3.1379
ets,2012-04-01,2,2012-06-01,34610.7435,32396.5755,2214.168,6.8346
ets,2012-04-01,3,2012-07-01,34981.7052,32553.3452,2428.36,7.4596
ets,2012-04-01,4,2012-08-01,35905.571,34867.9263,1037.6446,2.9759
ets,2012-04-01,5,2012-09-01,36263.8244,35552.6986,711.1258,2.0002
ets,2012-04-01,6,2012-10-01,36272.1812,36868.8102,-596.629,-1.6182
ets,2012-04-01,7,2012-11-01,36112.1914,34588.8219,1523.3695,4.4042
ets,2012-04-01,8,2012-12-01,35693.6194,36179.2566,-485.6372,-1.3423
ets,2012-04-01,9,2013-01-01,36075.337,34415.2791,1660.0579,4.8236
ets,2012-04-01,10,2013-02-01,37781.6032,36703.9906,1077.6126,2.936
ets,2012-04-01,11,2013-03-01,37865.8736,36142.0469,1723.8267,4.7696
ets,2012-04-01,12,2013-04-01,36475.8014,34505.9381,1969.8633,5.7088
ets,2012-05-01,1,2012-06-01,33873.5281,32396.5755,1476.9526,4.559
ets,2012-05-01,2,2012-07-01,34183.8844,32553.3452,1630.5392,5.0088
ets,2012-05-01,3,2012-08-01,35105.6713,34867.9263,237.745,0.6818
ets,2012-05-01,4,2012-09-01,35474.7409,35552.6986,-77.9577,-0.2193
ets,2012-05-01,5,2012-10-01,35501.5644,36868.8102,-1367.2457,-3.7084
ets,2012-05-01,6,2012-11-01,35364.24,34588.8219,775.4181,2.2418
ets,2012-05-01,7,2012-12-01,34973.5321,36179.2566,-1205.7245,-3.3326
ets,2012-05-01,8,2013-01-01,35365.0964,34415.2791,949.8173,2.7599
ets,2012-05-01,9,2013-02-01,37054.4768,36703.9906,350.4862,0.9549
ets,2012-05-01,10,2013-03-01,37154.2831,36142.0469,1012.2362,2.8007
ets,2012-05-01,11,2013-04-01,35808.2919,34505.9381,1302.3539,3.7743
ets,2012-05-01,12,2013-05-01,34275.8779,33046.0622,1229.8157,3.7215
ets,2012-06-01,1,2012-07-01,33154.9054,32553.3452,601.5602,1.8479
ets,2012-06-01,2,2012-08-01,34009.0488,34867.9263,-858.8775,-2.4632
ets,2012-06-01,3,2012-09-01,34383.2323,35552.6986,-1169.4663,-3.2894
ets,2012-06-01,4,2012-10-01,34425.7379,36868.8102,-2443.0723,-6.6264
ets,2012-06-01,5,2012-11-01,34309.8769,34588.8219,-278.945,-0.8065
ets,2012-06-01,6,2012-12-01,33947.9455,36179.2566,-2231.3111,-6.1674
ets,2012-06-01,7,2013-01-01,34343.4611,34415.2791,-71.818,-0.2087
ets,2012-06-01,8,2013-02-01,35998.794,36703.9906,-705.1966,-1.9213
ets,2012-06-01,9,2013-03-01,36110.9235,36142.0469,-31.1234,-0.0861
ets,2012-06-01,10,2013-04-01,34818.7194,34505.9381,312.7813,0.9065
ets,2012-06-01,11,2013-05-01,33344.8746,33046.0622,298.8123,0.9042
ets,2012-06-01,12,2013-06-01,32671.6381,32968.8521,-297.2139,-0.9015
ets,2012-07-01,1,2012-08-01,33584.7701,34867.9263,-1283.1562,-3.68
ets,2012-07-01,2,2012-09-01,33933.7523,35552.6986,-1618.9463,-4.5537
ets,2012-07-01,3,2012-10-01,33981.2235,36868.8102,-2887.5867,-7.8321
ets,2012-07-01,4,2012-11-01,33872.6899,34588.8219,-716.132,-2.0704
ets,2012-07-01,5,2012-12-01,33521.128,36179.2566,-2658.1286,-7.3471
ets,2012-07-01,6,2013-01-01,33916.3915,34415.2791,-498.8876,-1.4496
ets,2012-07-01,7,2013-02-01,35556.1153,36703.9906,-1147.8753,-3.1274
ets,2012-07-01,8,2013-03-01,35671.815,36142.0469,-470.2319,-1.3011
ets,2012-07-01,9,2013-04-01,34400.6214,34505.9381,-105.3167,-0.3052
ets,2012-07-01,10,2013-05-01,32950.2443,33046.0622,-95.8179,-0.29
ets,2012-07-01,11,2013-06-01,32290.4828,32968.8521,-678.3693,-2.0576
ets,2012-07-01,12,2013-07-01,32652.391,32891.3969,-239.006,-0.7267
ets,2012-08-01,1,2012-09-01,35063.6211,35552.6986,-489.0775,-1.3756
ets,2012-08-01,2,2012-10-01,35033.6369,36868.8102,-1835.1733,-4.9776
ets,2012-08-01,3,2012-11-01,34896.5327,34588.8219,307.7107,0.8896
ets,2012-08-01,4,2012-12-01,34509.262,36179.2566,-1669.9946,-4.6159
ets,2012-08-01,5,2013-01-01,34893.643,34415.2791,478.3639,1.39
ets,2012-08-01,6,2013-02-01,36558.7915,36703.9906,-145.199,-0.3956
ets,2012-08-01,7,2013-03-01,36655.6349,36142.0469,513.588,1.421
ets,2012-08-01,8,2013-04-01,35325.8253,34505.9381,819.8872,2.3761
ets,2012-08-01,9,2013-05-01,33810.8087,33046.0622,764.7465,2.3142
ets,2012-08-01,10,2013-06-01,33108.0928,32968.8521,139.2407,0.4223
ets,2012-08-01,11,2013-07-01,33455.7509,32891.3969,564.3539,1.7158
ets,2012-08-01,12,2013-08-01,34588.4745,33964.2456,624.2289,1.8379
ets,2012-09-01,1,2012-10-01,35389.0667,36868.8102,-1479.7435,-4.0135
ets,2012-09-01,2,2012-11-01,35200.9304,34588.8219,612.1085,1.7697
ets,2012-09-01,3,2012-12-01,34808.2482,36179.2566,-1371.0084,-3.7895
ets,2012-09-01,4,2013-01-01,35194.3622,34415.2791,779.0831,2.2638
ets,2012-09-01,5,2013-02-01,36872.3448,36703.9906,168.3542,0.4587
ets,2012-09-01,6,2013-03-01,36968.374,36142.0469,826.3271,2.2863
ets,2012-09-01,7,2013-04-01,35625.4819,34505.9381,1119.5438,3.2445
ets,2012-09-01,8,2013-05-01,34095.7248,33046.0622,1049.6626,3.1764
ets,2012-09-01,9,2013-06-01,33385.2511,32968.8521,416.3991,1.263
ets,2012-09-01,10,2013-07-01,33734.2488,32891.3969,842.8519,2.5625
ets,2012-09-01,11,2013-08-01,34874.3756,33964.2456,910.13,2.6797
ets,2012-09-01,12,2013-09-01,35447.3321,34766.6241,680.7079,1.9579
ets,2012-10-01,1,2012-11-01,36240.4102,34588.8219,1651.5883,4.7749
ets,2012-10-01,2,2012-12-01,35796.5487,36179.2566,-382.7079,-1.0578
ets,2012-10-01,3,2013-01-01,36182.3788,34415.2791,1767.0998,5.1346
ets,2012-10-01,4,2013-02-01,37897.7127,36703.9906,1193.7221,3.2523
ets,2012-10-01,5,2013-03-01,37986.5188,36142.0469,1844.4719,5.1034
ets,2012-10-01,6,2013-04-01,36596.3695,34505.9381,2090.4314,6.0582
ets,2012-10-01,7,2013-05-01,35015.1785,33046.0622,1969.1163,5.9587
ets,2012-10-01,8,2013-06-01,34275.8049,32968.8521,1306.9528,3.9642
ets,2012-10-01,9,2013-07-01,34623.7263,32891.3969,1732.3294,5.2668
ets,2012-10-01,10,2013-08-01,35783.5553,33964.2456,1819.3097,5.3565
ets,2012-10-01,11,2013-09-01,36361.8648,34766.6241,1595.2407,4.5884
ets,2012-10-01,12,2013-10-01,36602.0955,35404.5633,1197.5322,3.3824
ets,2012-11-01,1,2012-12-01,34635.2814,36179.2566,-1543.9752,-4.2676
ets,2012-11-01,2,2013-01-01,34982.7752,34415.2791,567.4961,1.649
ets,2012-11-01,3,2013-02-01,36663.0079,36703.9906,-40.9826,-0.1117
ets,2012-11-01,4,2013-03-01,36771.5221,36142.0469,629.4752,1.7417
ets,2012-11-01,5,2013-04-01,35449.0262,34505.9381,943.0882,2.7331
ets,2012-11-01,6,2013-05-01,33940.295,33046.0622,894.2328,2.706
ets,2012-11-01,7,2013-06-01,33246.528,32968.8521,277.676,0.8422
ets,2012-11-01,8,2013-07-01,33607.4725,32891.3969,716.0756,2.1771
ets,2012-11-01,9,2013-08-01,34755.6867,33964.2456,791.4411,2.3302
ets,2012-11-01,10,2013-09-01,35338.818,34766.6241,572.1939,1.6458
ets,2012-11-01,11,2013-10-01,35595.7914,35404.5633,191.2282,0.5401
ets,2012-11-01,12,2013-11-01,34948.0635,35381.6161,-433.5525,-1.2254
ets,2012-12-01,1,2013-01-01,36096.3195,34415.2791,1681.0405,4.8846
ets,2012-12-01,2,2013-02-01,37765.5717,36703.9906,1061.5811,2.8923
ets,2012-12-01,3,2013-03-01,37860.7911,36142.0469,1718.7442,4.7555
ets,2012-12-01,4,2013-04-01,36479.9594,34505.9381,1974.0213,5.7208
ets,2012-12-01,5,2013-05-01,34906.4665,33046.0622,1860.4042,5.6297
ets,2012-12-01,6,2013-06-01,34172.2103,32968.8521,1203.3582,3.65
ets,2012-12-01,7,2013-07-01,34524.6535,32891.3969,1633.2566,4.9656
ets,2012-12-01,8,2013-08-01,35686.9351,33964.2456,1722.6895,5.0721
ets,2012-12-01,9,2013-09-01,36267.5354,34766.6241,1500.9113,4.3171
ets,2012-12-01,10,2013-10-01,36513.0806,35404.5633,1108.5173,3.131
ets,2012-12-01,11,2013-11-01,35832.2323,35381.6161,450.6162,1.2736
ets,2012-12-01,12,2013-12-01,35772.5379,35314.9921,457.5457,1.2956
ets,2013-01-01,1,2013-02-01,36611.6975,36703.9906,-92.2931,-0.2515
ets,2013-01-01,2,2013-03-01,36756.4869,36142.0469,614.4399,1.7001
ets,2013-01-01,3,2013-04-01,35431.5543,34505.9381,925.6163,2.6825
ets,2013-01-01,4,2013-05-01,33918.3297,33046.0622,872.2675,2.6396
ets,2013-01-01,5,2013-06-01,33219.7697,32968.8521,250.9176,0.7611
ets,2013-01-01,6,2013-07-01,33576.7479,32891.3969,685.3509,2.0837
ets,2013-01-01,7,2013-08-01,34720.6846,33964.2456,756.439,2.2272
ets,2013-01-01,8,2013-09-01,35298.9403,34766.6241,532.3162,1.5311
ets,2013-01-01,9,2013-10-01,35551.7329,35404.5633,147.1696,0.4157
ets,2013-01-01,10,2013-11-01,34901.9388,35381.6161,-479.6772,-1.3557
ets,2013-01-01,11,2013-12-01,34860.0133,35314.9921,-454.9789,-1.2883
ets,2013-01-01,12,2014-01-01,34859.9676,38704.8608,-3844.8932,-9.9339
ets,2013-02-01,1,2013-03-01,36508.1057,36142.0469,366.0588,1.0128
ets,2013-02-01,2,2013-04-01,35304.6831,34505.9381,798.745,2.3148
ets,2013-02-01,3,2013-05-01,33810.0559,33046.0622,763.9937,2.3119
ets,2013-02-01,4,2013-06-01,33126.7987,32968.8521,157.9466,0.4791
ets,2013-02-01,5,2013-07-01,33495.4727,32891.3969,604.0758,1.8366
ets,2013-02-01,6,2013-08-01,34648.6203,33964.2456,684.3747,2.015
ets,2013-02-01,7,2013-09-01,35237.5383,34766.6241,470.9142,1.3545
ets,2013-02-01,8,2013-10-01,35501.7735,35404.5633,97.2102,0.2746
ets,2013-02-01,9,2013-11-01,34865.0707,35381.6161,-516.5453,-1.4599
ets,2013-02-01,10,2013-12-01,34835.3422,35314.9921,-479.65,-1.3582
ets,2013-02-01,11,2014-01-01,34847.4207,38704.8608,-3857.44,-9.9663
ets,2013-02-01,12,2014-02-01,36716.8528,39855.2823,-3138.4296,-7.8746
ets,2013-03-01,1,2013-04-01,35019.859,34505.9381,513.9209,1.4894
ets,2013-03-01,2,2013-05-01,33561.2721,33046.0622,515.2099,1.5591
ets,2013-03-01,3,2013-06-01,32889.6145,32968.8521,-79.2376,-0.2403
ets,2013-03-01,4,2013-07-01,33262.3185,32891.3969,370.9216,1.1277
ets,2013-03-01,5,2013-08-01,34413.6503,33964.2456,449.4047,1.3232
ets,2013-03-01,6,2013-09-01,35004.5092,34766.6241,237.8851,0.6842
ets,2013-03-01,7,2013-10-01,35273.1379,35404.5633,-131.4254,-0.3712
ets,2013-03-01,8,2013-11-01,34646.6934,35381.6161,-734.9226,-2.0771
ets,2013-03-01,9,2013-12-01,34623.3784,35314.9921,-691.6138,-1.9584
ets,2013-03-01,10,2014-01-01,34641.6126,38704.8608,-4063.2482,-10.498
ets,2013-03-01,11,2014-02-01,36505.7576,39855.2823,-3349.5247,-8.4042
ets,2013-03-01,12,2014-03-01,36254.6507,37542.7446,-1288.094,-3.431
ets,2013-04-01,1,2013-05-01,33271.3833,33046.0622,225.3211,0.6818
ets,2013-04-01,2,2013-06-01,32539.9639,32968.8521,-428.8882,-1.3009
ets,2013-04-01,3,2013-07-01,32918.0029,32891.3969,26.606,0.0809
ets,2013-04-01,4,2013-08-01,34066.5806,33964.2456,102.335,0.3013
ets,2013-04-01,5,2013-09-01,34660.8516,34766.6241,-105.7725,-0.3042
ets,2013-04-01,6,2013-10-01,34935.9071,35404.5633,-468.6562,-1.3237
ets,2013-04-01,7,2013-11-01,34325.2047,35381.6161,-1056.4113,-2.9858
ets,2013-04-01,8,2013-12-01,34311.4792,35314.9921,-1003.5129,-2.8416
ets,2013-04-01,9,2014-01-01,34338.2996,38704.8608,-4366.5611,-11.2817
ets,2013-04-01,10,2014-02-01,36194.1675,39855.2823,-3661.1148,-9.186
ets,2013-04-01,11,2014-03-01,35953.7859,37542.7446,-1588.9587,-4.2324
ets,2013-04-01,12,2014-04-01,34645.9267,35486.9658,-841.0391,-2.37
ets,2013-05-01,1,2013-06-01,32463.9173,32968.8521,-504.9347,-1.5316
ets,2013-05-01,2,2013-07-01,32739.0203,32891.3969,-152.3766,-0.4633
ets,2013-05-01,3,2013-08-01,33887.6221,33964.2456,-76.6235,-0.2256
ets,2013-05-01,4,2013-09-01,34485.1128,34766.6241,-281.5113,-0.8097
ets,2013-05-01,5,2013-10-01,34764.6422,35404.5633,-639.9211,-1.8075
ets,2013-05-01,6,2013-11-01,34163.4925,35381.6161,-1218.1236,-3.4428
ets,2013-05-01,7,2013-12-01,34155.7879,35314.9921,-1159.2043,-3.2825
ets,2013-05-01,8,2014-01-01,34187.7394,38704.8608,-4517.1214,-11.6707
ets,2013-05-01,9,2014-02-01,36040.389,39855.2823,-3814.8934,-9.5719
ets,2013-05-01,10,2014-03-01,35806.4736,37542.7446,-1736.271,-4.6248
ets,2013-05-01,11,2014-04-01,34509.8179,35486.9658,-977.1479,-2.7535
ets,2013-05-01,12,2014-05-01,33094.9756,35309.2711,-2214.2955,-6.2711
ets,2013-06-01,1,2013-07-01,33265.505,32891.3969,374.1081,1.1374
ets,2013-06-01,2,2013-08-01,34302.3206,33964.2456,338.075,0.9954
ets,2013-06-01,3,2013-09-01,34898.3219,34766.6241,131.6978,0.3788
ets,2013-06-01,4,2013-10-01,35172.2701,35404.5633,-232.2931,-0.6561
ets,2013-06-01,5,2013-11-01,34554.258,35381.6161,-827.358,-2.3384
ets,2013-06-01,6,2013-12-01,34537.191,35314.9921,-777.8011,-2.2025
ets,2013-06-01,7,2014-01-01,34560.6193,38704.8608,-4144.2414,-10.7073
ets,2013-06-01,8,2014-02-01,36425.5373,39855.2823,-3429.745,-8.6055
ets,2013-06-01,9,2014-03-01,36180.2795,37542.7446,-1362.4652,-3.6291
ets,2013-06-01,10,2014-04-01,34860.9388,35486.9658,-626.027,-1.7641
ets,2013-06-01,11,2014-05-01,33421.8437,35309.2711,-1887.4274,-5.3454
ets,2013-06-01,12,2014-06-01,32822.4185,34120.949,-1298.5305,-3.8057
ets,2013-07-01,1,2013-08-01,34166.4766,33964.2456,202.231,0.5954
ets,2013-07-01,2,2013-09-01,34692.4225,34766.6241,-74.2016,-0.2134
ets,2013-07-01,3,2013-10-01,34966.1216,35404.5633,-438.4417,-1.2384
ets,2013-07-01,4,2013-11-01,34352.2198,35381.6161,-1029.3963,-2.9094
ets,2013-07-01,5,2013-12-01,34336.3699,35314.9921,-978.6222,-2.7711
ets,2013-07-01,6,2014-01-01,34361.3347,38704.8608,-4343.526,-11.2222
ets,2013-07-01,7,2014-02-01,36216.6767,39855.2823,-3638.6056,-9.1295
ets,2013-07-01,8,2014-03-01,35974.2184,37542.7446,-1568.5263,-4.178
ets,2013-07-01,9,2014-04-01,34663.3169,35486.9658,-823.6489,-2.321
ets,2013-07-01,10,2014-05-01,33232.9658,35309.2711,-2076.3052,-5.8803
ets,2013-07-01,11,2014-06-01,32637.728,34120.949,-1483.221,-4.347
ets,2013-07-01,12,2014-07-01,32983.0599,34146.1814,-1163.1215,-3.4063
ets,2013-08-01,1,2013-09-01,34589.7503,34766.6241,-176.8738,-0.5087
ets,2013-08-01,2,2013-10-01,34836.1183,35404.5633,-568.445,-1.6056
ets,2013-08-01,3,2013-11-01,34226.6207,35381.6161,-1154.9954,-3.2644
ets,2013-08-01,4,2013-12-01,34213.0805,35314.9921,-1101.9116,-3.1202
ets,2013-08-01,5,2014-01-01,34240.297,38704.8608,-4464.5637,-11.5349
ets,2013-08-01,6,2014-02-01,36091.2734,39855.2823,-3764.0089,-9.4442
ets,2013-08-01,7,2014-03-01,35851.9081,37542.7446,-1690.8365,-4.5038
ets,2013-08-01,8,2014-04-01,34547.8298,35486.9658,-939.136,-2.6464
ets,2013-08-01,9,2014-05-01,33124.7104,35309.2711,-2184.5607,-6.1869
ets,2013-08-01,10,2014-06-01,32533.8452,34120.949,-1587.1038,-4.6514
ets,2013-08-01,11,2014-07-01,32880.326,34146.1814,-1265.8554,-3.7072
ets,2013-08-01,12,2014-08-01,34020.7643,34537.1042,-516.34,-1.495
ets,2013-09-01,1,2013-10-01,34893.701,35404.5633,-510.8623,-1.4429
ets,2013-09-01,2,2013-11-01,34291.1944,35381.6161,-1090.4217,-3.0819
ets,2013-09-01,3,2013-12-01,34279.5918,35314.9921,-1035.4003,-2.9319
ets,2013-09-01,4,2014-01-01,34308.5658,38704.8608,-4396.295,-11.3585
ets,2013-09-01,5,2014-02-01,36164.7642,39855.2823,-3690.5181,-9.2598
ets,2013-09-01,6,2014-03-01,35926.6296,37542.7446,-1616.1151,-4.3047
ets,2013-09-01,7,2014-04-01,34621.6406,35486.9658,-865.3252,-2.4384
ets,2013-09-01,8,2014-05-01,33197.6094,35309.2711,-2111.6617,-5.9805
ets,2013-09-01,9,2014-06-01,32607.4174,34120.949,-1513.5316,-4.4358
ets,2013-09-01,10,2014-07-01,32956.6246,34146.1814,-1189.5568,-3.4837
ets,2013-09-01,11,2014-08-01,34101.4921,34537.1042,-435.6121,-1.2613
ets,2013-09-01,12,2014-09-01,34724.561,36110.8825,-1386.3215,-3.8391
ets,2013-10-01,1,2013-11-01,34667.1377,35381.6161,-714.4784,-2.0193
ets,2013-10-01,2,2013-12-01,34614.2555,35314.9921,-700.7367,-1.9842
ets,2013-10-01,3,2014-01-01,34638.2308,38704.8608,-4066.6299,-10.5068
ets,2013-10-01,4,2014-02-01,36507.3353,39855.2823,-3347.947,-8.4003
ets,2013-10-01,5,2014-03-01,36261.766,37542.7446,-1280.9786,-3.4121
ets,2013-10-01,6,2014-04-01,34938.9991,35486.9658,-547.9667,-1.5441
ets,2013-10-01,7,2014-05-01,33496.2597,35309.2711,-1813.0114,-5.1347
ets,2013-10-01,8,2014-06-01,32895.014,34120.949,-1225.935,-3.5929
ets,2013-10-01,9,2014-07-01,33241.893,34146.1814,-904.2884,-2.6483
ets,2013-10-01,10,2014-08-01,34391.4875,34537.1042,-145.6167,-0.4216
ets,2013-10-01,11,2014-09-01,35014.6369,36110.8825,-1096.2456,-3.0358
ets,2013-10-01,12,2014-10-01,35258.5917,37058.0356,-1799.4439,-4.8557
ets,2013-11-01,1,2013-12-01,35151.0736,35314.9921,-163.9185,-0.4642
ets,2013-11-01,2,2014-01-01,35130.7194,38704.8608,-3574.1414,-9.2343
ets,2013-11-01,3,2014-02-01,37018.2621,39855.2823,-2837.0203,-7.1183
ets,2013-11-01,4,2014-03-01,36760.6021,37542.7446,-782.1426,-2.0833
ets,2013-11-01,5,2014-04-01,35410.7813,35486.9658,-76.1845,-0.2147
ets,2013-11-01,6,2014-05-01,33939.3178,35309.2711,-1369.9533,-3.8799
ets,2013-11-01,7,2014-06-01,33320.8522,34120.949,-800.0968,-2.3449
ets,2013-11-01,8,2014-07-01,33662.8184,34146.1814,-483.3631,-1.4156
ets,2013-11-01,9,2014-08-01,34818.7998,34537.1042,281.6956,0.8156
ets,2013-11-01,10,2014-09-01,35441.0291,36110.8825,-669.8533,-1.855
ets,2013-11-01,11,2014-10-01,35679.1514,37058.0356,-1378.8842,-3.7209
ets,2013-11-01,12,2014-11-01,35183.3353,36280.763,-1097.4277,-3.0248
ets,2013-12-01,1,2014-01-01,35338.8216,38704.8608,-3366.0392,-8.6967
ets,2013-12-01,2,2014-02-01,37188.1934,39855.2823,-2667.0889,-6.6919
ets,2013-12-01,3,2014-03-01,36924.5042,37542.7446,-618.2404,-1.6468
ets,2013-12-01,4,2014-04-01,35563.0265,35486.9658,76.0607,0.2143
ets,2013-12-01,5,2014-05-01,34079.2653,35309.2711,-1230.0058,-3.4835
ets,2013-12-01,6,2014-06-01,33452.6363,34120.949,-668.3127,-1.9587
ets,2013-12-01,7,2014-07-01,33790.6069,34146.1814,-355.5745,-1.0413
ets,2013-12-01,8,2014-08-01,34945.3884,34537.1042,408.2842,1.1822
ets,2013-12-01,9,2014-09-01,35565.0495,36110.8825,-545.8329,-1.5115
ets,2013-12-01,10,2014-10-01,35798.6501,37058.0356,-1259.3856,-3.3984
ets,2013-12-01,11,2014-11-01,35295.7351,36280.763,-985.0279,-2.715
ets,2013-12-01,12,2014-12-01,35260.4393,36171.1909,-910.7516,-2.5179
ets,2014-01-01,1,2014-02-01,39959.0301,39855.2823,103.7478,0.2603
ets,2014-01-01,2,2014-03-01,39634.5965,37542.7446,2091.8519,5.5719
ets,2014-01-01,3,2014-04-01,38116.8065,35486.9658,2629.8407,7.4107
ets,2014-01-01,4,2014-05-01,36469.0792,35309.2711,1159.8081,3.2847
ets,2014-01-01,5,2014-06-01,35741.0002,34120.949,1620.0512,4.748
ets,2014-01-01,6,2014-07-01,36044.9311,34146.1814,1898.7497,5.5607
ets,2014-01-01,7,2014-08-01,37222.5584,34537.1042,2685.4542,7.7756
ets,2014-01-01,8,2014-09-01,37830.2088,36110.8825,1719.3263,4.7612
ets,2014-01-01,9,2014-10-01,38025.7826,37058.0356,967.747,2.6114
ets,2014-01-01,10,2014-11-01,37437.9234,36280.763,1157.1604,3.1895
ets,2014-01-01,11,2014-12-01,37346.8693,36171.1909,1175.6784,3.2503
ets,2014-01-01,12,2015-01-01,37961.8063,40467.7143,-2505.908,-6.1924
ets,2014-02-01,1,2014-03-01,39283.0517,37542.7446,1740.3071,4.6355
ets,2014-02-01,2,2014-04-01,37857.3543,35486.9658,2370.3885,6.6796
ets,2014-02-01,3,2014-05-01,36236.6787,35309.2711,927.4076,2.6265
ets,2014-02-01,4,2014-06-01,35529.3853,34120.949,1408.4363,4.1278
ets,2014-02-01,5,2014-07-01,35847.4436,34146.1814,1701.2621,4.9823
ets,2014-02-01,6,2014-08-01,37033.9051,34537.1042,2496.8009,7.2293
ets,2014-02-01,7,2014-09-01,37653.0402,36110.8825,1542.1577,4.2706
ets,2014-02-01,8,2014-10-01,37862.4911,37058.0356,804.4554,2.1708
ets,2014-02-01,9,2014-11-01,37292.0085,36280.763,1011.2455,2.7873
ets,2014-02-01,10,2014-12-01,37216.265,36171.1909,1045.074,2.8892
ets,2014-02-01,11,2015-01-01,37844.271,40467.7143,-2623.4433,-6.4828
ets,2014-02-01,12,2015-02-01,39886.5101,39133.7826,752.7275,1.9235
ets,2014-03-01,1,2014-04-01,36458.1865,35486.9658,971.2207,2.7368
ets,2014-03-01,2,2014-05-01,35008.5039,35309.2711,-300.7672,-0.8518
ets,2014-03-01,3,2014-06-01,34360.3383,34120.949,239.3893,0.7016
ets,2014-03-01,4,2014-07-01,34703.1808,34146.1814,556.9993,1.6312
ets,2014-03-01,5,2014-08-01,35885.272,34537.1042,1348.1678,3.9035
ets,2014-03-01,6,2014-09-01,36517.3847,36110.8825,406.5022,1.1257
ets,2014-03-01,7,2014-10-01,36753.1691,37058.0356,-304.8666,-0.8227
ets,2014-03-01,8,2014-11-01,36232.1095,36280.763,-48.6535,-0.1341
ets,2014-03-01,9,2014-12-01,36191.9305,36171.1909,20.7395,0.0573
ets,2014-03-01,10,2015-01-01,36837.4368,40467.7143,-3630.2775,-8.9708
ets,2014-03-01,11,2015-02-01,38857.3442,39133.7826,-276.4383,-0.7064
ets,2014-03-01,12,2015-03-01,38026.891,38210.4323,-183.5413,-0.4803
ets,2014-04-01,1,2014-05-01,34298.6703,35309.2711,-1010.6008,-2.8621
ets,2014-04-01,2,2014-06-01,33704.0963,34120.949,-416.8527,-1.2217
ets,2014-04-01,3,2014-07-01,34056.6741,34146.1814,-89.5074,-0.2621
ets,2014-04-01,4,2014-08-01,35232.2459,34537.1042,695.1417,2.0127
ets,2014-04-01,5,2014-09-01,35868.4192,36110.8825,-242.4633,-0.6714
ets,2014-04-01,6,2014-10-01,36115.6136,37058.0356,-942.422,-2.5431
ets,2014-04-01,7,2014-11-01,35619.4069,36280.763,-661.356,-1.8229
ets,2014-04-01,8,2014-12-01,35595.7502,36171.1909,-575.4407,-1.5909
ets,2014-04-01,9,2015-01-01,36246.2162,40467.7143,-4221.4981,-10.4318
ets,2014-04-01,10,2015-02-01,38247.0721,39133.7826,-886.7105,-2.2658
ets,2014-04-01,11,2015-03-01,37443.2361,38210.4323,-767.1962,-2.0078
ets,2014-04-01,12,2015-04-01,35764.6531,35760.8064,3.8467,0.0108
ets,2014-05-01,1,2014-06-01,34169.6717,34120.949,48.7227,0.1428
ets,2014-05-01,2,2014-07-01,34568.5278,34146.1814,422.3464,1.2369
ets,2014-05-01,3,2014-08-01,35760.7688,34537.1042,1223.6646,3.543
ets,2014-05-01,4,2014-09-01,36404.9422,36110.8825,294.0597,0.8143
ets,2014-05-01,5,2014-10-01,36654.7061,37058.0356,-403.3296,-1.0884
ets,2014-05-01,6,2014-11-01,36149.3427,36280.763,-131.4203,-0.3622
ets,2014-05-01,7,2014-12-01,36124.175,36171.1909,-47.0159,-0.13
ets,2014-05-01,8,2015-01-01,36783.6041,40467.7143,-3684.1102,-9.1038
ets,2014-05-01,9,2015-02-01,38814.3591,39133.7826,-319.4235,-0.8162
ets,2014-05-01,10,2015-03-01,37997.8754,38210.4323,-212.5569,-0.5563
ets,2014-05-01,11,2015-04-01,36294.0981,35760.8064,533.2917,1.4913
ets,2014-05-01,12,2015-05-01,35044.8562,33218.0308,1826.8253,5.4995
ets,2014-06-01,1,2014-07-01,34527.9818,34146.1814,381.8004,1.1181
ets,2014-06-01,2,2014-08-01,35782.7636,34537.1042,1245.6594,3.6067
ets,2014-06-01,3,2014-09-01,36423.0422,36110.8825,312.1598,0.8644
ets,2014-06-01,4,2014-10-01,36667.7483,37058.0356,-390.2873,-1.0532
ets,2014-06-01,5,2014-11-01,36157.2423,36280.763,-123.5207,-0.3405
ets,2014-06-01,6,2014-12-01,36127.216,36171.1909,-43.9749,-0.1216
ets,2014-06-01,7,2015-01-01,36782.2199,40467.7143,-3685.4944,-9.1072
ets,2014-06-01,8,2015-02-01,38809.4524,39133.7826,-324.3302,-0.8288
ets,2014-06-01,9,2015-03-01,37988.4263,38210.4323,-222.006,-0.581
ets,2014-06-01,10,2015-04-01,36279.9847,35760.8064,519.1783,1.4518
ets,2014-06-01,11,2015-05-01,35026.0432,33218.0308,1808.0123,5.4429
ets,2014-06-01,12,2015-06-01,34127.6463,32475.565,1652.0813,5.0872
ets,2014-07-01,1,2014-08-01,35497.4589,34537.1042,960.3547,2.7806
ets,2014-07-01,2,2014-09-01,36274.5398,36110.8825,163.6574,0.4532
ets,2014-07-01,3,2014-10-01,36512.0027,37058.0356,-546.0329,-1.4735
ets,2014-07-01,4,2014-11-01,35999.1971,36280.763,-281.5659,-0.7761
ets,2014-07-01,5,2014-12-01,35964.1793,36171.1909,-207.0116,-0.5723
ets,2014-07-01,6,2015-01-01,36611.7292,40467.7143,-3855.9851,-9.5285
ets,2014-07-01,7,2015-02-01,38627.1574,39133.7826,-506.6251,-1.2946
ets,2014-07-01,8,2015-03-01,37805.137,38210.4323,-405.2953,-1.0607
ets,2014-07-01,9,2015-04-01,36099.3245,35760.8064,338.5181,0.9466
ets,2014-07-01,10,2015-05-01,34846.1231,33218.0308,1628.0923,4.9012
ets,2014-07-01,11,2015-06-01,33946.2175,32475.565,1470.6525,4.5285
ets,2014-07-01,12,2015-07-01,34262.4484,33015.5469,1246.9014,3.7767
ets,2014-08-01,1,2014-09-01,35690.7267,36110.8825,-420.1558,-1.1635
ets,2014-08-01,2,2014-10-01,36071.3867,37058.0356,-986.6489,-2.6624
ets,2014-08-01,3,2014-11-01,35568.3814,36280.763,-712.3816,-1.9635
ets,2014-08-01,4,2014-12-01,35532.4683,36171.1909,-638.7226,-1.7658
ets,2014-08-01,5,2015-01-01,36169.9364,40467.7143,-4297.7779,-10.6203
ets,2014-08-01,6,2015-02-01,38161.5632,39133.7826,-972.2194,-2.4843
ets,2014-08-01,7,2015-03-01,37347.9709,38210.4323,-862.4614,-2.2571
ets,2014-08-01,8,2015-04-01,35660.6683,35760.8064,-100.138,-0.28
ets,2014-08-01,9,2015-05-01,34420.9129,33218.0308,1202.8821,3.6212
ets,2014-08-01,10,2015-06-01,33529.4683,32475.565,1053.9033,3.2452
ets,2014-08-01,11,2015-07-01,33839.6637,33015.5469,824.1167,2.4961
ets,2014-08-01,12,2015-08-01,34869.7403,33889.707,980.0333,2.8918
ets,2014-09-01,1,2014-10-01,36204.4849,37058.0356,-853.5508,-2.3033
ets,2014-09-01,2,2014-11-01,35850.335,36280.763,-430.428,-1.1864
ets,2014-09-01,3,2014-12-01,35806.2076,36171.1909,-364.9833,-1.009
ets,2014-09-01,4,2015-01-01,36436.1093,40467.7143,-4031.605,-9.9625
ets,2014-09-01,5,2015-02-01,38439.1925,39133.7826,-694.5901,-1.7749
ets,2014-09-01,6,2015-03-01,37610.4237,38210.4323,-600.0086,-1.5703
ets,2014-09-01,7,2015-04-01,35897.9899,35760.8064,137.1835,0.3836
ets,2014-09-01,8,2015-05-01,34637.7854,33218.0308,1419.7546,4.274
ets,2014-09-01,9,2015-06-01,33727.2928,32475.565,1251.7278,3.8544
ets,2014-09-01,10,2015-07-01,34028.5937,33015.5469,1013.0468,3.0684
ets,2014-09-01,11,2015-08-01,35057.6106,33889.707,1167.9036,3.4462
ets,2014-09-01,12,2015-09-01,35980.6684,35495.7658,484.9026,1.3661
ets,2014-10-01,1,2014-11-01,36494.223,36280.763,213.46,0.5884
ets,2014-10-01,2,2014-12-01,36393.7708,36171.1909,222.5799,0.6154
ets,2014-10-01,3,2015-01-01,37013.41,40467.7143,-3454.3043,-8.536
ets,2014-10-01,4,2015-02-01,39030.243,39133.7826,-103.5396,-0.2646
ets,2014-10-01,5,2015-03-01,38169.8736,38210.4323,-40.5587,-0.1061
ets,2014-10-01,6,2015-04-01,36414.0138,35760.8064,653.2075,1.8266
ets,2014-10-01,7,2015-05-01,35116.3453,33218.0308,1898.3145,5.7147
ets,2014-10-01,8,2015-06-01,34174.3941,32475.565,1698.8291,5.2311
ets,2014-10-01,9,2015-07-01,34461.7085,33015.5469,1446.1615,4.3802
ets,2014-10-01,10,2015-08-01,35486.4524,33889.707,1596.7454,4.7116
ets,2014-10-01,11,2015-09-01,36403.4649,35495.7658,907.6991,2.5572
ets,2014-10-01,12,2015-10-01,36633.7279,36637.6374,-3.9095,-0.0107
ets,2014-11-01,1,2014-12-01,36636.9967,36171.1909,465.8058,1.2878
ets,2014-11-01,2,2015-01-01,37088.0823,40467.7143,-3379.632,-8.3514
ets,2014-11-01,3,2015-02-01,39100.2214,39133.7826,-33.5612,-0.0858
ets,2014-11-01,4,2015-03-01,38229.5623,38210.4323,19.13,0.0501
ets,2014-11-01,5,2015-04-01,36462.2508,35760.8064,701.4445,1.9615
ets,2014-11-01,6,2015-05-01,35153.6182,33218.0308,1935.5873,5.8269
ets,2014-11-01,7,2015-06-01,34201.5626,32475.565,1725.9976,5.3148
ets,2014-11-01,8,2015-07-01,34480.3316,33015.5469,1464.7847,4.4367
ets,2014-11-01,9,2015-08-01,35496.7307,33889.707,1607.0237,4.7419
ets,2014-11-01,10,2015-09-01,36405.7377,35495.7658,909.9719,2.5636
ets,2014-11-01,11,2015-10-01,36627.8298,36637.6374,-9.8076,-0.0268
ets,2014-11-01,12,2015-11-01,36292.341,36322.0451,-29.7041,-0.0818
ets,2014-12-01,1,2015-01-01,36939.553,40467.7143,-3528.1614,-8.7185
ets,2014-12-01,2,2015-02-01,38830.4009,39133.7826,-303.3817,-0.7752
ets,2014-12-01,3,2015-03-01,37975.0074,38210.4323,-235.4249,-0.6161
ets,2014-12-01,4,2015-04-01,36224.5773,35760.8064,463.7709,1.2969
ets,2014-12-01,5,2015-05-01,34931.6664,33218.0308,1713.6355,5.1588
ets,2014-12-01,6,2015-06-01,33992.1042,32475.565,1516.5392,4.6698
ets,2014-12-01,7,2015-07-01,34275.9703,33015.5469,1260.4233,3.8177
ets,2014-12-01,8,2015-08-01,35293.8054,33889.707,1404.0985,4.1431
ets,2014-12-01,9,2015-09-01,36204.4477,35495.7658,708.6819,1.9965
ets,2014-12-01,10,2015-10-01,36431.7937,36637.6374,-205.8437,-0.5618
ets,2014-12-01,11,2015-11-01,36104.1277,36322.0451,-217.9174,-0.6
ets,2014-12-01,12,2015-12-01,36354.1369,36608.2814,-254.1445,-0.6942
ets,2015-01-01,1,2015-02-01,40596.6203,39133.7826,1462.8377,3.738
ets,2015-01-01,2,2015-03-01,39731.2673,38210.4323,1520.835,3.9802
ets,2015-01-01,3,2015-04-01,37870.3378,35760.8064,2109.5315,5.899
ets,2015-01-01,4,2015-05-01,36487.4129,33218.0308,3269.3821,9.8422
ets,2015-01-01,5,2015-06-01,35475.021,32475.565,2999.456,9.236
ets,2015-01-01,6,2015-07-01,35742.4178,33015.5469,2726.8708,8.2594
ets,2015-01-01,7,2015-08-01,36776.8651,33889.707,2887.1581,8.5193
ets,2015-01-01,8,2015-09-01,37699.1641,35495.7658,2203.3983,6.2075
ets,2015-01-01,9,2015-10-01,37908.3796,36637.6374,1270.7422,3.4684
ets,2015-01-01,10,2015-11-01,37540.5463,36322.0451,1218.5011,3.3547
ets,2015-01-01,11,2015-12-01,37775.9602,36608.2814,1167.6789,3.1897
ets,2015-01-01,12,2016-01-01,39045.4471,36556.0508,2489.3963,6.8098
ets,2015-02-01,1,2015-03-01,38708.1254,38210.4323,497.6931,1.3025
ets,2015-02-01,2,2015-04-01,36975.3001,35760.8064,1214.4938,3.3962
ets,2015-02-01,3,2015-05-01,35652.8927,33218.0308,2434.8618,7.3299
ets,2015-02-01,4,2015-06-01,34688.6574,32475.565,2213.0924,6.8146
ets,2015-02-01,5,2015-07-01,34976.292,33015.5469,1960.7451,5.9389
ets,2015-02-01,6,2015-08-01,36016.5149,33889.707,2126.8079,6.2757
ets,2015-02-01,7,2015-09-01,36945.2911,35495.7658,1449.5253,4.0837
ets,2015-02-01,8,2015-10-01,37175.0743,36637.6374,537.437,1.4669
ets,2015-02-01,9,2015-11-01,36837.7293,36322.0451,515.6842,1.4198
ets,2015-02-01,10,2015-12-01,37095.0099,36608.2814,486.7285,1.3296
ets,2015-02-01,11,2016-01-01,38369.1958,36556.0508,1813.145,4.9599
ets,2015-02-01,12,2016-02-01,39771.3447,39524.4383,246.9064,0.6247
ets,2015-03-01,1,2015-04-01,36857.8497,35760.8064,1097.0434,3.0677
ets,2015-03-01,2,2015-05-01,35385.5488,33218.0308,2167.518,6.5251
ets,2015-03-01,3,2015-06-01,34441.5501,32475.565,1965.9851,6.0537
ets,2015-03-01,4,2015-07-01,34740.7302,33015.5469,1725.1833,5.2254
ets,2015-03-01,5,2015-08-01,35785.9981,33889.707,1896.2911,5.5955
ets,2015-03-01,6,2015-09-01,36720.9827,35495.7658,1225.217,3.4517
ets,2015-03-01,7,2015-10-01,36961.0066,36637.6374,323.3692,0.8826
ets,2015-03-01,8,2015-11-01,36636.989,36322.0451,314.9439,0.8671
ets,2015-03-01,9,2015-12-01,36904.9089,36608.2814,296.6275,0.8103
ets,2015-03-01,10,2016-01-01,38183.7438,36556.0508,1627.693,4.4526
ets,2015-03-01,11,2016-02-01,39590.4167,39524.4383,65.9784,0.1669
ets,2015-03-01,12,2016-03-01,38476.2065,38455.003,21.2034,0.0551
ets,2015-04-01,1,2015-05-01,35200.8077,33218.0308,1982.7769,5.969
ets,2015-04-01,2,2015-06-01,33975.275,32475.565,1499.71,4.618
ets,2015-04-01,3,2015-07-01,34294.674,33015.5469,1279.127,3.8743
ets,2015-04-01,4,2015-08-01,35341.2265,33889.707,1451.5195,4.2831
ets,2015-04-01,5,2015-09-01,36281.5871,35495.7658,785.8213,2.2138
ets,2015-04-01,6,2015-10-01,36535.282,36637.6374,-102.3554,-0.2794
ets,2015-04-01,7,2015-11-01,36233.7594,36322.0451,-88.2858,-0.2431
ets,2015-04-01,8,2015-12-01,36514.1575,36608.2814,-94.1239,-0.2571
ets,2015-04-01,9,2016-01-01,37795.317,36556.0508,1239.2662,3.39
ets,2015-04-01,10,2016-02-01,39200.1722,39524.4383,-324.2661,-0.8204
ets,2015-04-01,11,2016-03-01,38114.399,38455.003,-340.6041,-0.8857
ets,2015-04-01,12,2016-04-01,36345.5708,37695.7025,-1350.1317,-3.5817
ets,2015-05-01,1,2015-06-01,33485.2681,32475.565,1009.7031,3.1091
ets,2015-05-01,2,2015-07-01,33447.7883,33015.5469,432.2413,1.3092
ets,2015-05-01,3,2015-08-01,34484.5378,33889.707,594.8309,1.7552
ets,2015-05-01,4,2015-09-01,35420.1485,35495.7658,-75.6173,-0.213
ets,2015-05-01,5,2015-10-01,35685.5055,36637.6374,-952.1319,-2.5988
ets,2015-05-01,6,2015-11-01,35411.6932,36322.0451,-910.3519,-2.5063
ets,2015-05-01,7,2015-12-01,35701.5073,36608.2814,-906.7741,-2.477
ets,2015-05-01,8,2016-01-01,36971.3137,36556.0508,415.2629,1.136
ets,2015-05-01,9,2016-02-01,38355.7282,39524.4383,-1168.7101,-2.9569
ets,2015-05-01,10,2016-03-01,37311.8118,38455.003,-1143.1912,-2.9728
ets,2015-05-01,11,2016-04-01,35601.2647,37695.7025,-2094.4378,-5.5562
ets,2015-05-01,12,2016-05-01,34057.9101,33979.3809,78.5292,0.2311
ets,2015-06-01,1,2015-07-01,33279.5715,33015.5469,264.0246,0.7997
ets,2015-06-01,2,2015-08-01,34016.5974,33889.707,126.8905,0.3744
ets,2015-06-01,3,2015-09-01,34951.4,35495.7658,-544.3658,-1.5336
ets,2015-06-01,4,2015-10-01,35222.4135,36637.6374,-1415.2239,-3.8628
ets,2015-06-01,5,2015-11-01,34962.7287,36322.0451,-1359.3164,-3.7424
ets,2015-06-01,6,2015-12-01,35256.4496,36608.2814,-1351.8318,-3.6927
ets,2015-06-01,7,2016-01-01,36518.8858,36556.0508,-37.165,-0.1017
ets,2015-06-01,8,2016-02-01,37892.319,39524.4383,-1632.1194,-4.1294
ets,2015-06-01,9,2016-03-01,36870.0934,38455.003,-1584.9096,-4.1215
ets,2015-06-01,10,2016-04-01,35190.0724,37695.7025,-2505.6301,-6.647
ets,2015-06-01,11,2016-05-01,33673.9672,33979.3809,-305.4137,-0.8988
ets,2015-06-01,12,2016-06-01,32843.2487,33271.7115,-428.4628,-1.2878
ets,2015-07-01,1,2015-08-01,34304.3665,33889.707,414.6595,1.2236
ets,2015-07-01,2,2015-09-01,35010.4532,35495.7658,-485.3126,-1.3672
ets,2015-07-01,3,2015-10-01,35278.8723,36637.6374,-1358.7651,-3.7087
ets,2015-07-01,4,2015-11-01,35016.365,36322.0451,-1305.6802,-3.5947
ets,2015-07-01,5,2015-12-01,35306.8597,36608.2814,-1301.4216,-3.555
ets,2015-07-01,6,2016-01-01,36567.9325,36556.0508,11.8817,0.0325
ets,2015-07-01,7,2016-02-01,37943.402,39524.4383,-1581.0363,-4.0001
ets,2015-07-01,8,2016-03-01,36916.6878,38455.003,-1538.3153,-4.0003
ets,2015-07-01,9,2016-04-01,35229.0188,37695.7025,-2466.6837,-6.5437
ets,2015-07-01,10,2016-05-01,33706.3661,33979.3809,-273.0148,-0.8035
ets,2015-07-01,11,2016-06-01,32870.4951,33271.7115,-401.2164,-1.2059
ets,2015-07-01,12,2016-07-01,33125.2058,33182.5985,-57.3927,-0.173
ets,2015-08-01,1,2015-09-01,34970.319,35495.7658,-525.4468,-1.4803
ets,2015-08-01,2,2015-10-01,35149.8226,36637.6374,-1487.8148,-4.0609
ets,2015-08-01,3,2015-11-01,34890.812,36322.0451,-1431.2331,-3.9404
ets,2015-08-01,4,2015-12-01,35181.183,36608.2814,-1427.0984,-3.8983
ets,2015-08-01,5,2016-01-01,36439.2662,36556.0508,-116.7846,-0.3195
ets,2015-08-01,6,2016-02-01,37811.6462,39524.4383,-1712.7921,-4.3335
ets,2015-08-01,7,2016-03-01,36790.2395,38455.003,-1664.7635,-4.3291
ets,2015-08-01,8,2016-04-01,35109.7613,37695.7025,-2585.9412,-6.86
ets,2015-08-01,9,2016-05-01,33593.683,33979.3809,-385.6979,-1.1351
ets,2015-08-01,10,2016-06-01,32762.2245,33271.7115,-509.487,-1.5313
ets,2015-08-01,11,2016-07-01,33017.8344,33182.5985,-164.7641,-0.4965
ets,2015-08-01,12,2016-08-01,34075.7877,34310.1087,-234.321,-0.683
ets,2015-09-01,1,2015-10-01,35397.9413,36637.6374,-1239.6961,-3.3837
ets,2015-09-01,2,2015-11-01,35091.4194,36322.0451,-1230.6257,-3.3881
ets,2015-09-01,3,2015-12-01,35380.3575,36608.2814,-1227.9239,-3.3542
ets,2015-09-01,4,2016-01-01,36644.0298,36556.0508,87.979,0.2407
ets,2015-09-01,5,2016-02-01,38023.5053,39524.4383,-1500.9331,-3.7975
ets,2015-09-01,6,2016-03-01,36994.6724,38455.003,-1460.3306,-3.7975
ets,2015-09-01,7,2016-04-01,35302.2039,37695.7025,-2393.4987,-6.3495
ets,2015-09-01,8,2016-05-01,33775.4755,33979.3809,-203.9054,-0.6001
ets,2015-09-01,9,2016-06-01,32937.2837,33271.7115,-334.4278,-1.0051
ets,2015-09-01,10,2016-07-01,33192.3918,33182.5985,9.7934,0.0295
ets,2015-09-01,11,2016-08-01,34254.8045,34310.1087,-55.3042,-0.1612
ets,2015-09-01,12,2016-09-01,35234.3381,34770.657,463.681,1.3335
ets,2015-10-01,1,2015-11-01,35497.1003,36322.0451,-824.9448,-2.2712
ets,2015-10-01,2,2015-12-01,35755.9303,36608.2814,-852.3511,-2.3283
ets,2015-10-01,3,2016-01-01,37034.2705,36556.0508,478.2197,1.3082
ets,2015-10-01,4,2016-02-01,38428.7935,39524.4383,-1095.6448,-2.7721
ets,2015-10-01,5,2016-03-01,37389.3123,38455.003,-1065.6908,-2.7713
ets,2015-10-01,6,2016-04-01,35679.0995,37695.7025,-2016.603,-5.3497
ets,2015-10-01,7,2016-05-01,34136.8204,33979.3809,157.4395,0.4633
ets,2015-10-01,8,2016-06-01,33289.8773,33271.7115,18.1658,0.0546
ets,2015-10-01,9,2016-07-01,33547.4964,33182.5985,364.8979,1.0997
ets,2015-10-01,10,2016-08-01,34621.0103,34310.1087,310.9016,0.9062
ets,2015-10-01,11,2016-09-01,35609.9629,34770.657,839.3058,2.4138
ets,2015-10-01,12,2016-10-01,36070.5462,35154.594,915.9522,2.6055
ets,2015-11-01,1,2015-12-01,36345.9282,36608.2814,-262.3532,-0.7166
ets,2015-11-01,2,2016-01-01,37560.367,36556.0508,1004.3162,2.7473
ets,2015-11-01,3,2016-02-01,38960.443,39524.4383,-563.9954,-1.427
ets,2015-11-01,4,2016-03-01,37892.4081,38455.003,-562.595,-1.463
ets,2015-11-01,5,2016-04-01,36146.2907,37695.7025,-1549.4118,-4.1103
ets,2015-11-01,6,2016-05-01,34569.3624,33979.3809,589.9815,1.7363
ets,2015-11-01,7,2016-06-01,33697.3965,33271.7115,425.685,1.2794
ets,2015-11-01,8,2016-07-01,33944.4327,33182.5985,761.8342,2.2959
ets,2015-11-01,9,2016-08-01,35017.4391,34310.1087,707.3304,2.0616
ets,2015-11-01,10,2016-09-01,36004.6031,34770.657,1233.9461,3.5488
ets,2015-11-01,11,2016-10-01,36457.1244,35154.594,1302.5304,3.7051
ets,2015-11-01,12,2016-11-01,35867.2259,34743.5067,1123.7192,3.2343
ets,2015-12-01,1,2016-01-01,37703.5747,36556.0508,1147.5239,3.1391
ets,2015-12-01,2,2016-02-01,39162.8815,39524.4383,-361.5568,-0.9148
ets,2015-12-01,3,2016-03-01,38082.9288,38455.003,-372.0742,-0.9676
ets,2015-12-01,4,2016-04-01,36323.5818,37695.7025,-1372.1207,-3.64
ets,2015-12-01,5,2016-05-01,34732.9638,33979.3809,753.5829,2.2178
ets,2015-12-01,6,2016-06-01,33850.9513,33271.7115,579.2399,1.7409
ets,2015-12-01,7,2016-07-01,34092.9383,33182.5985,910.3398,2.7434
ets,2015-12-01,8,2016-08-01,35164.2717,34310.1087,854.163,2.4895
ets,2015-12-01,9,2016-09-01,36149.6192,34770.657,1378.9622,3.9659
ets,2015-12-01,10,2016-10-01,36598.4582,35154.594,1443.8642,4.1072
ets,2015-12-01,11,2016-11-01,36000.7351,34743.5067,1257.2284,3.6186
ets,2015-12-01,12,2016-12-01,36510.4344,35760.8785,749.5559,2.096
ets,2016-01-01,1,2016-02-01,38358.8889,39524.4383,-1165.5495,-2.9489
ets,2016-01-01,2,2016-03-01,37476.3041,38455.003,-978.6989,-2.545
ets,2016-01-01,3,2016-04-01,35755.7261,37695.7025,-1939.9764,-5.1464
ets,2016-01-01,4,2016-05-01,34198.6724,33979.3809,219.2916,0.6454
ets,2016-01-01,5,2016-06-01,33338.9677,33271.7115,67.2562,0.2021
ets,2016-01-01,6,2016-07-01,33584.4891,33182.5985,401.8906,1.2111
ets,2016-01-01,7,2016-08-01,34645.6562,34310.1087,335.5476,0.978
ets,2016-01-01,8,2016-09-01,35622.6318,34770.657,851.9748,2.4503
ets,2016-01-01,9,2016-10-01,36072.2034,35154.594,917.6094,2.6102
ets,2016-01-01,10,2016-11-01,35491.0695,34743.5067,747.5628,2.1517
ets,2016-01-01,11,2016-12-01,35999.8676,35760.8785,238.9891,0.6683
ets,2016-01-01,12,2017-01-01,37064.6644,38977.4158,-1912.7514,-4.9073
ets,2016-02-01,1,2016-03-01,37682.5323,38455.003,-772.4707,-2.0088
ets,2016-02-01,2,2016-04-01,36108.7532,37695.7025,-1586.9493,-4.2099
ets,2016-02-01,3,2016-05-01,34537.3388,33979.3809,557.9579,1.642
ets,2016-02-01,4,2016-06-01,33670.465,33271.7115,398.7535,1.1985
ets,2016-02-01,5,2016-07-01,33920.984,33182.5985,738.3855,2.2252
ets,2016-02-01,6,2016-08-01,34996.7947,34310.1087,686.686,2.0014
ets,2016-02-01,7,2016-09-01,35986.7212,34770.657,1216.0642,3.4974
ets,2016-02-01,8,2016-10-01,36442.5857,35154.594,1287.9917,3.6638
ets,2016-02-01,9,2016-11-01,35856.613,34743.5067,1113.1063,3.2038
ets,2016-02-01,10,2016-12-01,36373.2941,35760.8785,612.4156,1.7125
ets,2016-02-01,11,2017-01-01,37452.2544,38977.4158,-1525.1614,-3.9129
ets,2016-02-01,12,2017-02-01,39090.0823,40063.0993,-973.017,-2.4287
ets,2016-03-01,1,2016-04-01,36231.774,37695.7025,-1463.9285,-3.8835
ets,2016-03-01,2,2016-05-01,34647.5958,33979.3809,668.2149,1.9665
ets,2016-03-01,3,2016-06-01,33784.1496,33271.7115,512.4381,1.5402
ets,2016-03-01,4,2016-07-01,34042.1752,33182.5985,859.5767,2.5904
ets,2016-03-01,5,2016-08-01,35128.7488,34310.1087,818.6401,2.386
ets,2016-03-01,6,2016-09-01,36130.0801,34770.657,1359.4231,3.9097
ets,2016-03-01,7,2016-10-01,36593.5689,35154.594,1438.9749,4.0933
ets,2016-03-01,8,2016-11-01,36011.1199,34743.5067,1267.6132,3.6485
ets,2016-03-01,9,2016-12-01,36536.6854,35760.8785,775.8069,2.1694
ets,2016-03-01,10,2017-01-01,37626.4733,38977.4158,-1350.9425,-3.466
ets,2016-03-01,11,2017-02-01,39280.4237,40063.0993,-782.6755,-1.9536
ets,2016-03-01,12,2017-03-01,38098.7511,39435.9515,-1337.2004,-3.3908
ets,2016-04-01,1,2016-05-01,35275.0025,33979.3809,1295.6216,3.813
ets,2016-04-01,2,2016-06-01,34238.6841,33271.7115,966.9726,2.9063
ets,2016-04-01,3,2016-07-01,34503.6707,33182.5985,1321.0722,3.9812
ets,2016-04-01,4,2016-08-01,35604.431,34310.1087,1294.3224,3.7724
ets,2016-04-01,5,2016-09-01,36622.0399,34770.657,1851.3828,5.3246
ets,2016-04-01,6,2016-10-01,37094.5403,35154.594,1939.9463,5.5183
ets,2016-04-01,7,2016-11-01,36509.3077,34743.5067,1765.8011,5.0824
ets,2016-04-01,8,2016-12-01,37045.2295,35760.8785,1284.351,3.5915
ets,2016-04-01,9,2017-01-01,38153.9517,38977.4158,-823.4641,-2.1127
ets,2016-04-01,10,2017-02-01,39829.6795,40063.0993,-233.4198,-0.5826
ets,2016-04-01,11,2017-03-01,38634.5579,39435.9515,-801.3936,-2.0321
ets,2016-04-01,12,2017-04-01,37097.1559,35806.0063,1291.1496,3.606
ets,2016-05-01,1,2016-06-01,33896.6134,33271.7115,624.9019,1.8782
ets,2016-05-01,2,2016-07-01,33939.6447,33182.5985,757.0462,2.2815
ets,2016-05-01,3,2016-08-01,35034.2168,34310.1087,724.1082,2.1105
ets,2016-05-01,4,2016-09-01,36049.5399,34770.657,1278.8829,3.6781
ets,2016-05-01,5,2016-10-01,36528.2897,35154.594,1373.6957,3.9076
ets,2016-05-01,6,2016-11-01,35967.6499,34743.5067,1224.1433,3.5234
ets,2016-05-01,7,2016-12-01,36509.0267,35760.8785,748.1482,2.0921
ets,2016-05-01,8,2017-01-01,37614.2806,38977.4158,-1363.1352,-3.4972
ets,2016-05-01,9,2017-02-01,39276.0643,40063.0993,-787.035,-1.9645
ets,2016-05-01,10,2017-03-01,38111.9941,39435.9515,-1323.9574,-3.3572
ets,2016-05-01,11,2017-04-01,36613.0369,35806.0063,807.0306,2.2539
ets,2016-05-01,12,2017-05-01,34557.7982,34414.136,143.6622,0.4175
ets,2016-06-01,1,2016-07-01,33944.3998,33182.5985,761.8013,2.2958
ets,2016-06-01,2,2016-08-01,34816.9278,34310.1087,506.8191,1.4772
ets,2016-06-01,3,2016-09-01,35828.6265,34770.657,1057.9695,3.0427
ets,2016-06-01,4,2016-10-01,36305.679,35154.594,1151.085,3.2744
ets,2016-06-01,5,2016-11-01,35750.4394,34743.5067,1006.9327,2.8982
ets,2016-06-01,6,2016-12-01,36289.9965,35760.8785,529.118,1.4796
ets,2016-06-01,7,2017-01-01,37389.9077,38977.4158,-1587.5081,-4.0729
ets,2016-06-01,8,2017-02-01,39042.6125,40063.0993,-1020.4868,-2.5472
ets,2016-06-01,9,2017-03-01,37886.9052,39435.9515,-1549.0463,-3.928
ets,2016-06-01,10,2017-04-01,36398.8054,35806.0063,592.799,1.6556
ets,2016-06-01,11,2017-05-01,34356.5104,34414.136,-57.6255,-0.1674
ets,2016-06-01,12,2017-06-01,33475.9797,33858.7829,-382.8032,-1.1306
ets,2016-07-01,1,2016-08-01,34903.007,34310.1087,592.8983,1.7281
ets,2016-07-01,2,2016-09-01,35711.2539,34770.657,940.5968,2.7051
ets,2016-07-01,3,2016-10-01,36180.2764,35154.594,1025.6824,2.9176
ets,2016-07-01,4,2016-11-01,35619.5611,34743.5067,876.0545,2.5215
ets,2016-07-01,5,2016-12-01,36151.4843,35760.8785,390.6058,1.0923
ets,2016-07-01,6,2017-01-01,37240.7378,38977.4158,-1736.678,-4.4556
ets,2016-07-01,7,2017-02-01,38885.6918,40063.0993,-1177.4075,-2.9389
ets,2016-07-01,8,2017-03-01,37728.3323,39435.9515,-1707.6192,-4.3301
ets,2016-07-01,9,2017-04-01,36237.8282,35806.0063,431.8219,1.206
ets,2016-07-01,10,2017-05-01,34196.2942,34414.136,-217.8418,-0.633
ets,2016-07-01,11,2017-06-01,33311.8928,33858.7829,-546.8901,-1.6152
ets,2016-07-01,12,2017-07-01,33464.5039,32552.0376,912.4664,2.8031
ets,2016-08-01,1,2016-09-01,35686.347,34770.657,915.69,2.6335
ets,2016-08-01,2,2016-10-01,36062.5083,35154.594,907.9143,2.5826
ets,2016-08-01,3,2016-11-01,35500.1824,34743.5067,756.6757,2.1779
ets,2016-08-01,4,2016-12-01,36028.3709,35760.8785,267.4924,0.748
ets,2016-08-01,5,2017-01-01,37112.3272,38977.4158,-1865.0886,-4.785
ets,2016-08-01,6,2017-02-01,38751.296,40063.0993,-1311.8033,-3.2743
ets,2016-08-01,7,2017-03-01,37596.3379,39435.9515,-1839.6136,-4.6648
ets,2016-08-01,8,2017-04-01,36107.9768,35806.0063,301.9705,0.8434
ets,2016-08-01,9,2017-05-01,34070.7496,34414.136,-343.3864,-0.9978
ets,2016-08-01,10,2017-06-01,33186.8334,33858.7829,-671.9495,-1.9846
ets,2016-08-01,11,2017-07-01,33336.6773,32552.0376,784.6397,2.4104
ets,2016-08-01,12,2017-08-01,34556.801,33822.7218,734.0792,2.1704
ets,2016-09-01,1,2016-10-01,35869.3963,35154.594,714.8023,2.0333
ets,2016-09-01,2,2016-11-01,35230.1471,34743.5067,486.6404,1.4007
ets,2016-09-01,3,2016-12-01,35753.6668,35760.8785,-7.2117,-0.0202
ets,2016-09-01,4,2017-01-01,36829.8665,38977.4158,-2147.5492,-5.5097
ets,2016-09-01,5,2017-02-01,38455.3877,40063.0993,-1607.7116,-4.0129
ets,2016-09-01,6,2017-03-01,37309.4023,39435.9515,-2126.5492,-5.3924
ets,2016-09-01,7,2017-04-01,35833.0686,35806.0063,27.0623,0.0756
ets,2016-09-01,8,2017-05-01,33811.4068,34414.136,-602.7292,-1.7514
ets,2016-09-01,9,2017-06-01,32934.5168,33858.7829,-924.266,-2.7298
ets,2016-09-01,10,2017-07-01,33083.0446,32552.0376,531.007,1.6313
ets,2016-09-01,11,2017-08-01,34293.4753,33822.7218,470.7535,1.3918
ets,2016-09-01,12,2017-09-01,35147.5972,35533.9745,-386.3774,-1.0873
ets,2016-10-01,1,2016-11-01,34989.1264,34743.5067,245.6197,0.707
ets,2016-10-01,2,2016-12-01,35397.0194,35760.8785,-363.8591,-1.0175
ets,2016-10-01,3,2017-01-01,36470.2831,38977.4158,-2507.1327,-6.4323
ets,2016-10-01,4,2017-02-01,38089.3974,40063.0993,-1973.7018,-4.9265
ets,2016-10-01,5,2017-03-01,36964.3403,39435.9515,-2471.6112,-6.2674
ets,2016-10-01,6,2017-04-01,35514.4854,35806.0063,-291.521,-0.8142
ets,2016-10-01,7,2017-05-01,33523.5838,34414.136,-890.5521,-2.5878
ets,2016-10-01,8,2017-06-01,32666.41,33858.7829,-1192.3729,-3.5216
ets,2016-10-01,9,2017-07-01,32824.7877,32552.0376,272.7501,0.8379
ets,2016-10-01,10,2017-08-01,34035.2767,33822.7218,212.5549,0.6284
ets,2016-10-01,11,2017-09-01,34892.292,35533.9745,-641.6826,-1.8058
ets,2016-10-01,12,2017-10-01,35548.2643,36565.8335,-1017.5692,-2.7828
ets,2016-11-01,1,2016-12-01,35321.9326,35760.8785,-438.9459,-1.2274
ets,2016-11-01,2,2017-01-01,36356.5273,38977.4158,-2620.8885,-6.7241
ets,2016-11-01,3,2017-02-01,37972.8132,40063.0993,-2090.2861,-5.2175
ets,2016-11-01,4,2017-03-01,36853.361,39435.9515,-2582.5905,-6.5488
ets,2016-11-01,5,2017-04-01,35410.9228,35806.0063,-395.0835,-1.1034
ets,2016-11-01,6,2017-05-01,33428.7319,34414.136,-985.4041,-2.8634
ets,2016-11-01,7,2017-06-01,32576.771,33858.7829,-1282.0118,-3.7863
ets,2016-11-01,8,2017-07-01,32737.2262,32552.0376,185.1886,0.5689
ets,2016-11-01,9,2017-08-01,33946.6161,33822.7218,123.8944,0.3663
ets,2016-11-01,10,2017-09-01,34803.5122,35533.9745,-730.4623,-2.0557
ets,2016-11-01,11,2017-10-01,35459.9392,36565.8335,-1105.8943,-3.0244
ets,2016-11-01,12,2017-11-01,34864.7391,35790.6351,-925.896,-2.587
ets,2016-12-01,1,2017-01-01,36521.4904,38977.4158,-2455.9254,-6.3009
ets,2016-12-01,2,2017-02-01,38214.0668,40063.0993,-1849.0324,-4.6153
ets,2016-12-01,3,2017-03-01,37082.0538,39435.9515,-2353.8977,-5.9689
ets,2016-12-01,4,2017-04-01,35621.9304,35806.0063,-184.0759,-0.5141
ets,2016-12-01,5,2017-05-01,33619.885,34414.136,-794.251,-2.3079
ets,2016-12-01,6,2017-06-01,32755.464,33858.7829,-1103.3189,-3.2586
ets,2016-12-01,7,2017-07-01,32909.5453,32552.0376,357.5077,1.0983
ets,2016-12-01,8,2017-08-01,34118.7358,33822.7218,296.014,0.8752
ets,2016-12-01,9,2017-09-01,34973.4154,35533.9745,-560.5591,-1.5775
ets,2016-12-01,10,2017-10-01,35626.7661,36565.8335,-939.0674,-2.5682
ets,2016-12-01,11,2017-11-01,35021.6316,35790.6351,-769.0035,-2.1486
ets,2016-12-01,12,2017-12-01,35512.6169,36736.4746,-1223.8577,-3.3315
ets,2017-01-01,1,2017-02-01,39261.9836,40063.0993,-801.1157,-1.9996
ets,2017-01-01,2,2017-03-01,38291.1628,39435.9515,-1144.7887,-2.9029
ets,2017-01-01,3,2017-04-01,36762.3994,35806.0063,956.3931,2.671
ets,2017-01-01,4,2017-05-01,34675.1255,34414.136,260.9896,0.7584
ets,2017-01-01,5,2017-06-01,33763.1747,33858.7829,-95.6082,-0.2824
ets,2017-01-01,6,2017-07-01,33901.8329,32552.0376,1349.7954,4.1466
ets,2017-01-01,7,2017-08-01,35128.5558,33822.7218,1305.834,3.8608
ets,2017-01-01,8,2017-09-01,35989.9989,35533.9745,456.0244,1.2833
ets,2017-01-01,9,2017-10-01,36645.028,36565.8335,79.1945,0.2166
ets,2017-01-01,10,2017-11-01,36003.5548,35790.6351,212.9196,0.5949
ets,2017-01-01,11,2017-12-01,36488.4737,36736.4746,-248.0009,-0.6751
ets,2017-01-01,12,2018-01-01,38016.7815,39014.7803,-997.9988,-2.558
ets,2017-02-01,1,2017-03-01,38540.3245,39435.9515,-895.627,-2.2711
ets,2017-02-01,2,2017-04-01,37075.7414,35806.0063,1269.7351,3.5462
ets,2017-02-01,3,2017-05-01,34968.5029,34414.136,554.3669,1.6109
ets,2017-02-01,4,2017-06-01,34046.5726,33858.7829,187.7897,0.5546
ets,2017-02-01,5,2017-07-01,34184.2074,32552.0376,1632.1698,5.014
ets,2017-02-01,6,2017-08-01,35419.2627,33822.7218,1596.5409,4.7203
ets,2017-02-01,7,2017-09-01,36285.9357,35533.9745,751.9612,2.1162
ets,2017-02-01,8,2017-10-01,36944.5351,36565.8335,378.7016,1.0357
ets,2017-02-01,9,2017-11-01,36295.6369,35790.6351,505.0017,1.411
ets,2017-02-01,10,2017-12-01,36782.3692,36736.4746,45.8946,0.1249
ets,2017-02-01,11,2018-01-01,38319.7147,39014.7803,-695.0656,-1.7815
ets,2017-02-01,12,2018-02-01,39771.5255,38534.2142,1237.3114,3.2109
ets,2017-03-01,1,2017-04-01,37110.0159,35806.0063,1304.0096,3.6419
ets,2017-03-01,2,2017-05-01,35044.0571,34414.136,629.9211,1.8304
ets,2017-03-01,3,2017-06-01,34133.4586,33858.7829,274.6758,0.8112
ets,2017-03-01,4,2017-07-01,34285.6778,32552.0376,1733.6403,5.3258
ets,2017-03-01,5,2017-08-01,35537.7838,33822.7218,1715.062,5.0707
ets,2017-03-01,6,2017-09-01,36420.2046,35533.9745,886.2301,2.494
ets,2017-03-01,7,2017-10-01,37093.6853,36565.8335,527.8518,1.4436
ets,2017-03-01,8,2017-11-01,36455.7748,35790.6351,665.1397,1.8584
ets,2017-03-01,9,2017-12-01,36957.5878,36736.4746,221.1132,0.6019
ets,2017-03-01,10,2018-01-01,38512.4258,39014.7803,-502.3545,-1.2876
ets,2017-03-01,11,2018-02-01,39986.9081,38534.2142,1452.694,3.7699
ets,2017-03-01,12,2018-03-01,39070.3916,40027.9812,-957.5897,-2.3923
ets,2017-04-01,1,2017-05-01,34560.7875,34414.136,146.6516,0.4261
ets,2017-04-01,2,2017-06-01,33493.4054,33858.7829,-365.3775,-1.0791
ets,2017-04-01,3,2017-07-01,33666.7781,32552.0376,1114.7405,3.4245
ets,2017-04-01,4,2017-08-01,34916.2717,33822.7218,1093.5499,3.2332
ets,2017-04-01,5,2017-09-01,35801.8896,35533.9745,267.915,0.754
ets,2017-04-01,6,2017-10-01,36483.6999,36565.8335,-82.1337,-0.2246
ets,2017-04-01,7,2017-11-01,35879.1452,35790.6351,88.51,0.2473
ets,2017-04-01,8,2017-12-01,36393.4286,36736.4746,-343.046,-0.9338
ets,2017-04-01,9,2018-01-01,37942.8691,39014.7803,-1071.9113,-2.7474
ets,2017-04-01,10,2018-02-01,39414.2797,38534.2142,880.0656,2.2839
ets,2017-04-01,11,2018-03-01,38532.5904,40027.9812,-1495.3909,-3.7359
ets,2017-04-01,12,2018-04-01,36454.5411,36668.6995,-214.1584,-0.584
ets,2017-05-01,1,2017-06-01,33651.6831,33858.7829,-207.0998,-0.6117
ets,2017-05-01,2,2017-07-01,33580.977,32552.0376,1028.9394,3.1609
ets,2017-05-01,3,2017-08-01,34833.7614,33822.7218,1011.0396,2.9892
ets,2017-05-01,4,2017-09-01,35722.099,35533.9745,188.1245,0.5294
ets,2017-05-01,5,2017-10-01,36408.3082,36565.8335,-157.5253,-0.4308
ets,2017-05-01,6,2017-11-01,35811.4954,35790.6351,20.8603,0.0583
ets,2017-05-01,7,2017-12-01,36330.2111,36736.4746,-406.2635,-1.1059
ets,2017-05-01,8,2018-01-01,37883.4473,39014.7803,-1131.333,-2.8998
ets,2017-05-01,9,2018-02-01,39353.4838,38534.2142,819.2696,2.1261
ets,2017-05-01,10,2018-03-01,38478.642,40027.9812,-1549.3392,-3.8706
ets,2017-05-01,11,2018-04-01,36410.1987,36668.6995,-258.5007,-0.705
ets,2017-05-01,12,2018-05-01,34430.5236,34197.8245,232.6991,0.6805
ets,2017-06-01,1,2017-07-01,33939.45,32552.0376,1387.4125,4.2621
ets,2017-06-01,2,2017-08-01,34982.6815,33822.7218,1159.9597,3.4295
ets,2017-06-01,3,2017-09-01,35872.8329,35533.9745,338.8584,0.9536
ets,2017-06-01,4,2017-10-01,36561.0124,36565.8335,-4.8211,-0.0132
ets,2017-06-01,5,2017-11-01,35960.8431,35790.6351,170.2079,0.4756
ets,2017-06-01,6,2017-12-01,36480.3555,36736.4746,-256.1191,-0.6972
ets,2017-06-01,7,2018-01-01,38039.1162,39014.7803,-975.6641,-2.5008
ets,2017-06-01,8,2018-02-01,39512.604,38534.2142,978.3899,2.539
ets,2017-06-01,9,2018-03-01,38632.794,40027.9812,-1395.1873,-3.4855
ets,2017-06-01,10,2018-04-01,36554.8722,36668.6995,-113.8272,-0.3104
ets,2017-06-01,11,2018-05-01,34565.4767,34197.8245,367.6522,1.0751
ets,2017-06-01,12,2018-06-01,33733.994,33858.1352,-124.1412,-0.3667
ets,2017-07-01,1,2017-08-01,34587.8623,33822.7218,765.1405,2.2622
ets,2017-07-01,2,2017-09-01,35326.4994,35533.9745,-207.4752,-0.5839
ets,2017-07-01,3,2017-10-01,36005.4039,36565.8335,-560.4296,-1.5327
ets,2017-07-01,4,2017-11-01,35417.0887,35790.6351,-373.5464,-1.0437
ets,2017-07-01,5,2017-12-01,35930.9601,36736.4746,-805.5145,-2.1927
ets,2017-07-01,6,2018-01-01,37466.8961,39014.7803,-1547.8842,-3.9674
ets,2017-07-01,7,2018-02-01,38924.1024,38534.2142,389.8882,1.0118
ets,2017-07-01,8,2018-03-01,38059.8905,40027.9812,-1968.0907,-4.9168
ets,2017-07-01,9,2018-04-01,36014.4139,36668.6995,-654.2856,-1.7843
ets,2017-07-01,10,2018-05-01,34057.6927,34197.8245,-140.1318,-0.4098
ets,2017-07-01,11,2018-06-01,33240.955,33858.1352,-617.1802,-1.8228
ets,2017-07-01,12,2018-07-01,33114.9662,33919.2557,-804.2895,-2.3712
ets,2017-08-01,1,2017-09-01,35349.8957,35533.9745,-184.0789,-0.518
ets,2017-08-01,2,2017-10-01,35894.5185,36565.8335,-671.315,-1.8359
ets,2017-08-01,3,2017-11-01,35299.0408,35790.6351,-491.5943,-1.3735
ets,2017-08-01,4,2017-12-01,35805.1944,36736.4746,-931.2802,-2.535
ets,2017-08-01,5,2018-01-01,37329.5452,39014.7803,-1685.2352,-4.3195
ets,2017-08-01,6,2018-02-01,38778.1597,38534.2142,243.9456,0.6331
ets,2017-08-01,7,2018-03-01,37911.1617,40027.9812,-2116.8195,-5.2883
ets,2017-08-01,8,2018-04-01,35865.8337,36668.6995,-802.8657,-2.1895
ets,2017-08-01,9,2018-05-01,33909.6854,34197.8245,-288.1391,-0.8426
ets,2017-08-01,10,2018-06-01,33088.885,33858.1352,-769.2502,-2.272
ets,2017-08-01,11,2018-07-01,32955.432,33919.2557,-963.8238,-2.8415
ets,2017-08-01,12,2018-08-01,34119.8178,34465.4632,-345.6455,-1.0029
ets,2017-09-01,1,2017-10-01,36178.5237,36565.8335,-387.3098,-1.0592
ets,2017-09-01,2,2017-11-01,35485.5515,35790.6351,-305.0836,-0.8524
ets,2017-09-01,3,2017-12-01,35988.0564,36736.4746,-748.4182,-2.0373
ets,2017-09-01,4,2018-01-01,37514.5066,39014.7803,-1500.2737,-3.8454
ets,2017-09-01,5,2018-02-01,38965.0316,38534.2142,430.8174,1.118
ets,2017-09-01,6,2018-03-01,38086.8806,40027.9812,-1941.1007,-4.8494
ets,2017-09-01,7,2018-04-01,36023.7462,36668.6995,-644.9533,-1.7589
ets,2017-09-01,8,2018-05-01,34050.3347,34197.8245,-147.4898,-0.4313
ets,2017-09-01,9,2018-06-01,33217.7123,33858.1352,-640.4229,-1.8915
ets,2017-09-01,10,2018-07-01,33076.1686,33919.2557,-843.0871,-2.4856
ets,2017-09-01,11,2018-08-01,34238.5229,34465.4632,-226.9403,-0.6585
ets,2017-09-01,12,2018-09-01,35369.2905,35488.2045,-118.914,-0.3351
ets,2017-10-01,1,2017-11-01,35694.1897,35790.6351,-96.4454,-0.2695
ets,2017-10-01,2,2017-12-01,36066.1217,36736.4746,-670.3529,-1.8248
ets,2017-10-01,3,2018-01-01,37597.1336,39014.7803,-1417.6467,-3.6336
ets,2017-10-01,4,2018-02-01,39056.8428,38534.2142,522.6287,1.3563
ets,2017-10-01,5,2018-03-01,38180.9268,40027.9812,-1847.0545,-4.6144
ets,2017-10-01,6,2018-04-01,36116.8254,36668.6995,-551.8741,-1.505
ets,2017-10-01,7,2018-05-01,34142.5759,34197.8245,-55.2486,-0.1616
ets,2017-10-01,8,2018-06-01,33311.9296,33858.1352,-546.2056,-1.6132
ets,2017-10-01,9,2018-07-01,33174.3947,33919.2557,-744.8611,-2.196
ets,2017-10-01,10,2018-08-01,34343.6736,34465.4632,-121.7896,-0.3534
ets,2017-10-01,11,2018-09-01,35480.9255,35488.2045,-7.279,-0.0205
ets,2017-10-01,12,2018-10-01,36390.3896,36868.9276,-478.5379,-1.2979
ets,2017-11-01,1,2017-12-01,36250.4601,36736.4746,-486.0145,-1.323
ets,2017-11-01,2,2018-01-01,37710.9022,39014.7803,-1303.8782,-3.342
ets,2017-11-01,3,2018-02-01,39170.6307,38534.2142,636.4165,1.6516
ets,2017-11-01,4,2018-03-01,38287.5765,40027.9812,-1740.4048,-4.348
ets,2017-11-01,5,2018-04-01,36212.4613,36668.6995,-456.2382,-1.2442
ets,2017-11-01,6,2018-05-01,34227.5027,34197.8245,29.6781,0.0868
ets,2017-11-01,7,2018-06-01,33389.4909,33858.1352,-468.6443,-1.3841
ets,2017-11-01,8,2018-07-01,33246.7252,33919.2557,-672.5305,-1.9827
ets,2017-11-01,9,2018-08-01,34414.5818,34465.4632,-50.8814,-0.1476
ets,2017-11-01,10,2018-09-01,35550.2767,35488.2045,62.0723,0.1749
ets,2017-11-01,11,2018-10-01,36457.4364,36868.9276,-411.4912,-1.1161
ets,2017-11-01,12,2018-11-01,35668.8897,36725.6111,-1056.7213,-2.8773
ets,2017-12-01,1,2018-01-01,38071.0226,39014.7803,-943.7577,-2.419
ets,2017-12-01,2,2018-02-01,39592.808,38534.2142,1058.5939,2.7472
ets,2017-12-01,3,2018-03-01,38685.0407,40027.9812,-1342.9405,-3.355
ets,2017-12-01,4,2018-04-01,36575.9436,36668.6995,-92.7558,-0.253
ets,2017-12-01,5,2018-05-01,34555.6881,34197.8245,357.8636,1.0465
ets,2017-12-01,6,2018-06-01,33695.2427,33858.1352,-162.8925,-0.4811
ets,2017-12-01,7,2018-07-01,33536.1295,33919.2557,-383.1262,-1.1295
ets,2017-12-01,8,2018-08-01,34699.1701,34465.4632,233.7069,0.6781
ets,2017-12-01,9,2018-09-01,35830.1432,35488.2045,341.9387,0.9635
ets,2017-12-01,10,2018-10-01,36731.4723,36868.9276,-137.4553,-0.3728
ets,2017-12-01,11,2018-11-01,35923.6969,36725.6111,-801.9142,-2.1835
ets,2017-12-01,12,2018-12-01,36517.3312,38158.3807,-1641.0495,-4.3006
ets,2018-01-01,1,2018-02-01,39818.8178,38534.2142,1284.6036,3.3337
ets,2018-01-01,2,2018-03-01,39105.722,40027.9812,-922.2592,-2.304
ets,2018-01-01,3,2018-04-01,36974.1692,36668.6995,305.4697,0.8331
ets,2018-01-01,4,2018-05-01,34929.825,34197.8245,732.0005,2.1405
ets,2018-01-01,5,2018-06-01,34059.209,33858.1352,201.0738,0.5939
ets,2018-01-01,6,2018-07-01,33896.7985,33919.2557,-22.4572,-0.0662
ets,2018-01-01,7,2018-08-01,35069.8593,34465.4632,604.396,1.7536
ets,2018-01-01,8,2018-09-01,36210.9281,35488.2045,722.7236,2.0365
ets,2018-01-01,9,2018-10-01,37120.4559,36868.9276,251.5283,0.6822
ets,2018-01-01,10,2018-11-01,36303.6852,36725.6111,-421.9259,-1.1489
ets,2018-01-01,11,2018-12-01,36901.2046,38158.3807,-1257.1762,-3.2946
ets,2018-01-01,12,2019-01-01,38812.6532,42133.9275,-3321.2744,-7.8827
ets,2018-02-01,1,2018-03-01,37954.6819,40027.9812,-2073.2993,-5.1796
ets,2018-02-01,2,2018-04-01,36184.6127,36668.6995,-484.0868,-1.3202
ets,2018-02-01,3,2018-05-01,34207.1024,34197.8245,9.2779,0.0271
ets,2018-02-01,4,2018-06-01,33374.5983,33858.1352,-483.5369,-1.4281
ets,2018-02-01,5,2018-07-01,33234.8725,33919.2557,-684.3832,-2.0177
ets,2018-02-01,6,2018-08-01,34403.6397,34465.4632,-61.8236,-0.1794
ets,2018-02-01,7,2018-09-01,35540.8808,35488.2045,52.6764,0.1484
ets,2018-02-01,8,2018-10-01,36450.5548,36868.9276,-418.3728,-1.1348
ets,2018-02-01,9,2018-11-01,35666.3545,36725.6111,-1059.2565,-2.8842
ets,2018-02-01,10,2018-12-01,36271.7122,38158.3807,-1886.6685,-4.9443
ets,2018-02-01,11,2019-01-01,38165.8536,42133.9275,-3968.074,-9.4178
ets,2018-02-01,12,2019-02-01,39094.3294,40667.0042,-1572.6748,-3.8672
ets,2018-03-01,1,2018-04-01,36624.6113,36668.6995,-44.0882,-0.1202
ets,2018-03-01,2,2018-05-01,34778.8031,34197.8245,580.9786,1.6989
ets,2018-03-01,3,2018-06-01,33926.3434,33858.1352,68.2082,0.2015
ets,2018-03-01,4,2018-07-01,33780.791,33919.2557,-138.4648,-0.4082
ets,2018-03-01,5,2018-08-01,34967.1107,34465.4632,501.6475,1.4555
ets,2018-03-01,6,2018-09-01,36120.4386,35488.2045,632.2341,1.7815
ets,2018-03-01,7,2018-10-01,37041.5873,36868.9276,172.6598,0.4683
ets,2018-03-01,8,2018-11-01,36239.3284,36725.6111,-486.2827,-1.3241
ets,2018-03-01,9,2018-12-01,36851.7729,38158.3807,-1306.6078,-3.4242
ets,2018-03-01,10,2019-01-01,38771.213,42133.9275,-3362.7145,-7.981
ets,2018-03-01,11,2019-02-01,39720.3619,40667.0042,-946.6423,-2.3278
ets,2018-03-01,12,2019-03-01,39032.614,38892.6826,139.9314,0.3598
ets,2018-04-01,1,2018-05-01,34915.1647,34197.8245,717.3401,2.0976
ets,2018-04-01,2,2018-06-01,33914.2101,33858.1352,56.0748,0.1656
ets,2018-04-01,3,2018-07-01,33777.3503,33919.2557,-141.9055,-0.4184
ets,2018-04-01,4,2018-08-01,34970.02,34465.4632,504.5567,1.4639
ets,2018-04-01,5,2018-09-01,36127.3073,35488.2045,639.1028,1.8009
ets,2018-04-01,6,2018-10-01,37053.7801,36868.9276,184.8526,0.5014
ets,2018-04-01,7,2018-11-01,36257.3634,36725.6111,-468.2477,-1.275
ets,2018-04-01,8,2018-12-01,36875.4454,38158.3807,-1282.9354,-3.3621
ets,2018-04-01,9,2019-01-01,38800.5285,42133.9275,-3333.3991,-7.9114
ets,2018-04-01,10,2019-02-01,39754.5297,40667.0042,-912.4745,-2.2438
ets,2018-04-01,11,2019-03-01,39071.3342,38892.6826,178.6516,0.4593
ets,2018-04-01,12,2019-04-01,36693.943,37888.0324,-1194.0894,-3.1516
ets,2018-05-01,1,2018-06-01,33961.5599,33858.1352,103.4247,0.3055
ets,2018-05-01,2,2018-07-01,33561.905,33919.2557,-357.3508,-1.0535
ets,2018-05-01,3,2018-08-01,34753.1425,34465.4632,287.6792,0.8347
ets,2018-05-01,4,2018-09-01,35905.9236,35488.2045,417.7191,1.1771
ets,2018-05-01,5,2018-10-01,36830.8005,36868.9276,-38.1271,-0.1034
ets,2018-05-01,6,2018-11-01,36043.435,36725.6111,-682.1761,-1.8575
ets,2018-05-01,7,2018-12-01,36662.1637,38158.3807,-1496.217,-3.9211
ets,2018-05-01,8,2019-01-01,38579.6466,42133.9275,-3554.2809,-8.4357
ets,2018-05-01,9,2019-02-01,39530.9884,40667.0042,-1136.0158,-2.7935
ets,2018-05-01,10,2019-03-01,38856.1702,38892.6826,-36.5124,-0.0939
ets,2018-05-01,11,2019-04-01,36496.5459,37888.0324,-1391.4864,-3.6726
ets,2018-05-01,12,2019-05-01,34492.1981,35795.5702,-1303.3721,-3.6412
ets,2018-06-01,1,2018-07-01,33733.0849,33919.2557,-186.1708,-0.5489
ets,2018-06-01,2,2018-08-01,34713.0478,34465.4632,247.5846,0.7184
ets,2018-06-01,3,2018-09-01,35866.0718,35488.2045,377.8673,1.0648
ets,2018-06-01,4,2018-10-01,36793.6121,36868.9276,-75.3155,-0.2043
ets,2018-06-01,5,2018-11-01,36010.2321,36725.6111,-715.379,-1.9479
ets,2018-06-01,6,2018-12-01,36632.0832,38158.3807,-1526.2975,-3.9999
ets,2018-06-01,7,2019-01-01,38550.9464,42133.9275,-3582.9811,-8.5038
ets,2018-06-01,8,2019-02-01,39503.8312,40667.0042,-1163.173,-2.8602
ets,2018-06-01,9,2019-03-01,38832.5555,38892.6826,-60.1271,-0.1546
ets,2018-06-01,10,2019-04-01,36478.3332,37888.0324,-1409.6991,-3.7207
ets,2018-06-01,11,2019-05-01,34479.341,35795.5702,-1316.2292,-3.6771
ets,2018-06-01,12,2019-06-01,33872.0327,34226.9213,-354.8886,-1.0369
ets,2018-07-01,1,2018-08-01,34858.7746,34465.4632,393.3114,1.1412
ets,2018-07-01,2,2018-09-01,35991.8841,35488.2045,503.6796,1.4193
ets,2018-07-01,3,2018-10-01,36918.1191,36868.9276,49.1915,0.1334
ets,2018-07-01,4,2018-11-01,36127.0243,36725.6111,-598.5868,-1.6299
ets,2018-07-01,5,2018-12-01,36746.4868,38158.3807,-1411.8939,-3.7001
ets,2018-07-01,6,2019-01-01,38667.1023,42133.9275,-3466.8252,-8.2281
ets,2018-07-01,7,2019-02-01,39620.0419,40667.0042,-1046.9623,-2.5745
ets,2018-07-01,8,2019-03-01,38942.6555,38892.6826,49.9728,0.1285
ets,2018-07-01,9,2019-04-01,36576.5377,37888.0324,-1311.4947,-3.4615
ets,2018-07-01,10,2019-05-01,34566.5298,35795.5702,-1229.0404,-3.4335
ets,2018-07-01,11,2019-06-01,33952.1175,34226.9213,-274.8037,-0.8029
ets,2018-07-01,12,2019-07-01,33801.7358,33569.6216,232.1142,0.6914
ets,2018-08-01,1,2018-09-01,35906.3339,35488.2045,418.1295,1.1782
ets,2018-08-01,2,2018-10-01,36916.904,36868.9276,47.9764,0.1301
ets,2018-08-01,3,2018-11-01,36118.4963,36725.6111,-607.1147,-1.6531
ets,2018-08-01,4,2018-12-01,36724.3723,38158.3807,-1434.0084,-3.758
ets,2018-08-01,5,2019-01-01,38640.0154,42133.9275,-3493.9121,-8.2924
ets,2018-08-01,6,2019-02-01,39581.8198,40667.0042,-1085.1844,-2.6685
ets,2018-08-01,7,2019-03-01,38894.2459,38892.6826,1.5633,0.004
ets,2018-08-01,8,2019-04-01,36515.3598,37888.0324,-1372.6725,-3.623
ets,2018-08-01,9,2019-05-01,34490.9689,35795.5702,-1304.6013,-3.6446
ets,2018-08-01,10,2019-06-01,33862.2189,34226.9213,-364.7024,-1.0655
ets,2018-08-01,11,2019-07-01,33699.9432,33569.6216,130.3216,0.3882
ets,2018-08-01,12,2019-08-01,34575.4196,34180.6521,394.7674,1.1549
ets,2018-09-01,1,2018-10-01,36641.7881,36868.9276,-227.1395,-0.6161
ets,2018-09-01,2,2018-11-01,36092.0405,36725.6111,-633.5706,-1.7251
ets,2018-09-01,3,2018-12-01,36688.7657,38158.3807,-1469.615,-3.8514
ets,2018-09-01,4,2019-01-01,38609.8572,42133.9275,-3524.0704,-8.364
ets,2018-09-01,5,2019-02-01,39539.8473,40667.0042,-1127.1569,-2.7717
ets,2018-09-01,6,2019-03-01,38846.2577,38892.6826,-46.4249,-0.1194
ets,2018-09-01,7,2019-04-01,36460.74,37888.0324,-1427.2924,-3.7671
ets,2018-09-01,8,2019-05-01,34429.8869,35795.5702,-1365.6833,-3.8152
ets,2018-09-01,9,2019-06-01,33794.7505,34226.9213,-432.1708,-1.2627
ets,2018-09-01,10,2019-07-01,33626.6652,33569.6216,57.0436,0.1699
ets,2018-09-01,11,2019-08-01,34495.3161,34180.6521,314.664,0.9206
ets,2018-09-01,12,2019-09-01,35685.4503,36699.7232,-1014.2729,-2.7637
ets,2018-10-01,1,2018-11-01,36245.4492,36725.6111,-480.1619,-1.3074
ets,2018-10-01,2,2018-12-01,36778.999,38158.3807,-1379.3817,-3.6149
ets,2018-10-01,3,2019-01-01,38703.5145,42133.9275,-3430.4131,-8.1417
ets,2018-10-01,4,2019-02-01,39632.8457,40667.0042,-1034.1585,-2.543
ets,2018-10-01,5,2019-03-01,38934.9346,38892.6826,42.2519,0.1086
ets,2018-10-01,6,2019-04-01,36541.3714,37888.0324,-1346.661,-3.5543
ets,2018-10-01,7,2019-05-01,34503.6501,35795.5702,-1291.9201,-3.6092
ets,2018-10-01,8,2019-06-01,33864.709,34226.9213,-362.2123,-1.0583
ets,2018-10-01,9,2019-07-01,33693.4577,33569.6216,123.836,0.3689
ets,2018-10-01,10,2019-08-01,34561.3184,34180.6521,380.6663,1.1137
ets,2018-10-01,11,2019-09-01,35751.1712,36699.7232,-948.552,-2.5846
ets,2018-10-01,12,2019-10-01,36664.1685,37918.2543,-1254.0859,-3.3073
ets,2018-11-01,1,2018-12-01,36965.3334,38158.3807,-1193.0473,-3.1266
ets,2018-11-01,2,2019-01-01,38904.4939,42133.9275,-3229.4336,-7.6647
ets,2018-11-01,3,2019-02-01,39830.2262,40667.0042,-836.778,-2.0576
ets,2018-11-01,4,2019-03-01,39122.8215,38892.6826,230.1388,0.5917
ets,2018-11-01,5,2019-04-01,36710.4927,37888.0324,-1177.5396,-3.1079
ets,2018-11-01,6,2019-05-01,34656.3649,35795.5702,-1139.2053,-3.1825
ets,2018-11-01,7,2019-06-01,34008.4208,34226.9213,-218.5005,-0.6384
ets,2018-11-01,8,2019-07-01,33830.5387,33569.6216,260.917,0.7772
ets,2018-11-01,9,2019-08-01,34697.0938,34180.6521,516.4417,1.5109
ets,2018-11-01,10,2019-09-01,35887.118,36699.7232,-812.6052,-2.2142
ets,2018-11-01,11,2019-10-01,36798.7333,37918.2543,-1119.5211,-2.9525
ets,2018-11-01,12,2019-11-01,36352.5471,37089.4265,-736.8794,-1.9868
ets,2018-12-01,1,2019-01-01,39904.3437,42133.9275,-2229.5839,-5.2917
ets,2018-12-01,2,2019-02-01,40856.0269,40667.0042,189.0227,0.4648
ets,2018-12-01,3,2019-03-01,40103.0242,38892.6826,1210.3415,3.112
ets,2018-12-01,4,2019-04-01,37602.6772,37888.0324,-285.3551,-0.7532
ets,2018-12-01,5,2019-05-01,35471.0869,35795.5702,-324.4833,-0.9065
ets,2018-12-01,6,2019-06-01,34779.4128,34226.9213,552.4915,1.6142
ets,2018-12-01,7,2019-07-01,34564.7493,33569.6216,995.1276,2.9644
ets,2018-12-01,8,2019-08-01,35418.1413,34180.6521,1237.4892,3.6204
ets,2018-12-01,9,2019-09-01,36600.8483,36699.7232,-98.8749,-0.2694
ets,2018-12-01,10,2019-10-01,37501.1349,37918.2543,-417.1194,-1.1
ets,2018-12-01,11,2019-11-01,37018.1673,37089.4265,-71.2592,-0.1921
ets,2018-12-01,12,2019-12-01,37565.4826,36887.2681,678.2144,1.8386
ets,2019-01-01,1,2019-02-01,41879.7966,40667.0042,1212.7924,2.9823
ets,2019-01-01,2,2019-03-01,41241.0388,38892.6826,2348.3562,6.038
ets,2019-01-01,3,2019-04-01,38660.8818,37888.0324,772.8495,2.0398
ets,2019-01-01,4,2019-05-01,36459.1772,35795.5702,663.607,1.8539
ets,2019-01-01,5,2019-06-01,35737.6087,34226.9213,1510.6874,4.4137
ets,2019-01-01,6,2019-07-01,35505.436,33569.6216,1935.8144,5.7666
ets,2019-01-01,7,2019-08-01,36370.1022,34180.6521,2189.4501,6.4055
ets,2019-01-01,8,2019-09-01,37573.206,36699.7232,873.4828,2.3801
ets,2019-01-01,9,2019-10-01,38486.5933,37918.2543,568.3389,1.4989
ets,2019-01-01,10,2019-11-01,37980.4282,37089.4265,891.0017,2.4023
ets,2019-01-01,11,2019-12-01,38529.4583,36887.2681,1642.1901,4.4519
ets,2019-02-01,1,2019-03-01,40262.4158,38892.6826,1369.7331,3.5218
ets,2019-02-01,2,2019-04-01,37903.6548,37888.0324,15.6224,0.0412
ets,2019-02-01,3,2019-05-01,35762.2678,35795.5702,-33.3024,-0.093
ets,2019-02-01,4,2019-06-01,35071.9793,34226.9213,845.058,2.469
ets,2019-02-01,5,2019-07-01,34862.699,33569.6216,1293.0774,3.8519
ets,2019-02-01,6,2019-08-01,35730.1799,34180.6521,1549.5278,4.5333
ets,2019-02-01,7,2019-09-01,36929.8079,36699.7232,230.0847,0.6269
ets,2019-02-01,8,2019-10-01,37844.1771,37918.2543,-74.0772,-0.1954
ets,2019-02-01,9,2019-11-01,37363.069,37089.4265,273.6425,0.7378
ets,2019-02-01,10,2019-12-01,37920.0907,36887.2681,1032.8225,2.7999
ets,2019-03-01,1,2019-04-01,37142.8542,37888.0324,-745.1781,-1.9668
ets,2019-03-01,2,2019-05-01,35047.5676,35795.5702,-748.0026,-2.0897
ets,2019-03-01,3,2019-06-01,34399.7889,34226.9213,172.8676,0.5051
ets,2019-03-01,4,2019-07-01,34225.1795,33569.6216,655.5579,1.9528
ets,2019-03-01,5,2019-08-01,35107.657,34180.6521,927.0049,2.7121
ets,2019-03-01,6,2019-09-01,36316.4939,36699.7232,-383.2293,-1.0442
ets,2019-03-01,7,2019-10-01,37243.3198,37918.2543,-674.9345,-1.78
ets,2019-03-01,8,2019-11-01,36797.0555,37089.4265,-292.371,-0.7883
ets,2019-03-01,9,2019-12-01,37374.379,36887.2681,487.1109,1.3205
ets,2019-04-01,1,2019-05-01,35524.9993,35795.5702,-270.571,-0.7559
ets,2019-04-01,2,2019-06-01,34504.633,34226.9213,277.7117,0.8114
ets,2019-04-01,3,2019-07-01,34340.6946,33569.6216,771.073,2.2969
ets,2019-04-01,4,2019-08-01,35234.4297,34180.6521,1053.7776,3.083
ets,2019-04-01,5,2019-09-01,36452.5655,36699.7232,-247.1577,-0.6735
ets,2019-04-01,6,2019-10-01,37390.4521,37918.2543,-527.8023,-1.3919
ets,2019-04-01,7,2019-11-01,36954.3009,37089.4265,-135.1256,-0.3643
ets,2019-04-01,8,2019-12-01,37541.2995,36887.2681,654.0314,1.7731
ets,2019-05-01,1,2019-06-01,35013.7258,34226.9213,786.8045,2.2988
ets,2019-05-01,2,2019-07-01,34481.9438,33569.6216,912.3221,2.7177
ets,2019-05-01,3,2019-08-01,35383.3721,34180.6521,1202.72,3.5187
ets,2019-05-01,4,2019-09-01,36608.2844,36699.7232,-91.4388,-0.2492
ets,2019-05-01,5,2019-10-01,37552.9649,37918.2543,-365.2894,-0.9634
ets,2019-05-01,6,2019-11-01,37118.2736,37089.4265,28.8471,0.0778
ets,2019-05-01,7,2019-12-01,37710.1675,36887.2681,822.8993,2.2308
ets,2019-06-01,1,2019-07-01,34586.2392,33569.6216,1016.6175,3.0284
ets,2019-06-01,2,2019-08-01,35123.8143,34180.6521,943.1622,2.7593
ets,2019-06-01,3,2019-09-01,36345.1392,36699.7232,-354.584,-0.9662
ets,2019-06-01,4,2019-10-01,37288.3675,37918.2543,-629.8868,-1.6612
ets,2019-06-01,5,2019-11-01,36862.2253,37089.4265,-227.2012,-0.6126
ets,2019-06-01,6,2019-12-01,37454.7206,36887.2681,567.4525,1.5383
ets,2019-07-01,1,2019-08-01,35203.7358,34180.6521,1023.0837,2.9932
ets,2019-07-01,2,2019-09-01,36073.1224,36699.7232,-626.6008,-1.7074
ets,2019-07-01,3,2019-10-01,37010.4314,37918.2543,-907.823,-2.3942
ets,2019-07-01,4,2019-11-01,36589.2823,37089.4265,-500.1441,-1.3485
ets,2019-07-01,5,2019-12-01,37177.5194,36887.2681,290.2513,0.7869
ets,2019-08-01,1,2019-09-01,36330.7049,36699.7232,-369.0183,-1.0055
ets,2019-08-01,2,2019-10-01,36956.4277,37918.2543,-961.8266,-2.5366
ets,2019-08-01,3,2019-11-01,36530.751,37089.4265,-558.6755,-1.5063
ets,2019-08-01,4,2019-12-01,37114.4527,36887.2681,227.1846,0.6159
ets,2019-09-01,1,2019-10-01,37238.2057,37918.2543,-680.0486,-1.7935
ets,2019-09-01,2,2019-11-01,36687.5361,37089.4265,-401.8904,-1.0836
ets,2019-09-01,3,2019-12-01,37270.5426,36887.2681,383.2745,1.039
ets,2019-10-01,1,2019-11-01,37044.3688,37089.4265,-45.0576,-0.1215
ets,2019-10-01,2,2019-12-01,37363.8798,36887.2681,476.6117,1.2921
ets,2019-11-01,1,2019-12-01,37529.8281,36887.2681,642.56,1.742
sarima,2011-01-01,12,2012-01-01,36211.0147,35138.7467,1072.268,3.0515
sarima,2011-02-01,11,2012-01-01,36744.7131,35138.7467,1605.9663,4.5704
sarima,2011-02-01,12,2012-02-01,38194.2208,37785.0274,409.1934,1.083
sarima,2011-03-01,10,2012-01-01,34764.0075,35138.7467,-374.7393,-1.0665
sarima,2011-03-01,11,2012-02-01,36182.1791,37785.0274,-1602.8483,-4.242
sarima,2011-03-01,12,2012-03-01,36413.216,38142.0916,-1728.8756,-4.5327
sarima,2011-04-01,9,2012-01-01,35167.9516,35138.7467,29.2049,0.0831
sarima,2011-04-01,10,2012-02-01,36555.3119,37785.0274,-1229.7155,-3.2545
sarima,2011-04-01,11,2012-03-01,36898.745,38142.0916,-1243.3466,-3.2598
sarima,2011-04-01,12,2012-04-01,35568.6917,36429.9418,-861.2501,-2.3641
sarima,2011-05-01,8,2012-01-01,35298.8253,35138.7467,160.0786,0.4556
sarima,2011-05-01,9,2012-02-01,36691.1948,37785.0274,-1093.8326,-2.8949
sarima,2011-05-01,10,2012-03-01,37035.9973,38142.0916,-1106.0943,-2.8999
sarima,2011-05-01,11,2012-04-01,35700.9686,36429.9418,-728.9733,-2.001
sarima,2011-05-01,12,2012-05-01,34566.2464,34040.2569,525.9896,1.5452
sarima,2011-06-01,7,2012-01-01,34689.3709,35138.7467,-449.3759,-1.2789
sarima,2011-06-01,8,2012-02-01,36057.5489,37785.0274,-1727.4785,-4.5719
sarima,2011-06-01,9,2012-03-01,36396.4253,38142.0916,-1745.6663,-4.5767
sarima,2011-06-01,10,2012-04-01,35084.4411,36429.9418,-1345.5008,-3.6934
sarima,2011-06-01,11,2012-05-01,33969.3194,34040.2569,-70.9375,-0.2084
sarima,2011-06-01,12,2012-06-01,33669.1676,32396.5755,1272.5921,3.9282
sarima,2011-07-01,6,2012-01-01,34657.3823,35138.7467,-481.3644,-1.3699
sarima,2011-07-01,7,2012-02-01,36024.0707,37785.0274,-1760.9567,-4.6605
sarima,2011-07-01,8,2012-03-01,36362.7191,38142.0916,-1779.3725,-4.6651
sarima,2011-07-01,9,2012-04-01,35051.925,36429.9418,-1378.0168,-3.7826
sarima,2011-07-01,10,2012-05-01,33937.843,34040.2569,-102.4139,-0.3009
sarima,2011-07-01,11,2012-06-01,33637.972,32396.5755,1241.3965,3.8319
sarima,2011-07-01,12,2012-07-01,34097.9792,32553.3452,1544.634,4.7449
sarima,2011-08-01,5,2012-01-01,35250.0896,35138.7467,111.3428,0.3169
sarima,2011-08-01,6,2012-02-01,36640.2836,37785.0274,-1144.7438,-3.0296
sarima,2011-08-01,7,2012-03-01,36984.6924,38142.0916,-1157.3992,-3.0344
sarima,2011-08-01,8,2012-04-01,35651.4872,36429.9418,-778.4547,-2.1369
sarima,2011-08-01,9,2012-05-01,34518.3454,34040.2569,478.0886,1.4045
sarima,2011-08-01,10,2012-06-01,34213.3484,32396.5755,1816.7729,5.6079
sarima,2011-08-01,11,2012-07-01,34681.2225,32553.3452,2127.8773,6.5366
sarima,2011-08-01,12,2012-08-01,35688.6091,34867.9263,820.6828,2.3537
sarima,2011-09-01,4,2012-01-01,35260.6444,35138.7467,121.8977,0.3469
sarima,2011-09-01,5,2012-02-01,36648.4948,37785.0274,-1136.5326,-3.0079
sarima,2011-09-01,6,2012-03-01,36993.8787,38142.0916,-1148.2129,-3.0104
sarima,2011-09-01,7,2012-04-01,35660.0651,36429.9418,-769.8767,-2.1133
sarima,2011-09-01,8,2012-05-01,34526.7364,34040.2569,486.4795,1.4291
sarima,2011-09-01,9,2012-06-01,34221.6394,32396.5755,1825.0639,5.6335
sarima,2011-09-01,10,2012-07-01,34689.6348,32553.3452,2136.2896,6.5624
sarima,2011-09-01,11,2012-08-01,35697.2627,34867.9263,829.3364,2.3785
sarima,2011-09-01,12,2012-09-01,36136.4037,35552.6986,583.7051,1.6418
sarima,2011-10-01,3,2012-01-01,34672.4824,35138.7467,-466.2644,-1.3269
sarima,2011-10-01,4,2012-02-01,36028.3281,37785.0274,-1756.6993,-4.6492
sarima,2011-10-01,5,2012-03-01,36370.6021,38142.0916,-1771.4895,-4.6444
sarima,2011-10-01,6,2012-04-01,35058.4462,36429.9418,-1371.4957,-3.7647
sarima,2011-10-01,7,2012-05-01,33944.4829,34040.2569,-95.774,-0.2814
sarima,2011-10-01,8,2012-06-01,33644.4491,32396.5755,1247.8736,3.8519
sarima,2011-10-01,9,2012-07-01,34104.5788,32553.3452,1551.2335,4.7652
sarima,2011-10-01,10,2012-08-01,35095.2061,34867.9263,227.2797,0.6518
sarima,2011-10-01,11,2012-09-01,35526.9499,35552.6986,-25.7486,-0.0724
sarima,2011-10-01,12,2012-10-01,35663.2459,36868.8102,-1205.5643,-3.2699
sarima,2011-11-01,2,2012-01-01,34677.715,35138.7467,-461.0317,-1.312
sarima,2011-11-01,3,2012-02-01,36084.1119,37785.0274,-1700.9154,-4.5016
sarima,2011-11-01,4,2012-03-01,36410.6301,38142.0916,-1731.4615,-4.5395
sarima,2011-11-01,5,2012-04-01,35102.0632,36429.9418,-1327.8786,-3.645
sarima,2011-11-01,6,2012-05-01,33985.1501,34040.2569,-55.1067,-0.1619
sarima,2011-11-01,7,2012-06-01,33685.258,32396.5755,1288.6825,3.9778
sarima,2011-11-01,8,2012-07-01,34145.7818,32553.3452,1592.4365,4.8918
sarima,2011-11-01,9,2012-08-01,35137.6588,34867.9263,269.7325,0.7736
sarima,2011-11-01,10,2012-09-01,35569.9036,35552.6986,17.205,0.0484
sarima,2011-11-01,11,2012-10-01,35706.3771,36868.8102,-1162.433,-3.1529
sarima,2011-11-01,12,2012-11-01,35656.7371,34588.8219,1067.9152,3.0875
sarima,2011-12-01,1,2012-01-01,35369.3576,35138.7467,230.6108,0.6563
sarima,2011-12-01,2,2012-02-01,36958.0128,37785.0274,-827.0146,-2.1887
sarima,2011-12-01,3,2012-03-01,37228.2163,38142.0916,-913.8753,-2.396
sarima,2011-12-01,4,2012-04-01,35908.6388,36429.9418,-521.303,-1.431
sarima,2011-12-01,5,2012-05-01,34761.7822,34040.2569,721.5253,2.1196
sarima,2011-12-01,6,2012-06-01,34451.7575,32396.5755,2055.182,6.3438
sarima,2011-12-01,7,2012-07-01,34925.0826,32553.3452,2371.7374,7.2857
sarima,2011-12-01,8,2012-08-01,35940.384,34867.9263,1072.4576,3.0758
sarima,2011-12-01,9,2012-09-01,36386.9284,35552.6986,834.2298,2.3465
sarima,2011-12-01,10,2012-10-01,36518.1312,36868.8102,-350.679,-0.9512
sarima,2011-12-01,11,2012-11-01,36472.4063,34588.8219,1883.5844,5.4456
sarima,2011-12-01,12,2012-12-01,36093.8181,36179.2566,-85.4385,-0.2362
sarima,2012-01-01,1,2012-02-01,36790.9709,37785.0274,-994.0565,-2.6308
sarima,2012-01-01,2,2012-03-01,37031.4867,38142.0916,-1110.6049,-2.9118
sarima,2012-01-01,3,2012-04-01,35729.1029,36429.9418,-700.8389,-1.9238
sarima,2012-01-01,4,2012-05-01,34583.4076,34040.2569,543.1508,1.5956
sarima,2012-01-01,5,2012-06-01,34281.0139,32396.5755,1884.4384,5.8168
sarima,2012-01-01,6,2012-07-01,34748.7877,32553.3452,2195.4424,6.7441
sarima,2012-01-01,7,2012-08-01,35758.4843,34867.9263,890.5579,2.5541
sarima,2012-01-01,8,2012-09-01,36198.2934,35552.6986,645.5948,1.8159
sarima,2012-01-01,9,2012-10-01,36337.1634,36868.8102,-531.6468,-1.442
sarima,2012-01-01,10,2012-11-01,36286.6638,34588.8219,1697.8419,4.9086
sarima,2012-01-01,11,2012-12-01,35901.4776,36179.2566,-277.779,-0.7678
sarima,2012-01-01,12,2013-01-01,36382.1059,34415.2791,1966.8269,5.715
sarima,2012-02-01,1,2012-03-01,37415.4023,38142.0916,-726.6893,-1.9052
sarima,2012-02-01,2,2012-04-01,36355.5224,36429.9418,-74.4194,-0.2043
sarima,2012-02-01,3,2012-05-01,35137.9315,34040.2569,1097.6746,3.2246
sarima,2012-02-01,4,2012-06-01,34748.4054,32396.5755,2351.8299,7.2595
sarima,2012-02-01,5,2012-07-01,35272.1592,32553.3452,2718.814,8.3519
sarima,2012-02-01,6,2012-08-01,36319.3399,34867.9263,1451.4135,4.1626
sarima,2012-02-01,7,2012-09-01,36849.7758,35552.6986,1297.0772,3.6483
sarima,2012-02-01,8,2012-10-01,36815.5668,36868.8102,-53.2434,-0.1444
sarima,2012-02-01,9,2012-11-01,36869.4836,34588.8219,2280.6617,6.5936
sarima,2012-02-01,10,2012-12-01,36665.3946,36179.2566,486.138,1.3437
sarima,2012-02-01,11,2013-01-01,37137.7619,34415.2791,2722.4828,7.9107
sarima,2012-02-01,12,2013-02-01,39131.4488,36703.9906,2427.4582,6.6136
sarima,2012-03-01,1,2012-04-01,36878.805,36429.9418,448.8632,1.2321
sarima,2012-03-01,2,2012-05-01,35646.0129,34040.2569,1605.756,4.7172
sarima,2012-03-01,3,2012-06-01,35324.7773,32396.5755,2928.2018,9.0386
sarima,2012-03-01,4,2012-07-01,35816.6553,32553.3452,3263.3101,10.0245
sarima,2012-03-01,5,2012-08-01,36862.5094,34867.9263,1994.5831,5.7204
sarima,2012-03-01,6,2012-09-01,37338.6221,35552.6986,1785.9235,5.0233
sarima,2012-03-01,7,2012-10-01,37437.6071,36868.8102,568.797,1.5428
sarima,2012-03-01,8,2012-11-01,37412.1436,34588.8219,2823.3217,8.1625
sarima,2012-03-01,9,2012-12-01,37060.8042,36179.2566,881.5476,2.4366
sarima,2012-03-01,10,2013-01-01,37553.58,34415.2791,3138.301,9.1189
sarima,2012-03-01,11,2013-02-01,39402.2118,36703.9906,2698.2213,7.3513
sarima,2012-03-01,12,2013-03-01,39656.0591,36142.0469,3514.0122,9.7228
sarima,2012-04-01,1,2012-05-01,35340.6293,34040.2569,1300.3725,3.8201
sarima,2012-04-01,2,2012-06-01,34890.6665,32396.5755,2494.091,7.6986
sarima,2012-04-01,3,2012-07-01,35415.7449,32553.3452,2862.3996,8.793
sarima,2012-04-01,4,2012-08-01,36437.1922,34867.9263,1569.2658,4.5006
sarima,2012-04-01,5,2012-09-01,36909.8669,35552.6986,1357.1683,3.8173
sarima,2012-04-01,6,2012-10-01,37009.9068,36868.8102,141.0967,0.3827
sarima,2012-04-01,7,2012-11-01,36983.0815,34588.8219,2394.2596,6.9221
sarima,2012-04-01,8,2012-12-01,36632.2223,36179.2566,452.9657,1.252
sarima,2012-04-01,9,2013-01-01,37119.6063,34415.2791,2704.3272,7.8579
sarima,2012-04-01,10,2013-02-01,38942.7412,36703.9906,2238.7506,6.0995
sarima,2012-04-01,11,2013-03-01,39198.837,36142.0469,3056.7901,8.4577
sarima,2012-04-01,12,2013-04-01,37845.6201,34505.9381,3339.682,9.6786
sarima,2012-05-01,1,2012-06-01,33972.0178,32396.5755,1575.4423,4.863
sarima,2012-05-01,2,2012-07-01,34382.136,32553.3452,1828.7908,5.6178
sarima,2012-05-01,3,2012-08-01,35402.9793,34867.9263,535.0529,1.5345
sarima,2012-05-01,4,2012-09-01,35850.9229,35552.6986,298.2243,0.8388
sarima,2012-05-01,5,2012-10-01,35955.6826,36868.8102,-913.1276,-2.4767
sarima,2012-05-01,6,2012-11-01,35925.8549,34588.8219,1337.033,3.8655
sarima,2012-05-01,7,2012-12-01,35579.9894,36179.2566,-599.2672,-1.6564
sarima,2012-05-01,8,2013-01-01,36053.7248,34415.2791,1638.4457,4.7608
sarima,2012-05-01,9,2013-02-01,37818.2444,36703.9906,1114.2539,3.0358
sarima,2012-05-01,10,2013-03-01,38074.8892,36142.0469,1932.8423,5.3479
sarima,2012-05-01,11,2013-04-01,36760.4617,34505.9381,2254.5236,6.5337
sarima,2012-05-01,12,2013-05-01,35298.4028,33046.0622,2252.3406,6.8158
sarima,2012-06-01,1,2012-07-01,33196.4435,32553.3452,643.0982,1.9755
sarima,2012-06-01,2,2012-08-01,34077.6727,34867.9263,-790.2537,-2.2664
sarima,2012-06-01,3,2012-09-01,34586.1138,35552.6986,-966.5848,-2.7187
sarima,2012-06-01,4,2012-10-01,34580.5677,36868.8102,-2288.2424,-6.2064
sarima,2012-06-01,5,2012-11-01,34613.131,34588.8219,24.3091,0.0703
sarima,2012-06-01,6,2012-12-01,34384.9592,36179.2566,-1794.2974,-4.9595
sarima,2012-06-01,7,2013-01-01,34832.6053,34415.2791,417.3262,1.2126
sarima,2012-06-01,8,2013-02-01,36661.3408,36703.9906,-42.6497,-0.1162
sarima,2012-06-01,9,2013-03-01,36757.9078,36142.0469,615.8609,1.704
sarima,2012-06-01,10,2013-04-01,35489.2051,34505.9381,983.267,2.8496
sarima,2012-06-01,11,2013-05-01,34011.2256,33046.0622,965.1634,2.9207
sarima,2012-06-01,12,2013-06-01,33280.0709,32968.8521,311.2188,0.944
sarima,2012-07-01,1,2012-08-01,33558.8258,34867.9263,-1309.1006,-3.7545
sarima,2012-07-01,2,2012-09-01,34174.8802,35552.6986,-1377.8184,-3.8754
sarima,2012-07-01,3,2012-10-01,34191.1491,36868.8102,-2677.6611,-7.2627
sarima,2012-07-01,4,2012-11-01,34198.4516,34588.8219,-390.3703,-1.1286
sarima,2012-07-01,5,2012-12-01,33913.9238,36179.2566,-2265.3328,-6.2614
sarima,2012-07-01,6,2013-01-01,34361.9152,34415.2791,-53.3638,-0.1551
sarima,2012-07-01,7,2013-02-01,36099.0772,36703.9906,-604.9133,-1.6481
sarima,2012-07-01,8,2013-03-01,36274.6174,36142.0469,132.5705,0.3668
sarima,2012-07-01,9,2013-04-01,35022.4535,34505.9381,516.5154,1.4969
sarima,2012-07-01,10,2013-05-01,33600.5415,33046.0622,554.4793,1.6779
sarima,2012-07-01,11,2013-06-01,32933.9906,32968.8521,-34.8615,-0.1057
sarima,2012-07-01,12,2013-07-01,33359.031,32891.3969,467.6341,1.4218
sarima,2012-08-01,1,2012-09-01,35197.9305,35552.6986,-354.7681,-0.9979
sarima,2012-08-01,2,2012-10-01,35258.4744,36868.8102,-1610.3357,-4.3677
sarima,2012-08-01,3,2012-11-01,35284.0742,34588.8219,695.2522,2.01
sarima,2012-08-01,4,2012-12-01,35079.1942,36179.2566,-1100.0624,-3.0406
sarima,2012-08-01,5,2013-01-01,35531.9496,34415.2791,1116.6706,3.2447
sarima,2012-08-01,6,2013-02-01,37424.0321,36703.9906,720.0415,1.9618
sarima,2012-08-01,7,2013-03-01,37491.7435,36142.0469,1349.6966,3.7344
sarima,2012-08-01,8,2013-04-01,36197.7666,34505.9381,1691.8285,4.903
sarima,2012-08-01,9,2013-05-01,34675.2102,33046.0622,1629.148,4.9299
sarima,2012-08-01,10,2013-06-01,33907.5962,32968.8521,938.7441,2.8474
sarima,2012-08-01,11,2013-07-01,34339.7148,32891.3969,1448.3178,4.4033
sarima,2012-08-01,12,2013-08-01,35706.7609,33964.2456,1742.5153,5.1304
sarima,2012-09-01,1,2012-10-01,35617.7101,36868.8102,-1251.1,-3.3934
sarima,2012-09-01,2,2012-11-01,35536.7828,34588.8219,947.9609,2.7407
sarima,2012-09-01,3,2012-12-01,35591.0236,36179.2566,-588.233,-1.6259
sarima,2012-09-01,4,2013-01-01,35908.568,34415.2791,1493.2889,4.339
sarima,2012-09-01,5,2013-02-01,38054.8489,36703.9906,1350.8583,3.6804
sarima,2012-09-01,6,2013-03-01,37896.7772,36142.0469,1754.7303,4.8551
sarima,2012-09-01,7,2013-04-01,36658.4878,34505.9381,2152.5497,6.2382
sarima,2012-09-01,8,2013-05-01,34984.0268,33046.0622,1937.9646,5.8644
sarima,2012-09-01,9,2013-06-01,34145.0786,32968.8521,1176.2265,3.5677
sarima,2012-09-01,10,2013-07-01,34532.6688,32891.3969,1641.2718,4.99
sarima,2012-09-01,11,2013-08-01,36052.1297,33964.2456,2087.8841,6.1473
sarima,2012-09-01,12,2013-09-01,36708.6075,34766.6241,1941.9834,5.5858
sarima,2012-10-01,1,2012-11-01,36484.4962,34588.8219,1895.6743,5.4806
sarima,2012-10-01,2,2012-12-01,36500.8788,36179.2566,321.6222,0.889
sarima,2012-10-01,3,2013-01-01,36924.6543,34415.2791,2509.3752,7.2915
sarima,2012-10-01,4,2013-02-01,39062.7219,36703.9906,2358.7313,6.4264
sarima,2012-10-01,5,2013-03-01,38954.1047,36142.0469,2812.0578,7.7806
sarima,2012-10-01,6,2013-04-01,37609.8534,34505.9381,3103.9153,8.9953
sarima,2012-10-01,7,2013-05-01,35924.2442,33046.0622,2878.182,8.7096
sarima,2012-10-01,8,2013-06-01,34987.3349,32968.8521,2018.4828,6.1224
sarima,2012-10-01,9,2013-07-01,35417.2147,32891.3969,2525.8178,7.6793
sarima,2012-10-01,10,2013-08-01,36977.5687,33964.2456,3013.3231,8.872
sarima,2012-10-01,11,2013-09-01,37675.5928,34766.6241,2908.9687,8.3671
sarima,2012-10-01,12,2013-10-01,38058.6826,35404.5633,2654.1193,7.4965
sarima,2012-11-01,1,2012-12-01,35998.0246,36179.2566,-181.232,-0.5009
sarima,2012-11-01,2,2013-01-01,36278.9604,34415.2791,1863.6813,5.4153
sarima,2012-11-01,3,2013-02-01,38845.15,36703.9906,2141.1595,5.8336
sarima,2012-11-01,4,2013-03-01,38000.9359,36142.0469,1858.889,5.1433
sarima,2012-11-01,5,2013-04-01,37041.8701,34505.9381,2535.932,7.3493
sarima,2012-11-01,6,2013-05-01,34950.1189,33046.0622,1904.0567,5.7618
sarima,2012-11-01,7,2013-06-01,33664.7411,32968.8521,695.8891,2.1107
sarima,2012-11-01,8,2013-07-01,33977.9013,32891.3969,1086.5044,3.3033
sarima,2012-11-01,9,2013-08-01,36074.3152,33964.2456,2110.0696,6.2126
sarima,2012-11-01,10,2013-09-01,36529.1372,34766.6241,1762.5131,5.0696
sarima,2012-11-01,11,2013-10-01,37081.503,35404.5633,1676.9397,4.7365
sarima,2012-11-01,12,2013-11-01,35932.8583,35381.6161,551.2423,1.558
sarima,2012-12-01,1,2013-01-01,36379.3467,34415.2791,1964.0676,5.707
sarima,2012-12-01,2,2013-02-01,38957.3721,36703.9906,2253.3815,6.1393
sarima,2012-12-01,3,2013-03-01,38144.8291,36142.0469,2002.7822,5.5414
sarima,2012-12-01,4,2013-04-01,37160.5483,34505.9381,2654.6103,7.6932
sarima,2012-12-01,5,2013-05-01,35052.3799,33046.0622,2006.3177,6.0713
sarima,2012-12-01,6,2013-06-01,33751.6721,32968.8521,782.82,2.3744
sarima,2012-12-01,7,2013-07-01,34061.3367,32891.3969,1169.9398,3.557
sarima,2012-12-01,8,2013-08-01,36171.9898,33964.2456,2207.7442,6.5002
sarima,2012-12-01,9,2013-09-01,36635.2702,34766.6241,1868.6461,5.3748
sarima,2012-12-01,10,2013-10-01,37211.8767,35404.5633,1807.3134,5.1047
sarima,2012-12-01,11,2013-11-01,36025.9304,35381.6161,644.3143,1.821
sarima,2012-12-01,12,2013-12-01,37114.0384,35314.9921,1799.0462,5.0943
sarima,2013-01-01,1,2013-02-01,37357.5433,36703.9906,653.5527,1.7806
sarima,2013-01-01,2,2013-03-01,36746.1685,36142.0469,604.1216,1.6715
sarima,2013-01-01,3,2013-04-01,35702.4928,34505.9381,1196.5547,3.4677
sarima,2013-01-01,4,2013-05-01,34042.4482,33046.0622,996.386,3.0151
sarima,2013-01-01,5,2013-06-01,33231.4566,32968.8521,262.6045,0.7965
sarima,2013-01-01,6,2013-07-01,33629.3718,32891.3969,737.9749,2.2437
sarima,2013-01-01,7,2013-08-01,35074.4624,33964.2456,1110.2168,3.2688
sarima,2013-01-01,8,2013-09-01,35735.665,34766.6241,969.0409,2.7873
sarima,2013-01-01,9,2013-10-01,36087.4608,35404.5633,682.8976,1.9288
sarima,2013-01-01,10,2013-11-01,35359.0924,35381.6161,-22.5237,-0.0637
sarima,2013-01-01,11,2013-12-01,35770.5576,35314.9921,455.5655,1.29
sarima,2013-01-01,12,2014-01-01,35512.7763,38704.8608,-3192.0845,-8.2472
sarima,2013-02-01,1,2013-03-01,36379.5559,36142.0469,237.509,0.6572
sarima,2013-02-01,2,2013-04-01,35211.8012,34505.9381,705.8631,2.0456
sarima,2013-02-01,3,2013-05-01,33646.8604,33046.0622,600.7982,1.8181
sarima,2013-02-01,4,2013-06-01,32846.7975,32968.8521,-122.0545,-0.3702
sarima,2013-02-01,5,2013-07-01,33252.7151,32891.3969,361.3181,1.0985
sarima,2013-02-01,6,2013-08-01,34651.4606,33964.2456,687.215,2.0233
sarima,2013-02-01,7,2013-09-01,35307.5878,34766.6241,540.9637,1.556
sarima,2013-02-01,8,2013-10-01,35647.8604,35404.5633,243.2971,0.6872
sarima,2013-02-01,9,2013-11-01,34949.9366,35381.6161,-431.6794,-1.2201
sarima,2013-02-01,10,2013-12-01,35309.8137,35314.9921,-5.1785,-0.0147
sarima,2013-02-01,11,2014-01-01,35093.8773,38704.8608,-3610.9834,-9.3295
sarima,2013-02-01,12,2014-02-01,37183.3345,39855.2823,-2671.9479,-6.7041
sarima,2013-03-01,1,2013-04-01,35064.341,34505.9381,558.4029,1.6183
sarima,2013-03-01,2,2013-05-01,33499.3793,33046.0622,453.3171,1.3718
sarima,2013-03-01,3,2013-06-01,32670.3172,32968.8521,-298.5348,-0.9055
sarima,2013-03-01,4,2013-07-01,33073.2793,32891.3969,181.8824,0.553
sarima,2013-03-01,5,2013-08-01,34492.1858,33964.2456,527.9402,1.5544
sarima,2013-03-01,6,2013-09-01,35144.6121,34766.6241,377.988,1.0872
sarima,2013-03-01,7,2013-10-01,35490.4237,35404.5633,85.8604,0.2425
sarima,2013-03-01,8,2013-11-01,34771.9221,35381.6161,-609.6939,-1.7232
sarima,2013-03-01,9,2013-12-01,35181.9084,35314.9921,-133.0838,-0.3768
sarima,2013-03-01,10,2014-01-01,34923.8363,38704.8608,-3781.0244,-9.7689
sarima,2013-03-01,11,2014-02-01,37026.9938,39855.2823,-2828.2886,-7.0964
sarima,2013-03-01,12,2014-03-01,36708.1714,37542.7446,-834.5732,-2.223
sarima,2013-04-01,1,2013-05-01,33142.6051,33046.0622,96.5429,0.2921
sarima,2013-04-01,2,2013-06-01,32221.6809,32968.8521,-747.1712,-2.2663
sarima,2013-04-01,3,2013-07-01,32640.462,32891.3969,-250.935,-0.7629
sarima,2013-04-01,4,2013-08-01,34067.7674,33964.2456,103.5218,0.3048
sarima,2013-04-01,5,2013-09-01,34714.5503,34766.6241,-52.0738,-0.1498
sarima,2013-04-01,6,2013-10-01,35065.6207,35404.5633,-338.9426,-0.9573
sarima,2013-04-01,7,2013-11-01,34323.8667,35381.6161,-1057.7494,-2.9895
sarima,2013-04-01,8,2013-12-01,34794.2636,35314.9921,-520.7286,-1.4745
sarima,2013-04-01,9,2014-01-01,34483.3362,38704.8608,-4221.5245,-10.907
sarima,2013-04-01,10,2014-02-01,36589.4278,39855.2823,-3265.8545,-8.1943
sarima,2013-04-01,11,2014-03-01,36252.8701,37542.7446,-1289.8745,-3.4357
sarima,2013-04-01,12,2014-04-01,34884.2076,35486.9658,-602.7582,-1.6985
sarima,2013-05-01,1,2013-06-01,32135.5899,32968.8521,-833.2622,-2.5274
sarima,2013-05-01,2,2013-07-01,32567.6344,32891.3969,-323.7625,-0.9843
sarima,2013-05-01,3,2013-08-01,34010.8962,33964.2456,46.6506,0.1374
sarima,2013-05-01,4,2013-09-01,34657.565,34766.6241,-109.0591,-0.3137
sarima,2013-05-01,5,2013-10-01,35015.9438,35404.5633,-388.6195,-1.0977
sarima,2013-05-01,6,2013-11-01,34252.1881,35381.6161,-1129.4279,-3.1921
sarima,2013-05-01,7,2013-12-01,34765.5863,35314.9921,-549.4058,-1.5557
sarima,2013-05-01,8,2014-01-01,34416.7425,38704.8608,-4288.1183,-11.079
sarima,2013-05-01,9,2014-02-01,36537.9727,39855.2823,-3317.3097,-8.3234
sarima,2013-05-01,10,2014-03-01,36188.2607,37542.7446,-1354.4839,-3.6078
sarima,2013-05-01,11,2014-04-01,34814.3194,35486.9658,-672.6464,-1.8955
sarima,2013-05-01,12,2014-05-01,33291.7454,35309.2711,-2017.5257,-5.7139
sarima,2013-06-01,1,2013-07-01,33151.8959,32891.3969,260.499,0.792
sarima,2013-06-01,2,2013-08-01,34636.2335,33964.2456,671.9879,1.9785
sarima,2013-06-01,3,2013-09-01,35254.3319,34766.6241,487.7078,1.4028
sarima,2013-06-01,4,2013-10-01,35606.1674,35404.5633,201.6041,0.5694
sarima,2013-06-01,5,2013-11-01,34911.8283,35381.6161,-469.7878,-1.3278
sarima,2013-06-01,6,2013-12-01,35254.9109,35314.9921,-60.0812,-0.1701
sarima,2013-06-01,7,2014-01-01,35053.5487,38704.8608,-3651.3121,-9.4337
sarima,2013-06-01,8,2014-02-01,37132.3541,39855.2823,-2722.9282,-6.832
sarima,2013-06-01,9,2014-03-01,36836.8791,37542.7446,-705.8656,-1.8802
sarima,2013-06-01,10,2014-04-01,35469.3719,35486.9658,-17.5939,-0.0496
sarima,2013-06-01,11,2014-05-01,33970.7843,35309.2711,-1338.4868,-3.7908
sarima,2013-06-01,12,2014-06-01,33370.9453,34120.949,-750.0037,-2.1981
sarima,2013-07-01,1,2013-08-01,34496.6,33964.2456,532.3544,1.5674
sarima,2013-07-01,2,2013-09-01,35065.5263,34766.6241,298.9022,0.8597
sarima,2013-07-01,3,2013-10-01,35441.6218,35404.5633,37.0585,0.1047
sarima,2013-07-01,4,2013-11-01,34713.0319,35381.6161,-668.5841,-1.8896
sarima,2013-07-01,5,2013-12-01,35126.1538,35314.9921,-188.8383,-0.5347
sarima,2013-07-01,6,2014-01-01,34867.2605,38704.8608,-3837.6002,-9.915
sarima,2013-07-01,7,2014-02-01,36967.4449,39855.2823,-2887.8374,-7.2458
sarima,2013-07-01,8,2014-03-01,36649.0392,37542.7446,-893.7055,-2.3805
sarima,2013-07-01,9,2014-04-01,35276.9459,35486.9658,-210.0199,-0.5918
sarima,2013-07-01,10,2014-05-01,33765.8719,35309.2711,-1543.3992,-4.3711
sarima,2013-07-01,11,2014-06-01,33164.107,34120.949,-956.842,-2.8043
sarima,2013-07-01,12,2014-07-01,33444.4685,34146.1814,-701.7129,-2.055
sarima,2013-08-01,1,2013-09-01,34758.6446,34766.6241,-7.9795,-0.023
sarima,2013-08-01,2,2013-10-01,35117.4156,35404.5633,-287.1477,-0.811
sarima,2013-08-01,3,2013-11-01,34283.8397,35381.6161,-1097.7763,-3.1027
sarima,2013-08-01,4,2013-12-01,34911.0754,35314.9921,-403.9167,-1.1438
sarima,2013-08-01,5,2014-01-01,34458.6801,38704.8608,-4246.1807,-10.9707
sarima,2013-08-01,6,2014-02-01,36629.7169,39855.2823,-3225.5655,-8.0932
sarima,2013-08-01,7,2014-03-01,36247.1989,37542.7446,-1295.5457,-3.4509
sarima,2013-08-01,8,2014-04-01,34850.3829,35486.9658,-636.5829,-1.7938
sarima,2013-08-01,9,2014-05-01,33296.0123,35309.2711,-2013.2588,-5.7018
sarima,2013-08-01,10,2014-06-01,32695.4766,34120.949,-1425.4724,-4.1777
sarima,2013-08-01,11,2014-07-01,32909.0764,34146.1814,-1237.105,-3.623
sarima,2013-08-01,12,2014-08-01,34259.0861,34537.1042,-278.0181,-0.805
sarima,2013-09-01,1,2013-10-01,35055.9192,35404.5633,-348.644,-0.9847
sarima,2013-09-01,2,2013-11-01,34278.4466,35381.6161,-1103.1695,-3.1179
sarima,2013-09-01,3,2013-12-01,34855.2839,35314.9921,-459.7083,-1.3017
sarima,2013-09-01,4,2014-01-01,34444.1489,38704.8608,-4260.7118,-11.0082
sarima,2013-09-01,5,2014-02-01,36596.5576,39855.2823,-3258.7247,-8.1764
sarima,2013-09-01,6,2014-03-01,36225.7392,37542.7446,-1317.0054,-3.508
sarima,2013-09-01,7,2014-04-01,34837.3461,35486.9658,-649.6197,-1.8306
sarima,2013-09-01,8,2014-05-01,33294.3312,35309.2711,-2014.9398,-5.7065
sarima,2013-09-01,9,2014-06-01,32693.6963,34120.949,-1427.2527,-4.1829
sarima,2013-09-01,10,2014-07-01,32919.1211,34146.1814,-1227.0603,-3.5936
sarima,2013-09-01,11,2014-08-01,34260.9216,34537.1042,-276.1826,-0.7997
sarima,2013-09-01,12,2014-09-01,34963.1332,36110.8825,-1147.7493,-3.1784
sarima,2013-10-01,1,2013-11-01,34052.2446,35381.6161,-1329.3714,-3.7572
sarima,2013-10-01,2,2013-12-01,35279.2789,35314.9921,-35.7133,-0.1011
sarima,2013-10-01,3,2014-01-01,34032.0498,38704.8608,-4672.8109,-12.0729
sarima,2013-10-01,4,2014-02-01,36376.276,39855.2823,-3479.0063,-8.7291
sarima,2013-10-01,5,2014-03-01,36061.2951,37542.7446,-1481.4496,-3.946
sarima,2013-10-01,6,2014-04-01,34432.5571,35486.9658,-1054.4087,-2.9713
sarima,2013-10-01,7,2014-05-01,32756.4593,35309.2711,-2552.8118,-7.2299
sarima,2013-10-01,8,2014-06-01,32264.8789,34120.949,-1856.0701,-5.4397
sarima,2013-10-01,9,2014-07-01,32251.7846,34146.1814,-1894.3969,-5.5479
sarima,2013-10-01,10,2014-08-01,33635.7417,34537.1042,-901.3625,-2.6098
sarima,2013-10-01,11,2014-09-01,34393.9718,36110.8825,-1716.9107,-4.7546
sarima,2013-10-01,12,2014-10-01,35197.9836,37058.0356,-1860.0521,-5.0193
sarima,2013-11-01,1,2013-12-01,35809.8787,35314.9921,494.8866,1.4013
sarima,2013-11-01,2,2014-01-01,34565.9904,38704.8608,-4138.8704,-10.6934
sarima,2013-11-01,3,2014-02-01,36950.7606,39855.2823,-2904.5217,-7.2877
sarima,2013-11-01,4,2014-03-01,36642.0779,37542.7446,-900.6667,-2.399
sarima,2013-11-01,5,2014-04-01,34987.2809,35486.9658,-499.6849,-1.4081
sarima,2013-11-01,6,2014-05-01,33274.0298,35309.2711,-2035.2412,-5.764
sarima,2013-11-01,7,2014-06-01,32755.5408,34120.949,-1365.4082,-4.0017
sarima,2013-11-01,8,2014-07-01,32745.1599,34146.1814,-1401.0215,-4.103
sarima,2013-11-01,9,2014-08-01,34165.7736,34537.1042,-371.3306,-1.0752
sarima,2013-11-01,10,2014-09-01,34934.2635,36110.8825,-1176.619,-3.2584
sarima,2013-11-01,11,2014-10-01,35758.9533,37058.0356,-1299.0823,-3.5055
sarima,2013-11-01,12,2014-11-01,35101.4013,36280.763,-1179.3617,-3.2507
sarima,2013-12-01,1,2014-01-01,34373.615,38704.8608,-4331.2458,-11.1904
sarima,2013-12-01,2,2014-02-01,36744.9189,39855.2823,-3110.3635,-7.8041
sarima,2013-12-01,3,2014-03-01,36437.3746,37542.7446,-1105.37,-2.9443
sarima,2013-12-01,4,2014-04-01,34791.8134,35486.9658,-695.1524,-1.9589
sarima,2013-12-01,5,2014-05-01,33088.657,35309.2711,-2220.6141,-6.289
sarima,2013-12-01,6,2014-06-01,32574.0428,34120.949,-1546.9062,-4.5336
sarima,2013-12-01,7,2014-07-01,32563.5693,34146.1814,-1582.6121,-4.6348
sarima,2013-12-01,8,2014-08-01,33975.5066,34537.1042,-561.5976,-1.6261
sarima,2013-12-01,9,2014-09-01,34739.8038,36110.8825,-1371.0787,-3.7969
sarima,2013-12-01,10,2014-10-01,35559.4882,37058.0356,-1498.5474,-4.0438
sarima,2013-12-01,11,2014-11-01,34907.0203,36280.763,-1373.7427,-3.7864
sarima,2013-12-01,12,2014-12-01,35305.9188,36171.1909,-865.2721,-2.3922
sarima,2014-01-01,1,2014-02-01,39753.6482,39855.2823,-101.6342,-0.255
sarima,2014-01-01,2,2014-03-01,39887.196,37542.7446,2344.4514,6.2448
sarima,2014-01-01,3,2014-04-01,38310.8077,35486.9658,2823.8419,7.9574
sarima,2014-01-01,4,2014-05-01,36810.2333,35309.2711,1500.9622,4.2509
sarima,2014-01-01,5,2014-06-01,36168.4622,34120.949,2047.5132,6.0008
sarima,2014-01-01,6,2014-07-01,36563.1429,34146.1814,2416.9615,7.0783
sarima,2014-01-01,7,2014-08-01,37914.4517,34537.1042,3377.3475,9.7789
sarima,2014-01-01,8,2014-09-01,38672.1232,36110.8825,2561.2407,7.0927
sarima,2014-01-01,9,2014-10-01,39025.6932,37058.0356,1967.6575,5.3097
sarima,2014-01-01,10,2014-11-01,38544.5186,36280.763,2263.7556,6.2395
sarima,2014-01-01,11,2014-12-01,38607.7868,36171.1909,2436.5959,6.7363
sarima,2014-01-01,12,2015-01-01,39438.9309,40467.7143,-1028.7834,-2.5422
sarima,2014-02-01,1,2014-03-01,40002.0865,37542.7446,2459.3418,6.5508
sarima,2014-02-01,2,2014-04-01,38121.1082,35486.9658,2634.1424,7.4228
sarima,2014-02-01,3,2014-05-01,36745.4906,35309.2711,1436.2195,4.0675
sarima,2014-02-01,4,2014-06-01,36049.1742,34120.949,1928.2252,5.6511
sarima,2014-02-01,5,2014-07-01,36460.1003,34146.1814,2313.9189,6.7765
sarima,2014-02-01,6,2014-08-01,37803.7114,34537.1042,3266.6072,9.4583
sarima,2014-02-01,7,2014-09-01,38564.4865,36110.8825,2453.604,6.7946
sarima,2014-02-01,8,2014-10-01,38921.0073,37058.0356,1862.9716,5.0272
sarima,2014-02-01,9,2014-11-01,38438.6385,36280.763,2157.8755,5.9477
sarima,2014-02-01,10,2014-12-01,38515.1361,36171.1909,2343.9452,6.4801
sarima,2014-02-01,11,2015-01-01,39353.4372,40467.7143,-1114.2771,-2.7535
sarima,2014-02-01,12,2015-02-01,41522.2171,39133.7826,2388.4345,6.1033
sarima,2014-03-01,1,2014-04-01,36572.9254,35486.9658,1085.9596,3.0602
sarima,2014-03-01,2,2014-05-01,34709.4766,35309.2711,-599.7945,-1.6987
sarima,2014-03-01,3,2014-06-01,34032.2393,34120.949,-88.7097,-0.26
sarima,2014-03-01,4,2014-07-01,34042.1779,34146.1814,-104.0036,-0.3046
sarima,2014-03-01,5,2014-08-01,35629.467,34537.1042,1092.3628,3.1629
sarima,2014-03-01,6,2014-09-01,36418.828,36110.8825,307.9456,0.8528
sarima,2014-03-01,7,2014-10-01,37336.0509,37058.0356,278.0153,0.7502
sarima,2014-03-01,8,2014-11-01,36453.6023,36280.763,172.8393,0.4764
sarima,2014-03-01,9,2014-12-01,37018.0619,36171.1909,846.871,2.3413
sarima,2014-03-01,10,2015-01-01,38509.2633,40467.7143,-1958.4511,-4.8395
sarima,2014-03-01,11,2015-02-01,40169.7218,39133.7826,1035.9392,2.6472
sarima,2014-03-01,12,2015-03-01,38461.9985,38210.4323,251.5662,0.6584
sarima,2014-04-01,1,2014-05-01,34330.1341,35309.2711,-979.137,-2.773
sarima,2014-04-01,2,2014-06-01,33684.7443,34120.949,-436.2047,-1.2784
sarima,2014-04-01,3,2014-07-01,33690.857,34146.1814,-455.3244,-1.3335
sarima,2014-04-01,4,2014-08-01,35241.9052,34537.1042,704.801,2.0407
sarima,2014-04-01,5,2014-09-01,36024.8435,36110.8825,-86.0389,-0.2383
sarima,2014-04-01,6,2014-10-01,36921.8148,37058.0356,-136.2209,-0.3676
sarima,2014-04-01,7,2014-11-01,36084.2453,36280.763,-196.5177,-0.5417
sarima,2014-04-01,8,2014-12-01,36616.5686,36171.1909,445.3777,1.2313
sarima,2014-04-01,9,2015-01-01,38174.7593,40467.7143,-2292.955,-5.6661
sarima,2014-04-01,10,2015-02-01,39799.2831,39133.7826,665.5005,1.7006
sarima,2014-04-01,11,2015-03-01,38081.2977,38210.4323,-129.1346,-0.338
sarima,2014-04-01,12,2015-04-01,36123.1402,35760.8064,362.3339,1.0132
sarima,2014-05-01,1,2014-06-01,34009.8904,34120.949,-111.0585,-0.3255
sarima,2014-05-01,2,2014-07-01,34015.6707,34146.1814,-130.5107,-0.3822
sarima,2014-05-01,3,2014-08-01,35579.5862,34537.1042,1042.482,3.0184
sarima,2014-05-01,4,2014-09-01,36370.2538,36110.8825,259.3714,0.7183
sarima,2014-05-01,5,2014-10-01,37274.7401,37058.0356,216.7045,0.5848
sarima,2014-05-01,6,2014-11-01,36432.8536,36280.763,152.0906,0.4192
sarima,2014-05-01,7,2014-12-01,36967.5446,36171.1909,796.3537,2.2016
sarima,2014-05-01,8,2015-01-01,38549.4204,40467.7143,-1918.2939,-4.7403
sarima,2014-05-01,9,2015-02-01,40187.6275,39133.7826,1053.8449,2.6929
sarima,2014-05-01,10,2015-03-01,38450.146,38210.4323,239.7137,0.6274
sarima,2014-05-01,11,2015-04-01,36472.4383,35760.8064,711.632,1.99
sarima,2014-05-01,12,2015-05-01,35805.9724,33218.0308,2587.9415,7.7908
sarima,2014-06-01,1,2014-07-01,34067.2613,34146.1814,-78.9201,-0.2311
sarima,2014-06-01,2,2014-08-01,35613.5372,34537.1042,1076.433,3.1167
sarima,2014-06-01,3,2014-09-01,36407.1396,36110.8825,296.2571,0.8204
sarima,2014-06-01,4,2014-10-01,37302.1378,37058.0356,244.1022,0.6587
sarima,2014-06-01,5,2014-11-01,36495.0185,36280.763,214.2555,0.5905
sarima,2014-06-01,6,2014-12-01,37004.0021,36171.1909,832.8112,2.3024
sarima,2014-06-01,7,2015-01-01,38671.4406,40467.7143,-1796.2737,-4.4388
sarima,2014-06-01,8,2015-02-01,40293.1173,39133.7826,1159.3348,2.9625
sarima,2014-06-01,9,2015-03-01,38524.8374,38210.4323,314.4051,0.8228
sarima,2014-06-01,10,2015-04-01,36537.6841,35760.8064,776.8778,2.1724
sarima,2014-06-01,11,2015-05-01,35891.0737,33218.0308,2673.0428,8.047
sarima,2014-06-01,12,2015-06-01,35056.7816,32475.565,2581.2166,7.9482
sarima,2014-07-01,1,2014-08-01,35637.4875,34537.1042,1100.3833,3.1861
sarima,2014-07-01,2,2014-09-01,36433.021,36110.8825,322.1385,0.8921
sarima,2014-07-01,3,2014-10-01,37321.9881,37058.0356,263.9524,0.7123
sarima,2014-07-01,4,2014-11-01,36537.1323,36280.763,256.3693,0.7066
sarima,2014-07-01,5,2014-12-01,37029.6451,36171.1909,858.4541,2.3733
sarima,2014-07-01,6,2015-01-01,38752.1721,40467.7143,-1715.5423,-4.2393
sarima,2014-07-01,7,2015-02-01,40363.3035,39133.7826,1229.5209,3.1418
sarima,2014-07-01,8,2015-03-01,38575.1196,38210.4323,364.6873,0.9544
sarima,2014-07-01,9,2015-04-01,36581.7795,35760.8064,820.9731,2.2957
sarima,2014-07-01,10,2015-05-01,35947.8916,33218.0308,2729.8607,8.218
sarima,2014-07-01,11,2015-06-01,35101.269,32475.565,2625.704,8.0852
sarima,2014-07-01,12,2015-07-01,35091.8331,33015.5469,2076.2862,6.2888
sarima,2014-08-01,1,2014-09-01,36236.5717,36110.8825,125.6892,0.3481
sarima,2014-08-01,2,2014-10-01,36801.1265,37058.0356,-256.9091,-0.6933
sarima,2014-08-01,3,2014-11-01,36304.9066,36280.763,24.1436,0.0665
sarima,2014-08-01,4,2014-12-01,36533.2447,36171.1909,362.0538,1.0009
sarima,2014-08-01,5,2015-01-01,37460.3536,40467.7143,-3007.3607,-7.4315
sarima,2014-08-01,6,2015-02-01,39452.8895,39133.7826,319.1069,0.8154
sarima,2014-08-01,7,2015-03-01,38426.3471,38210.4323,215.9148,0.5651
sarima,2014-08-01,8,2015-04-01,36676.3228,35760.8064,915.5165,2.5601
sarima,2014-08-01,9,2015-05-01,35570.1605,33218.0308,2352.1297,7.0809
sarima,2014-08-01,10,2015-06-01,34689.2143,32475.565,2213.6493,6.8164
sarima,2014-08-01,11,2015-07-01,34928.4615,33015.5469,1912.9146,5.794
sarima,2014-08-01,12,2015-08-01,35987.5062,33889.707,2097.7992,6.1901
sarima,2014-09-01,1,2014-10-01,36383.2976,37058.0356,-674.738,-1.8208
sarima,2014-09-01,2,2014-11-01,36280.5407,36280.763,-0.2223,-0.0006
sarima,2014-09-01,3,2014-12-01,36455.7884,36171.1909,284.5975,0.7868
sarima,2014-09-01,4,2015-01-01,37328.3391,40467.7143,-3139.3752,-7.7577
sarima,2014-09-01,5,2015-02-01,39341.5946,39133.7826,207.812,0.531
sarima,2014-09-01,6,2015-03-01,38385.2829,38210.4323,174.8506,0.4576
sarima,2014-09-01,7,2015-04-01,36648.5439,35760.8064,887.7375,2.4824
sarima,2014-09-01,8,2015-05-01,35524.8355,33218.0308,2306.8047,6.9444
sarima,2014-09-01,9,2015-06-01,34652.6527,32475.565,2177.0877,6.7038
sarima,2014-09-01,10,2015-07-01,34922.8041,33015.5469,1907.2572,5.7768
sarima,2014-09-01,11,2015-08-01,35995.0501,33889.707,2105.3431,6.2123
sarima,2014-09-01,12,2015-09-01,37071.7057,35495.7658,1575.9399,4.4398
sarima,2014-10-01,1,2014-11-01,36711.3531,36280.763,430.5901,1.1868
sarima,2014-10-01,2,2014-12-01,37227.9704,36171.1909,1056.7795,2.9216
sarima,2014-10-01,3,2015-01-01,37707.3208,40467.7143,-2760.3935,-6.8212
sarima,2014-10-01,4,2015-02-01,39935.2293,39133.7826,801.4467,2.048
sarima,2014-10-01,5,2015-03-01,39221.7806,38210.4323,1011.3483,2.6468
sarima,2014-10-01,6,2015-04-01,37494.3176,35760.8064,1733.5112,4.8475
sarima,2014-10-01,7,2015-05-01,36290.2523,33218.0308,3072.2214,9.2487
sarima,2014-10-01,8,2015-06-01,35434.4115,32475.565,2958.8465,9.111
sarima,2014-10-01,9,2015-07-01,35856.8298,33015.5469,2841.2828,8.6059
sarima,2014-10-01,10,2015-08-01,36990.3537,33889.707,3100.6468,9.1492
sarima,2014-10-01,11,2015-09-01,38046.3519,35495.7658,2550.5861,7.1856
sarima,2014-10-01,12,2015-10-01,38325.8046,36637.6374,1688.1672,4.6077
sarima,2014-11-01,1,2014-12-01,36786.0613,36171.1909,614.8704,1.6999
sarima,2014-11-01,2,2015-01-01,37914.6862,40467.7143,-2553.0281,-6.3088
sarima,2014-11-01,3,2015-02-01,39640.4836,39133.7826,506.701,1.2948
sarima,2014-11-01,4,2015-03-01,38065.6168,38210.4323,-144.8155,-0.379
sarima,2014-11-01,5,2015-04-01,36137.4454,35760.8064,376.639,1.0532
sarima,2014-11-01,6,2015-05-01,35365.4858,33218.0308,2147.4549,6.4647
sarima,2014-11-01,7,2015-06-01,34651.3551,32475.565,2175.7901,6.6998
sarima,2014-11-01,8,2015-07-01,34630.5134,33015.5469,1614.9665,4.8915
sarima,2014-11-01,9,2015-08-01,35343.1048,33889.707,1453.3979,4.2886
sarima,2014-11-01,10,2015-09-01,36615.191,35495.7658,1119.4252,3.1537
sarima,2014-11-01,11,2015-10-01,37450.1513,36637.6374,812.5139,2.2177
sarima,2014-11-01,12,2015-11-01,36992.9175,36322.0451,670.8724,1.847
sarima,2014-12-01,1,2015-01-01,37202.1449,40467.7143,-3265.5694,-8.0696
sarima,2014-12-01,2,2015-02-01,39095.5483,39133.7826,-38.2343,-0.0977
sarima,2014-12-01,3,2015-03-01,38430.6928,38210.4323,220.2605,0.5764
sarima,2014-12-01,4,2015-04-01,36726.034,35760.8064,965.2276,2.6991
sarima,2014-12-01,5,2015-05-01,35551.0073,33218.0308,2332.9764,7.0232
sarima,2014-12-01,6,2015-06-01,34711.0025,32475.565,2235.4375,6.8834
sarima,2014-12-01,7,2015-07-01,35125.4058,33015.5469,2109.8589,6.3905
sarima,2014-12-01,8,2015-08-01,36235.5736,33889.707,2345.8666,6.9221
sarima,2014-12-01,9,2015-09-01,37270.1139,35495.7658,1774.3482,4.9988
sarima,2014-12-01,10,2015-10-01,37543.827,36637.6374,906.1896,2.4734
sarima,2014-12-01,11,2015-11-01,37378.87,36322.0451,1056.8249,2.9096
sarima,2014-12-01,12,2015-12-01,37699.1301,36608.2814,1090.8487,2.9798
sarima,2015-01-01,1,2015-02-01,40683.0209,39133.7826,1549.2383,3.9588
sarima,2015-01-01,2,2015-03-01,38814.5495,38210.4323,604.1172,1.581
sarima,2015-01-01,3,2015-04-01,36794.7268,35760.8064,1033.9204,2.8912
sarima,2015-01-01,4,2015-05-01,36210.2145,33218.0308,2992.1837,9.0077
sarima,2015-01-01,5,2015-06-01,35314.1556,32475.565,2838.5906,8.7407
sarima,2015-01-01,6,2015-07-01,35308.8518,33015.5469,2293.3049,6.9461
sarima,2015-01-01,7,2015-08-01,35926.56,33889.707,2036.853,6.0102
sarima,2015-01-01,8,2015-09-01,37335.1136,35495.7658,1839.3478,5.1819
sarima,2015-01-01,9,2015-10-01,38229.5,36637.6374,1591.8626,4.3449
sarima,2015-01-01,10,2015-11-01,37649.5972,36322.0451,1327.5521,3.6549
sarima,2015-01-01,11,2015-12-01,37548.2037,36608.2814,939.9223,2.5675
sarima,2015-01-01,12,2016-01-01,41760.2413,36556.0508,5204.1905,14.2362
sarima,2015-02-01,1,2015-03-01,38328.3413,38210.4323,117.909,0.3086
sarima,2015-02-01,2,2015-04-01,36355.1388,35760.8064,594.3324,1.662
sarima,2015-02-01,3,2015-05-01,35697.4255,33218.0308,2479.3947,7.464
sarima,2015-02-01,4,2015-06-01,34879.321,32475.565,2403.756,7.4017
sarima,2015-02-01,5,2015-07-01,34867.7524,33015.5469,1852.2055,5.6101
sarima,2015-02-01,6,2015-08-01,35520.9232,33889.707,1631.2162,4.8133
sarima,2015-02-01,7,2015-09-01,36867.6254,35495.7658,1371.8596,3.8649
sarima,2015-02-01,8,2015-10-01,37733.7296,36637.6374,1096.0922,2.9917
sarima,2015-02-01,9,2015-11-01,37206.216,36322.0451,884.1709,2.4343
sarima,2015-02-01,10,2015-12-01,37108.5004,36608.2814,500.219,1.3664
sarima,2015-02-01,11,2016-01-01,41221.3584,36556.0508,4665.3076,12.7621
sarima,2015-02-01,12,2016-02-01,40739.4649,39524.4383,1215.0265,3.0741
sarima,2015-03-01,1,2015-04-01,36313.8489,35760.8064,553.0426,1.5465
sarima,2015-03-01,2,2015-05-01,35659.8802,33218.0308,2441.8494,7.351
sarima,2015-03-01,3,2015-06-01,34840.1913,32475.565,2364.6263,7.2812
sarima,2015-03-01,4,2015-07-01,34828.8726,33015.5469,1813.3256,5.4923
sarima,2015-03-01,5,2015-08-01,35479.6981,33889.707,1589.9911,4.6917
sarima,2015-03-01,6,2015-09-01,36826.5558,35495.7658,1330.79,3.7492
sarima,2015-03-01,7,2015-10-01,37692.3343,36637.6374,1054.6969,2.8787
sarima,2015-03-01,8,2015-11-01,37163.7193,36322.0451,841.6742,2.3173
sarima,2015-03-01,9,2015-12-01,37066.0223,36608.2814,457.7409,1.2504
sarima,2015-03-01,10,2016-01-01,41176.037,36556.0508,4619.9862,12.6381
sarima,2015-03-01,11,2016-02-01,40689.0504,39524.4383,1164.6121,2.9466
sarima,2015-03-01,12,2016-03-01,39241.0853,38455.003,786.0823,2.0442
sarima,2015-04-01,1,2015-05-01,35473.6427,33218.0308,2255.6118,6.7903
sarima,2015-04-01,2,2015-06-01,34662.7715,32475.565,2187.2064,6.7349
sarima,2015-04-01,3,2015-07-01,34651.0708,33015.5469,1635.5238,4.9538
sarima,2015-04-01,4,2015-08-01,35301.5746,33889.707,1411.8676,4.1661
sarima,2015-04-01,5,2015-09-01,36638.4811,35495.7658,1142.7153,3.2193
sarima,2015-04-01,6,2015-10-01,37498.6519,36637.6374,861.0145,2.3501
sarima,2015-04-01,7,2015-11-01,36975.8712,36322.0451,653.8261,1.8001
sarima,2015-04-01,8,2015-12-01,36878.8406,36608.2814,270.5592,0.7391
sarima,2015-04-01,9,2016-01-01,40964.6393,36556.0508,4408.5885,12.0598
sarima,2015-04-01,10,2016-02-01,40490.5882,39524.4383,966.1499,2.4444
sarima,2015-04-01,11,2016-03-01,39043.9334,38455.003,588.9303,1.5315
sarima,2015-04-01,12,2016-04-01,36667.6333,37695.7025,-1028.0692,-2.7273
sarima,2015-05-01,1,2015-06-01,33868.6658,32475.565,1393.1008,4.2897
sarima,2015-05-01,2,2015-07-01,33854.4657,33015.5469,838.9188,2.541
sarima,2015-05-01,3,2015-08-01,34508.9107,33889.707,619.2038,1.8271
sarima,2015-05-01,4,2015-09-01,35795.7166,35495.7658,299.9508,0.845
sarima,2015-05-01,5,2015-10-01,36628.6353,36637.6374,-9.0021,-0.0246
sarima,2015-05-01,6,2015-11-01,36137.6143,36322.0451,-184.4308,-0.5078
sarima,2015-05-01,7,2015-12-01,36043.8698,36608.2814,-564.4116,-1.5418
sarima,2015-05-01,8,2016-01-01,40015.3767,36556.0508,3459.3259,9.4631
sarima,2015-05-01,9,2016-02-01,39618.0528,39524.4383,93.6145,0.2369
sarima,2015-05-01,10,2016-03-01,38166.3275,38455.003,-288.6756,-0.7507
sarima,2015-05-01,11,2016-04-01,35852.8639,37695.7025,-1842.8387,-4.8887
sarima,2015-05-01,12,2016-05-01,34172.6744,33979.3809,193.2935,0.5689
sarima,2015-06-01,1,2015-07-01,33121.795,33015.5469,106.248,0.3218
sarima,2015-06-01,2,2015-08-01,33745.556,33889.707,-144.151,-0.4254
sarima,2015-06-01,3,2015-09-01,35021.4448,35495.7658,-474.321,-1.3363
sarima,2015-06-01,4,2015-10-01,35842.8748,36637.6374,-794.7626,-2.1693
sarima,2015-06-01,5,2015-11-01,35345.221,36322.0451,-976.8241,-2.6893
sarima,2015-06-01,6,2015-12-01,35252.5825,36608.2814,-1355.6989,-3.7033
sarima,2015-06-01,7,2016-01-01,39155.941,36556.0508,2599.8902,7.1121
sarima,2015-06-01,8,2016-02-01,38709.6594,39524.4383,-814.7789,-2.0615
sarima,2015-06-01,9,2016-03-01,37322.8647,38455.003,-1132.1383,-2.9441
sarima,2015-06-01,10,2016-04-01,35052.293,37695.7025,-2643.4096,-7.0125
sarima,2015-06-01,11,2016-05-01,33355.3995,33979.3809,-623.9814,-1.8364
sarima,2015-06-01,12,2016-06-01,32476.968,33271.7115,-794.7435,-2.3886
sarima,2015-07-01,1,2015-08-01,33652.29,33889.707,-237.417,-0.7006
sarima,2015-07-01,2,2015-09-01,34932.903,35495.7658,-562.8628,-1.5857
sarima,2015-07-01,3,2015-10-01,35755.3254,36637.6374,-882.312,-2.4082
sarima,2015-07-01,4,2015-11-01,35250.8192,36322.0451,-1071.2259,-2.9492
sarima,2015-07-01,5,2015-12-01,35157.9819,36608.2814,-1450.2995,-3.9617
sarima,2015-07-01,6,2016-01-01,39059.8184,36556.0508,2503.7676,6.8491
sarima,2015-07-01,7,2016-02-01,38587.6324,39524.4383,-936.8059,-2.3702
sarima,2015-07-01,8,2016-03-01,37220.0859,38455.003,-1234.9172,-3.2113
sarima,2015-07-01,9,2016-04-01,34951.8969,37695.7025,-2743.8056,-7.2788
sarima,2015-07-01,10,2016-05-01,33234.4125,33979.3809,-744.9684,-2.1924
sarima,2015-07-01,11,2016-06-01,32363.3582,33271.7115,-908.3533,-2.7301
sarima,2015-07-01,12,2016-07-01,32725.7331,33182.5985,-456.8654,-1.3768
sarima,2015-08-01,1,2015-09-01,35051.1864,35495.7658,-444.5794,-1.2525
sarima,2015-08-01,2,2015-10-01,35871.5379,36637.6374,-766.0995,-2.091
sarima,2015-08-01,3,2015-11-01,35378.1556,36322.0451,-943.8896,-2.5987
sarima,2015-08-01,4,2015-12-01,35285.6891,36608.2814,-1322.5923,-3.6128
sarima,2015-08-01,5,2016-01-01,39187.5317,36556.0508,2631.4809,7.1985
sarima,2015-08-01,6,2016-02-01,38756.5228,39524.4383,-767.9155,-1.9429
sarima,2015-08-01,7,2016-03-01,37359.4339,38455.003,-1095.5692,-2.849
sarima,2015-08-01,8,2016-04-01,35088.878,37695.7025,-2606.8245,-6.9154
sarima,2015-08-01,9,2016-05-01,33404.9599,33979.3809,-574.421,-1.6905
sarima,2015-08-01,10,2016-06-01,32522.7936,33271.7115,-748.9179,-2.2509
sarima,2015-08-01,11,2016-07-01,32877.8587,33182.5985,-304.7398,-0.9184
sarima,2015-08-01,12,2016-08-01,33570.8518,34310.1087,-739.2569,-2.1546
sarima,2015-09-01,1,2015-10-01,36072.4167,36637.6374,-565.2207,-1.5427
sarima,2015-09-01,2,2015-11-01,35576.4929,36322.0451,-745.5522,-2.0526
sarima,2015-09-01,3,2015-12-01,35483.5203,36608.2814,-1124.7611,-3.0724
sarima,2015-09-01,4,2016-01-01,39406.9931,36556.0508,2850.9423,7.7988
sarima,2015-09-01,5,2016-02-01,38974.3121,39524.4383,-550.1262,-1.3919
sarima,2015-09-01,6,2016-03-01,37568.9637,38455.003,-886.0394,-2.3041
sarima,2015-09-01,7,2016-04-01,35285.7797,37695.7025,-2409.9228,-6.3931
sarima,2015-09-01,8,2016-05-01,33593.1119,33979.3809,-386.269,-1.1368
sarima,2015-09-01,9,2016-06-01,32705.8617,33271.7115,-565.8498,-1.7007
sarima,2015-09-01,10,2016-07-01,33062.7676,33182.5985,-119.8309,-0.3611
sarima,2015-09-01,11,2016-08-01,33759.5072,34310.1087,-550.6014,-1.6048
sarima,2015-09-01,12,2016-09-01,35337.3581,34770.657,566.7011,1.6298
sarima,2015-10-01,1,2015-11-01,35819.4441,36322.0451,-502.601,-1.3837
sarima,2015-10-01,2,2015-12-01,35725.8087,36608.2814,-882.4727,-2.4106
sarima,2015-10-01,3,2016-01-01,39676.6309,36556.0508,3120.5801,8.5364
sarima,2015-10-01,4,2016-02-01,39239.3017,39524.4383,-285.1366,-0.7214
sarima,2015-10-01,5,2016-03-01,37825.328,38455.003,-629.675,-1.6374
sarima,2015-10-01,6,2016-04-01,35526.3221,37695.7025,-2169.3804,-5.755
sarima,2015-10-01,7,2016-05-01,33820.5235,33979.3809,-158.8574,-0.4675
sarima,2015-10-01,8,2016-06-01,32927.5291,33271.7115,-344.1824,-1.0345
sarima,2015-10-01,9,2016-07-01,33287.213,33182.5985,104.6145,0.3153
sarima,2015-10-01,10,2016-08-01,33989.0257,34310.1087,-321.0829,-0.9358
sarima,2015-10-01,11,2016-09-01,35577.6463,34770.657,806.9893,2.3209
sarima,2015-10-01,12,2016-10-01,36646.5224,35154.594,1491.9285,4.2439
sarima,2015-11-01,1,2015-12-01,35950.3626,36608.2814,-657.9188,-1.7972
sarima,2015-11-01,2,2016-01-01,39926.9772,36556.0508,3370.9264,9.2213
sarima,2015-11-01,3,2016-02-01,39483.9929,39524.4383,-40.4454,-0.1023
sarima,2015-11-01,4,2016-03-01,38062.7972,38455.003,-392.2059,-1.0199
sarima,2015-11-01,5,2016-04-01,35748.943,37695.7025,-1946.7595,-5.1644
sarima,2015-11-01,6,2016-05-01,34029.7238,33979.3809,50.343,0.1482
sarima,2015-11-01,7,2016-06-01,33131.6556,33271.7115,-140.0559,-0.4209
sarima,2015-11-01,8,2016-07-01,33494.1853,33182.5985,311.5869,0.939
sarima,2015-11-01,9,2016-08-01,34200.9508,34310.1087,-109.1579,-0.3182
sarima,2015-11-01,10,2016-09-01,35799.5494,34770.657,1028.8923,2.9591
sarima,2015-11-01,11,2016-10-01,36875.3407,35154.594,1720.7467,4.8948
sarima,2015-11-01,12,2016-11-01,36394.7667,34743.5067,1651.26,4.7527
sarima,2015-12-01,1,2016-01-01,40268.6712,36556.0508,3712.6204,10.156
sarima,2015-12-01,2,2016-02-01,39820.284,39524.4383,295.8457,0.7485
sarima,2015-12-01,3,2016-03-01,38387.8718,38455.003,-67.1312,-0.1746
sarima,2015-12-01,4,2016-04-01,36054.0253,37695.7025,-1641.6773,-4.3551
sarima,2015-12-01,5,2016-05-01,34318.6139,33979.3809,339.233,0.9983
sarima,2015-12-01,6,2016-06-01,33413.1721,33271.7115,141.4606,0.4252
sarima,2015-12-01,7,2016-07-01,33779.125,33182.5985,596.5266,1.7977
sarima,2015-12-01,8,2016-08-01,34492.2309,34310.1087,182.1222,0.5308
sarima,2015-12-01,9,2016-09-01,36104.4849,34770.657,1333.8278,3.8361
sarima,2015-12-01,10,2016-10-01,37189.578,35154.594,2034.984,5.7887
sarima,2015-12-01,11,2016-11-01,36705.2055,34743.5067,1961.6988,5.6462
sarima,2015-12-01,12,2016-12-01,36851.7698,35760.8785,1090.8913,3.0505
sarima,2016-01-01,1,2016-02-01,38509.0446,39524.4383,-1015.3937,-2.569
sarima,2016-01-01,2,2016-03-01,37166.2415,38455.003,-1288.7615,-3.3513
sarima,2016-01-01,3,2016-04-01,35629.7125,37695.7025,-2065.99,-5.4807
sarima,2016-01-01,4,2016-05-01,34091.1549,33979.3809,111.774,0.3289
sarima,2016-01-01,5,2016-06-01,33309.3098,33271.7115,37.5983,0.113
sarima,2016-01-01,6,2016-07-01,33595.0202,33182.5985,412.4218,1.2429
sarima,2016-01-01,7,2016-08-01,34690.7732,34310.1087,380.6646,1.1095
sarima,2016-01-01,8,2016-09-01,35725.6723,34770.657,955.0153,2.7466
sarima,2016-01-01,9,2016-10-01,36203.7785,35154.594,1049.1845,2.9845
sarima,2016-01-01,10,2016-11-01,35688.2202,34743.5067,944.7135,2.7191
sarima,2016-01-01,11,2016-12-01,36240.9121,35760.8785,480.0335,1.3423
sarima,2016-01-01,12,2017-01-01,37303.6644,38977.4158,-1673.7514,-4.2942
sarima,2016-02-01,1,2016-03-01,37759.951,38455.003,-695.052,-1.8074
sarima,2016-02-01,2,2016-04-01,36394.9232,37695.7025,-1300.7793,-3.4507
sarima,2016-02-01,3,2016-05-01,34760.5878,33979.3809,781.2069,2.2991
sarima,2016-02-01,4,2016-06-01,33993.2659,33271.7115,721.5544,2.1687
sarima,2016-02-01,5,2016-07-01,34274.708,33182.5985,1092.1096,3.2912
sarima,2016-02-01,6,2016-08-01,35405.3825,34310.1087,1095.2738,3.1923
sarima,2016-02-01,7,2016-09-01,36444.541,34770.657,1673.8839,4.8141
sarima,2016-02-01,8,2016-10-01,36910.1532,35154.594,1755.5592,4.9938
sarima,2016-02-01,9,2016-11-01,36385.3803,34743.5067,1641.8736,4.7257
sarima,2016-02-01,10,2016-12-01,36964.3486,35760.8785,1203.4701,3.3653
sarima,2016-02-01,11,2017-01-01,38024.0021,38977.4158,-953.4136,-2.4461
sarima,2016-02-01,12,2017-02-01,39799.6368,40063.0993,-263.4625,-0.6576
sarima,2016-03-01,1,2016-04-01,36796.5192,37695.7025,-899.1833,-2.3854
sarima,2016-03-01,2,2016-05-01,35117.1884,33979.3809,1137.8075,3.3485
sarima,2016-03-01,3,2016-06-01,34353.1796,33271.7115,1081.4681,3.2504
sarima,2016-03-01,4,2016-07-01,34632.8373,33182.5985,1450.2388,4.3705
sarima,2016-03-01,5,2016-08-01,35777.4125,34310.1087,1467.3038,4.2766
sarima,2016-03-01,6,2016-09-01,36826.5706,34770.657,2055.9135,5.9128
sarima,2016-03-01,7,2016-10-01,37297.4124,35154.594,2142.8184,6.0954
sarima,2016-03-01,8,2016-11-01,36766.9779,34743.5067,2023.4712,5.824
sarima,2016-03-01,9,2016-12-01,37352.107,35760.8785,1591.2285,4.4496
sarima,2016-03-01,10,2017-01-01,38422.8128,38977.4158,-554.603,-1.4229
sarima,2016-03-01,11,2017-02-01,40217.1063,40063.0993,154.007,0.3844
sarima,2016-03-01,12,2017-03-01,39038.9085,39435.9515,-397.043,-1.0068
sarima,2016-04-01,1,2016-05-01,35615.0223,33979.3809,1635.6414,4.8136
sarima,2016-04-01,2,2016-06-01,34833.1308,33271.7115,1561.4193,4.6929
sarima,2016-04-01,3,2016-07-01,35118.7938,33182.5985,1936.1953,5.835
sarima,2016-04-01,4,2016-08-01,36278.8879,34310.1087,1968.7792,5.7382
sarima,2016-04-01,5,2016-09-01,37342.832,34770.657,2572.175,7.3975
sarima,2016-04-01,6,2016-10-01,37820.2962,35154.594,2665.7023,7.5828
sarima,2016-04-01,7,2016-11-01,37282.3906,34743.5067,2538.8839,7.3075
sarima,2016-04-01,8,2016-12-01,37875.7499,35760.8785,2114.8714,5.9139
sarima,2016-04-01,9,2017-01-01,38961.4468,38977.4158,-15.969,-0.041
sarima,2016-04-01,10,2017-02-01,40780.9048,40063.0993,717.8056,1.7917
sarima,2016-04-01,11,2017-03-01,39586.186,39435.9515,150.2345,0.381
sarima,2016-04-01,12,2017-04-01,38066.928,35806.0063,2260.9217,6.3144
sarima,2016-05-01,1,2016-06-01,33948.6365,33271.7115,676.925,2.0345
sarima,2016-05-01,2,2016-07-01,33799.3204,33182.5985,616.7219,1.8586
sarima,2016-05-01,3,2016-08-01,35113.2259,34310.1087,803.1173,2.3408
sarima,2016-05-01,4,2016-09-01,36051.784,34770.657,1281.1269,3.6845
sarima,2016-05-01,5,2016-10-01,36554.1491,35154.594,1399.5552,3.9811
sarima,2016-05-01,6,2016-11-01,36015.9692,34743.5067,1272.4625,3.6624
sarima,2016-05-01,7,2016-12-01,36597.4693,35760.8785,836.5908,2.3394
sarima,2016-05-01,8,2017-01-01,37642.7272,38977.4158,-1334.6886,-3.4243
sarima,2016-05-01,9,2017-02-01,39402.376,40063.0993,-660.7233,-1.6492
sarima,2016-05-01,10,2017-03-01,38247.2612,39435.9515,-1188.6903,-3.0142
sarima,2016-05-01,11,2017-04-01,36779.7176,35806.0063,973.7113,2.7194
sarima,2016-05-01,12,2017-05-01,34755.6551,34414.136,341.5191,0.9924
sarima,2016-06-01,1,2016-07-01,33429.5476,33182.5985,246.9491,0.7442
sarima,2016-06-01,2,2016-08-01,34735.9157,34310.1087,425.807,1.2411
sarima,2016-06-01,3,2016-09-01,35667.1413,34770.657,896.4842,2.5783
sarima,2016-06-01,4,2016-10-01,36160.5895,35154.594,1005.9955,2.8616
sarima,2016-06-01,5,2016-11-01,35630.8483,34743.5067,887.3416,2.554
sarima,2016-06-01,6,2016-12-01,36204.3992,35760.8785,443.5207,1.2402
sarima,2016-06-01,7,2017-01-01,37239.5161,38977.4158,-1737.8997,-4.4587
sarima,2016-06-01,8,2017-02-01,38979.6993,40063.0993,-1083.4,-2.7042
sarima,2016-06-01,9,2017-03-01,37837.2361,39435.9515,-1598.7154,-4.054
sarima,2016-06-01,10,2017-04-01,36385.268,35806.0063,579.2617,1.6178
sarima,2016-06-01,11,2017-05-01,34382.8345,34414.136,-31.3015,-0.091
sarima,2016-06-01,12,2017-06-01,33522.1148,33858.7829,-336.668,-0.9943
sarima,2016-07-01,1,2016-08-01,34837.7525,34310.1087,527.6438,1.5379
sarima,2016-07-01,2,2016-09-01,35925.0818,34770.657,1154.4247,3.3201
sarima,2016-07-01,3,2016-10-01,36433.3571,35154.594,1278.7631,3.6375
sarima,2016-07-01,4,2016-11-01,35913.3881,34743.5067,1169.8814,3.3672
sarima,2016-07-01,5,2016-12-01,36450.8967,35760.8785,690.0182,1.9295
sarima,2016-07-01,6,2017-01-01,37548.7458,38977.4158,-1428.67,-3.6654
sarima,2016-07-01,7,2017-02-01,39268.0056,40063.0993,-795.0936,-1.9846
sarima,2016-07-01,8,2017-03-01,38117.1676,39435.9515,-1318.7839,-3.3441
sarima,2016-07-01,9,2017-04-01,36643.2299,35806.0063,837.2235,2.3382
sarima,2016-07-01,10,2017-05-01,34573.474,34414.136,159.338,0.463
sarima,2016-07-01,11,2017-06-01,33715.8304,33858.7829,-142.9524,-0.4222
sarima,2016-07-01,12,2017-07-01,33889.5781,32552.0376,1337.5405,4.1089
sarima,2016-08-01,1,2016-09-01,35328.5845,34770.657,557.9275,1.6046
sarima,2016-08-01,2,2016-10-01,36017.3187,35154.594,862.7247,2.4541
sarima,2016-08-01,3,2016-11-01,35402.9504,34743.5067,659.4437,1.898
sarima,2016-08-01,4,2016-12-01,36011.606,35760.8785,250.7275,0.7011
sarima,2016-08-01,5,2017-01-01,37023.5774,38977.4158,-1953.8384,-5.0127
sarima,2016-08-01,6,2017-02-01,38761.8009,40063.0993,-1301.2984,-3.2481
sarima,2016-08-01,7,2017-03-01,37622.312,39435.9515,-1813.6395,-4.5989
sarima,2016-08-01,8,2017-04-01,36180.069,35806.0063,374.0626,1.0447
sarima,2016-08-01,9,2017-05-01,34188.5013,34414.136,-225.6347,-0.6556
sarima,2016-08-01,10,2017-06-01,33332.8758,33858.7829,-525.9071,-1.5532
sarima,2016-08-01,11,2017-07-01,33510.0847,32552.0376,958.0471,2.9431
sarima,2016-08-01,12,2017-08-01,34764.7638,33822.7218,942.042,2.7852
sarima,2016-09-01,1,2016-10-01,35681.2258,35154.594,526.6318,1.498
sarima,2016-09-01,2,2016-11-01,34995.4934,34743.5067,251.9867,0.7253
sarima,2016-09-01,3,2016-12-01,35626.2108,35760.8785,-134.6677,-0.3766
sarima,2016-09-01,4,2017-01-01,36616.4619,38977.4158,-2360.9539,-6.0572
sarima,2016-09-01,5,2017-02-01,38339.6276,40063.0993,-1723.4716,-4.3019
sarima,2016-09-01,6,2017-03-01,37211.1936,39435.9515,-2224.7579,-5.6414
sarima,2016-09-01,7,2017-04-01,35785.1363,35806.0063,-20.8701,-0.0583
sarima,2016-09-01,8,2017-05-01,33815.1827,34414.136,-598.9533,-1.7404
sarima,2016-09-01,9,2017-06-01,32968.9304,33858.7829,-889.8524,-2.6281
sarima,2016-09-01,10,2017-07-01,33144.1999,32552.0376,592.1623,1.8191
sarima,2016-09-01,11,2017-08-01,34385.1753,33822.7218,562.4535,1.6629
sarima,2016-09-01,12,2017-09-01,35260.6256,35533.9745,-273.3489,-0.7693
sarima,2016-10-01,1,2016-11-01,34690.2347,34743.5067,-53.272,-0.1533
sarima,2016-10-01,2,2016-12-01,35037.9228,35760.8785,-722.9557,-2.0216
sarima,2016-10-01,3,2017-01-01,36128.8916,38977.4158,-2848.5242,-7.3081
sarima,2016-10-01,4,2017-02-01,37778.6367,40063.0993,-2284.4625,-5.7022
sarima,2016-10-01,5,2017-03-01,36686.8609,39435.9515,-2749.0906,-6.971
sarima,2016-10-01,6,2017-04-01,35272.9257,35806.0063,-533.0806,-1.4888
sarima,2016-10-01,7,2017-05-01,33334.2691,34414.136,-1079.8668,-3.1379
sarima,2016-10-01,8,2017-06-01,32498.8089,33858.7829,-1359.974,-4.0166
sarima,2016-10-01,9,2017-07-01,32672.0934,32552.0376,120.0558,0.3688
sarima,2016-10-01,10,2017-08-01,33895.1734,33822.7218,72.4517,0.2142
sarima,2016-10-01,11,2017-09-01,34758.2405,35533.9745,-775.7341,-2.1831
sarima,2016-10-01,12,2017-10-01,35409.1813,36565.8335,-1156.6522,-3.1632
sarima,2016-11-01,1,2016-12-01,35074.2629,35760.8785,-686.6156,-1.92
sarima,2016-11-01,2,2017-01-01,36200.8573,38977.4158,-2776.5585,-7.1235
sarima,2016-11-01,3,2017-02-01,37842.2481,40063.0993,-2220.8512,-5.5434
sarima,2016-11-01,4,2017-03-01,36752.0787,39435.9515,-2683.8728,-6.8057
sarima,2016-11-01,5,2017-04-01,35334.7181,35806.0063,-471.2882,-1.3162
sarima,2016-11-01,6,2017-05-01,33392.8589,34414.136,-1021.2771,-2.9676
sarima,2016-11-01,7,2017-06-01,32555.9158,33858.7829,-1302.8671,-3.8479
sarima,2016-11-01,8,2017-07-01,32729.4866,32552.0376,177.449,0.5451
sarima,2016-11-01,9,2017-08-01,33954.7348,33822.7218,132.013,0.3903
sarima,2016-11-01,10,2017-09-01,34819.3061,35533.9745,-714.6684,-2.0112
sarima,2016-11-01,11,2017-10-01,35471.3963,36565.8335,-1094.4372,-2.9931
sarima,2016-11-01,12,2017-11-01,34902.5724,35790.6351,-888.0628,-2.4813
sarima,2016-12-01,1,2017-01-01,36626.4778,38977.4158,-2350.938,-6.0315
sarima,2016-12-01,2,2017-02-01,38309.1839,40063.0993,-1753.9154,-4.3779
sarima,2016-12-01,3,2017-03-01,37197.5887,39435.9515,-2238.3628,-5.6759
sarima,2016-12-01,4,2017-04-01,35765.8981,35806.0063,-40.1082,-0.112
sarima,2016-12-01,5,2017-05-01,33799.3444,34414.136,-614.7915,-1.7865
sarima,2016-12-01,6,2017-06-01,32952.5734,33858.7829,-906.2095,-2.6764
sarima,2016-12-01,7,2017-07-01,33128.1256,32552.0376,576.0881,1.7697
sarima,2016-12-01,8,2017-08-01,34368.3483,33822.7218,545.6265,1.6132
sarima,2016-12-01,9,2017-09-01,35243.4321,35533.9745,-290.5425,-0.8176
sarima,2016-12-01,10,2017-10-01,35903.4721,36565.8335,-662.3614,-1.8114
sarima,2016-12-01,11,2017-11-01,35327.7167,35790.6351,-462.9185,-1.2934
sarima,2016-12-01,12,2017-12-01,35840.485,36736.4746,-895.9896,-2.439
sarima,2017-01-01,1,2017-02-01,38792.7249,40063.0993,-1270.3744,-3.1709
sarima,2017-01-01,2,2017-03-01,37812.2526,39435.9515,-1623.6989,-4.1173
sarima,2017-01-01,3,2017-04-01,36191.5075,35806.0063,385.5011,1.0766
sarima,2017-01-01,4,2017-05-01,33132.296,34414.136,-1281.84,-3.7247
sarima,2017-01-01,5,2017-06-01,32416.2238,33858.7829,-1442.5591,-4.2605
sarima,2017-01-01,6,2017-07-01,32650.3967,32552.0376,98.3591,0.3022
sarima,2017-01-01,7,2017-08-01,33633.3819,33822.7218,-189.3399,-0.5598
sarima,2017-01-01,8,2017-09-01,34668.8626,35533.9745,-865.1119,-2.4346
sarima,2017-01-01,9,2017-10-01,35427.2305,36565.8335,-1138.603,-3.1138
sarima,2017-01-01,10,2017-11-01,35069.1385,35790.6351,-721.4967,-2.0159
sarima,2017-01-01,11,2017-12-01,35707.3092,36736.4746,-1029.1654,-2.8015
sarima,2017-01-01,12,2018-01-01,37202.0739,39014.7803,-1812.7064,-4.6462
sarima,2017-02-01,1,2017-03-01,38150.609,39435.9515,-1285.3425,-3.2593
sarima,2017-02-01,2,2017-04-01,36540.5194,35806.0063,734.5131,2.0514
sarima,2017-02-01,3,2017-05-01,33436.8693,34414.136,-977.2666,-2.8397
sarima,2017-02-01,4,2017-06-01,32714.9728,33858.7829,-1143.8101,-3.3782
sarima,2017-02-01,5,2017-07-01,32941.91,32552.0376,389.8724,1.1977
sarima,2017-02-01,6,2017-08-01,33937.3464,33822.7218,114.6247,0.3389
sarima,2017-02-01,7,2017-09-01,34965.0384,35533.9745,-568.9362,-1.6011
sarima,2017-02-01,8,2017-10-01,35718.8976,36565.8335,-846.9359,-2.3162
sarima,2017-02-01,9,2017-11-01,35356.2215,35790.6351,-434.4137,-1.2138
sarima,2017-02-01,10,2017-12-01,36010.8673,36736.4746,-725.6073,-1.9752
sarima,2017-02-01,11,2018-01-01,37567.2231,39014.7803,-1447.5572,-3.7103
sarima,2017-02-01,12,2018-02-01,39603.8877,38534.2142,1069.6735,2.7759
sarima,2017-03-01,1,2017-04-01,37044.3146,35806.0063,1238.3083,3.4584
sarima,2017-03-01,2,2017-05-01,34742.548,34414.136,328.412,0.9543
sarima,2017-03-01,3,2017-06-01,33769.977,33858.7829,-88.8059,-0.2623
sarima,2017-03-01,4,2017-07-01,33907.6057,32552.0376,1355.5681,4.1643
sarima,2017-03-01,5,2017-08-01,35158.7635,33822.7218,1336.0417,3.9501
sarima,2017-03-01,6,2017-09-01,36046.9839,35533.9745,513.0093,1.4437
sarima,2017-03-01,7,2017-10-01,36719.2779,36565.8335,153.4444,0.4196
sarima,2017-03-01,8,2017-11-01,36129.5184,35790.6351,338.8833,0.9468
sarima,2017-03-01,9,2017-12-01,36653.5074,36736.4746,-82.9672,-0.2258
sarima,2017-03-01,10,2018-01-01,38152.8795,39014.7803,-861.9008,-2.2092
sarima,2017-03-01,11,2018-02-01,39697.9465,38534.2142,1163.7324,3.02
sarima,2017-03-01,12,2018-03-01,38828.1663,40027.9812,-1199.815,-2.9974
sarima,2017-04-01,1,2017-05-01,33451.5458,34414.136,-962.5901,-2.7971
sarima,2017-04-01,2,2017-06-01,32729.1158,33858.7829,-1129.6671,-3.3364
sarima,2017-04-01,3,2017-07-01,32958.8346,32552.0376,406.7971,1.2497
sarima,2017-04-01,4,2017-08-01,33953.7325,33822.7218,131.0107,0.3873
sarima,2017-04-01,5,2017-09-01,34986.819,35533.9745,-547.1556,-1.5398
sarima,2017-04-01,6,2017-10-01,35744.2871,36565.8335,-821.5464,-2.2468
sarima,2017-04-01,7,2017-11-01,35381.8207,35790.6351,-408.8144,-1.1422
sarima,2017-04-01,8,2017-12-01,36033.7249,36736.4746,-702.7497,-1.9129
sarima,2017-04-01,9,2018-01-01,37577.0932,39014.7803,-1437.6871,-3.685
sarima,2017-04-01,10,2018-02-01,39622.8065,38534.2142,1088.5923,2.825
sarima,2017-04-01,11,2018-03-01,38773.8527,40027.9812,-1254.1286,-3.1331
sarima,2017-04-01,12,2018-04-01,36592.8576,36668.6995,-75.8419,-0.2068
sarima,2017-05-01,1,2017-06-01,32921.4951,33858.7829,-937.2877,-2.7682
sarima,2017-05-01,2,2017-07-01,33143.9685,32552.0376,591.9309,1.8184
sarima,2017-05-01,3,2017-08-01,34147.8177,33822.7218,325.0959,0.9612
sarima,2017-05-01,4,2017-09-01,35171.123,35533.9745,-362.8515,-1.0211
sarima,2017-05-01,5,2017-10-01,35922.5318,36565.8335,-643.3017,-1.7593
sarima,2017-05-01,6,2017-11-01,35556.7615,35790.6351,-233.8736,-0.6534
sarima,2017-05-01,7,2017-12-01,36222.1816,36736.4746,-514.293,-1.4
sarima,2017-05-01,8,2018-01-01,37818.3803,39014.7803,-1196.4001,-3.0665
sarima,2017-05-01,9,2018-02-01,39849.9481,38534.2142,1315.7339,3.4145
sarima,2017-05-01,10,2018-03-01,39002.274,40027.9812,-1025.7073,-2.5625
sarima,2017-05-01,11,2018-04-01,36770.3057,36668.6995,101.6062,0.2771
sarima,2017-05-01,12,2018-05-01,34244.8795,34197.8245,47.055,0.1376
sarima,2017-06-01,1,2017-07-01,33851.0316,32552.0376,1298.994,3.9905
sarima,2017-06-01,2,2017-08-01,35081.6174,33822.7218,1258.8956,3.722
sarima,2017-06-01,3,2017-09-01,35988.9911,35533.9745,455.0166,1.2805
sarima,2017-06-01,4,2017-10-01,36657.5886,36565.8335,91.7551,0.2509
sarima,2017-06-01,5,2017-11-01,36071.7377,35790.6351,281.1026,0.7854
sarima,2017-06-01,6,2017-12-01,36594.5443,36736.4746,-141.9303,-0.3863
sarima,2017-06-01,7,2018-01-01,38089.8614,39014.7803,-924.919,-2.3707
sarima,2017-06-01,8,2018-02-01,39633.0585,38534.2142,1098.8443,2.8516
sarima,2017-06-01,9,2018-03-01,38764.9861,40027.9812,-1262.9952,-3.1553
sarima,2017-06-01,10,2018-04-01,36682.3434,36668.6995,13.644,0.0372
sarima,2017-06-01,11,2018-05-01,34700.2295,34197.8245,502.405,1.4691
sarima,2017-06-01,12,2018-06-01,33866.1335,33858.1352,7.9983,0.0236
sarima,2017-07-01,1,2017-08-01,34175.869,33822.7218,353.1473,1.0441
sarima,2017-07-01,2,2017-09-01,35191.8586,35533.9745,-342.1159,-0.9628
sarima,2017-07-01,3,2017-10-01,35938.4856,36565.8335,-627.3479,-1.7157
sarima,2017-07-01,4,2017-11-01,35571.7749,35790.6351,-218.8602,-0.6115
sarima,2017-07-01,5,2017-12-01,36242.8286,36736.4746,-493.646,-1.3437
sarima,2017-07-01,6,2018-01-01,37863.2326,39014.7803,-1151.5477,-2.9516
sarima,2017-07-01,7,2018-02-01,39883.0221,38534.2142,1348.8079,3.5003
sarima,2017-07-01,8,2018-03-01,39037.8417,40027.9812,-990.1395,-2.4736
sarima,2017-07-01,9,2018-04-01,36784.0219,36668.6995,115.3224,0.3145
sarima,2017-07-01,10,2018-05-01,34273.1033,34197.8245,75.2788,0.2201
sarima,2017-07-01,11,2018-06-01,33642.1249,33858.1352,-216.0103,-0.638
sarima,2017-07-01,12,2018-07-01,32923.1805,33919.2557,-996.0753,-2.9366
sarima,2017-08-01,1,2017-09-01,35115.6748,35533.9745,-418.2998,-1.1772
sarima,2017-08-01,2,2017-10-01,35866.2395,36565.8335,-699.594,-1.9132
sarima,2017-08-01,3,2017-11-01,35501.0933,35790.6351,-289.5418,-0.809
sarima,2017-08-01,4,2017-12-01,36165.1226,36736.4746,-571.352,-1.5553
sarima,2017-08-01,5,2018-01-01,37757.2888,39014.7803,-1257.4915,-3.2231
sarima,2017-08-01,6,2018-02-01,39786.4992,38534.2142,1252.285,3.2498
sarima,2017-08-01,7,2018-03-01,38939.9664,40027.9812,-1088.0149,-2.7181
sarima,2017-08-01,8,2018-04-01,36712.8553,36668.6995,44.1558,0.1204
sarima,2017-08-01,9,2018-05-01,34190.3679,34197.8245,-7.4566,-0.0218
sarima,2017-08-01,10,2018-06-01,33559.7121,33858.1352,-298.4231,-0.8814
sarima,2017-08-01,11,2018-07-01,32851.5502,33919.2557,-1067.7056,-3.1478
sarima,2017-08-01,12,2018-08-01,34052.1588,34465.4632,-413.3044,-1.1992
sarima,2017-09-01,1,2017-10-01,35925.5908,36565.8335,-640.2427,-1.7509
sarima,2017-09-01,2,2017-11-01,35559.3932,35790.6351,-231.2419,-0.6461
sarima,2017-09-01,3,2017-12-01,36227.5886,36736.4746,-508.886,-1.3852
sarima,2017-09-01,4,2018-01-01,37835.8874,39014.7803,-1178.8929,-3.0217
sarima,2017-09-01,5,2018-02-01,39861.1719,38534.2142,1326.9577,3.4436
sarima,2017-09-01,6,2018-03-01,39014.8872,40027.9812,-1013.0941,-2.531
sarima,2017-09-01,7,2018-04-01,36772.1055,36668.6995,103.406,0.282
sarima,2017-09-01,8,2018-05-01,34254.4237,34197.8245,56.5992,0.1655
sarima,2017-09-01,9,2018-06-01,33623.2354,33858.1352,-234.8998,-0.6938
sarima,2017-09-01,10,2018-07-01,32908.8559,33919.2557,-1010.3998,-2.9788
sarima,2017-09-01,11,2018-08-01,34112.2312,34465.4632,-353.232,-1.0249
sarima,2017-09-01,12,2018-09-01,35214.1638,35488.2045,-274.0406,-0.7722
sarima,2017-10-01,1,2017-11-01,35835.461,35790.6351,44.8258,0.1252
sarima,2017-10-01,2,2017-12-01,36350.4733,36736.4746,-386.0013,-1.0507
sarima,2017-10-01,3,2018-01-01,38089.8129,39014.7803,-924.9674,-2.3708
sarima,2017-10-01,4,2018-02-01,39548.3561,38534.2142,1014.142,2.6318
sarima,2017-10-01,5,2018-03-01,38660.7973,40027.9812,-1367.1839,-3.4156
sarima,2017-10-01,6,2018-04-01,36468.6741,36668.6995,-200.0254,-0.5455
sarima,2017-10-01,7,2018-05-01,34442.859,34197.8245,245.0345,0.7165
sarima,2017-10-01,8,2018-06-01,33662.6359,33858.1352,-195.4993,-0.5774
sarima,2017-10-01,9,2018-07-01,33413.7237,33919.2557,-505.532,-1.4904
sarima,2017-10-01,10,2018-08-01,34579.0118,34465.4632,113.5486,0.3295
sarima,2017-10-01,11,2018-09-01,35782.8737,35488.2045,294.6692,0.8303
sarima,2017-10-01,12,2018-10-01,36680.4942,36868.9276,-188.4334,-0.5111
sarima,2017-11-01,1,2017-12-01,36336.6111,36736.4746,-399.8635,-1.0885
sarima,2017-11-01,2,2018-01-01,38135.0139,39014.7803,-879.7665,-2.255
sarima,2017-11-01,3,2018-02-01,39563.3581,38534.2142,1029.144,2.6707
sarima,2017-11-01,4,2018-03-01,38669.6774,40027.9812,-1358.3039,-3.3934
sarima,2017-11-01,5,2018-04-01,36434.1665,36668.6995,-234.533,-0.6396
sarima,2017-11-01,6,2018-05-01,34393.9781,34197.8245,196.1535,0.5736
sarima,2017-11-01,7,2018-06-01,33631.0173,33858.1352,-227.1179,-0.6708
sarima,2017-11-01,8,2018-07-01,33337.1171,33919.2557,-582.1386,-1.7162
sarima,2017-11-01,9,2018-08-01,34493.7437,34465.4632,28.2805,0.0821
sarima,2017-11-01,10,2018-09-01,35713.1861,35488.2045,224.9816,0.634
sarima,2017-11-01,11,2018-10-01,36603.5603,36868.9276,-265.3673,-0.7198
sarima,2017-11-01,12,2018-11-01,35908.1373,36725.6111,-817.4738,-2.2259
sarima,2017-12-01,1,2018-01-01,38275.471,39014.7803,-739.3093,-1.8949
sarima,2017-12-01,2,2018-02-01,39474.9941,38534.2142,940.7799,2.4414
sarima,2017-12-01,3,2018-03-01,38490.7974,40027.9812,-1537.1839,-3.8403
sarima,2017-12-01,4,2018-04-01,36383.3828,36668.6995,-285.3167,-0.7781
sarima,2017-12-01,5,2018-05-01,34404.3417,34197.8245,206.5172,0.6039
sarima,2017-12-01,6,2018-06-01,33572.9012,33858.1352,-285.234,-0.8424
sarima,2017-12-01,7,2018-07-01,33446.588,33919.2557,-472.6677,-1.3935
sarima,2017-12-01,8,2018-08-01,34637.4247,34465.4632,171.9615,0.4989
sarima,2017-12-01,9,2018-09-01,35789.4905,35488.2045,301.2861,0.849
sarima,2017-12-01,10,2018-10-01,36705.7848,36868.9276,-163.1427,-0.4425
sarima,2017-12-01,11,2018-11-01,35933.8593,36725.6111,-791.7518,-2.1559
sarima,2017-12-01,12,2018-12-01,36555.0767,38158.3807,-1603.304,-4.2017
sarima,2018-01-01,1,2018-02-01,40141.7842,38534.2142,1607.5701,4.1718
sarima,2018-01-01,2,2018-03-01,39083.7544,40027.9812,-944.2268,-2.3589
sarima,2018-01-01,3,2018-04-01,37047.2861,36668.6995,378.5866,1.0325
sarima,2018-01-01,4,2018-05-01,35023.0096,34197.8245,825.1851,2.413
sarima,2018-01-01,5,2018-06-01,34189.3584,33858.1352,331.2231,0.9783
sarima,2018-01-01,6,2018-07-01,34059.2622,33919.2557,140.0065,0.4128
sarima,2018-01-01,7,2018-08-01,35273.678,34465.4632,808.2148,2.345
sarima,2018-01-01,8,2018-09-01,36446.6481,35488.2045,958.4436,2.7007
sarima,2018-01-01,9,2018-10-01,37380.0207,36868.9276,511.0932,1.3862
sarima,2018-01-01,10,2018-11-01,36593.8698,36725.6111,-131.7413,-0.3587
sarima,2018-01-01,11,2018-12-01,37226.5268,38158.3807,-931.8539,-2.4421
sarima,2018-01-01,12,2019-01-01,39127.2343,42133.9275,-3006.6933,-7.136
sarima,2018-02-01,1,2018-03-01,38193.572,40027.9812,-1834.4092,-4.5828
sarima,2018-02-01,2,2018-04-01,35772.1186,36668.6995,-896.5808,-2.4451
sarima,2018-02-01,3,2018-05-01,33989.0436,34197.8245,-208.7809,-0.6105
sarima,2018-02-01,4,2018-06-01,33109.0781,33858.1352,-749.0571,-2.2123
sarima,2018-02-01,5,2018-07-01,33013.0151,33919.2557,-906.2407,-2.6718
sarima,2018-02-01,6,2018-08-01,34176.9674,34465.4632,-288.4958,-0.8371
sarima,2018-02-01,7,2018-09-01,35319.2479,35488.2045,-168.9566,-0.4761
sarima,2018-02-01,8,2018-10-01,36221.225,36868.9276,-647.7025,-1.7568
sarima,2018-02-01,9,2018-11-01,35460.4983,36725.6111,-1265.1128,-3.4448
sarima,2018-02-01,10,2018-12-01,36073.1043,38158.3807,-2085.2764,-5.4648
sarima,2018-02-01,11,2019-01-01,37915.1261,42133.9275,-4218.8015,-10.0128
sarima,2018-02-01,12,2019-02-01,38896.3032,40667.0042,-1770.701,-4.3541
sarima,2018-03-01,1,2018-04-01,36629.169,36668.6995,-39.5304,-0.1078
sarima,2018-03-01,2,2018-05-01,35262.6451,34197.8245,1064.8206,3.1137
sarima,2018-03-01,3,2018-06-01,34129.041,33858.1352,270.9058,0.8001
sarima,2018-03-01,4,2018-07-01,34137.5757,33919.2557,218.3199,0.6436
sarima,2018-03-01,5,2018-08-01,35286.7934,34465.4632,821.3302,2.3831
sarima,2018-03-01,6,2018-09-01,36493.5033,35488.2045,1005.2988,2.8328
sarima,2018-03-01,7,2018-10-01,37411.8593,36868.9276,542.9317,1.4726
sarima,2018-03-01,8,2018-11-01,36632.5794,36725.6111,-93.0317,-0.2533
sarima,2018-03-01,9,2018-12-01,37262.2619,38158.3807,-896.1188,-2.3484
sarima,2018-03-01,10,2019-01-01,39166.6185,42133.9275,-2967.309,-7.0426
sarima,2018-03-01,11,2019-02-01,40179.384,40667.0042,-487.6202,-1.1991
sarima,2018-03-01,12,2019-03-01,39487.6722,38892.6826,594.9896,1.5298
sarima,2018-04-01,1,2018-05-01,35263.4415,34197.8245,1065.617,3.116
sarima,2018-04-01,2,2018-06-01,34367.9904,33858.1352,509.8552,1.5059
sarima,2018-04-01,3,2018-07-01,34262.1169,33919.2557,342.8611,1.0108
sarima,2018-04-01,4,2018-08-01,35472.2086,34465.4632,1006.7454,2.921
sarima,2018-04-01,5,2018-09-01,36657.1503,35488.2045,1168.9459,3.2939
sarima,2018-04-01,6,2018-10-01,37593.4293,36868.9276,724.5018,1.9651
sarima,2018-04-01,7,2018-11-01,36803.8911,36725.6111,78.28,0.2131
sarima,2018-04-01,8,2018-12-01,37439.6725,38158.3807,-718.7082,-1.8835
sarima,2018-04-01,9,2019-01-01,39351.5066,42133.9275,-2782.4209,-6.6038
sarima,2018-04-01,10,2019-02-01,40369.8341,40667.0042,-297.17,-0.7307
sarima,2018-04-01,11,2019-03-01,39674.4746,38892.6826,781.792,2.0101
sarima,2018-04-01,12,2019-04-01,37282.7712,37888.0324,-605.2611,-1.5975
sarima,2018-05-01,1,2018-06-01,33804.9276,33858.1352,-53.2076,-0.1571
sarima,2018-05-01,2,2018-07-01,32975.8029,33919.2557,-943.4528,-2.7815
sarima,2018-05-01,3,2018-08-01,34196.8924,34465.4632,-268.5708,-0.7792
sarima,2018-05-01,4,2018-09-01,35418.1454,35488.2045,-70.059,-0.1974
sarima,2018-05-01,5,2018-10-01,36192.8458,36868.9276,-676.0817,-1.8337
sarima,2018-05-01,6,2018-11-01,35561.4251,36725.6111,-1164.186,-3.17
sarima,2018-05-01,7,2018-12-01,36541.389,38158.3807,-1616.9917,-4.2376
sarima,2018-05-01,8,2019-01-01,39208.6186,42133.9275,-2925.309,-6.9429
sarima,2018-05-01,9,2019-02-01,39341.983,40667.0042,-1325.0212,-3.2582
sarima,2018-05-01,10,2019-03-01,40005.3296,38892.6826,1112.647,2.8608
sarima,2018-05-01,11,2019-04-01,36518.895,37888.0324,-1369.1374,-3.6136
sarima,2018-05-01,12,2019-05-01,34466.7407,35795.5702,-1328.8295,-3.7123
sarima,2018-06-01,1,2018-07-01,33536.3382,33919.2557,-382.9176,-1.1289
sarima,2018-06-01,2,2018-08-01,34560.5617,34465.4632,95.0985,0.2759
sarima,2018-06-01,3,2018-09-01,35787.9642,35488.2045,299.7597,0.8447
sarima,2018-06-01,4,2018-10-01,36669.0596,36868.9276,-199.868,-0.5421
sarima,2018-06-01,5,2018-11-01,35913.1697,36725.6111,-812.4414,-2.2122
sarima,2018-06-01,6,2018-12-01,36527.1865,38158.3807,-1631.1942,-4.2748
sarima,2018-06-01,7,2019-01-01,38395.3943,42133.9275,-3738.5333,-8.873
sarima,2018-06-01,8,2019-02-01,39387.6307,40667.0042,-1279.3735,-3.146
sarima,2018-06-01,9,2019-03-01,38709.7899,38892.6826,-182.8927,-0.4702
sarima,2018-06-01,10,2019-04-01,36375.9876,37888.0324,-1512.0447,-3.9908
sarima,2018-06-01,11,2019-05-01,34399.544,35795.5702,-1396.0262,-3.9
sarima,2018-06-01,12,2019-06-01,33794.4288,34226.9213,-432.4925,-1.2636
sarima,2018-07-01,1,2018-08-01,34782.6756,34465.4632,317.2124,0.9204
sarima,2018-07-01,2,2018-09-01,36084.0821,35488.2045,595.8776,1.6791
sarima,2018-07-01,3,2018-10-01,36943.9519,36868.9276,75.0243,0.2035
sarima,2018-07-01,4,2018-11-01,36194.1321,36725.6111,-531.479,-1.4472
sarima,2018-07-01,5,2018-12-01,36807.9509,38158.3807,-1350.4298,-3.539
sarima,2018-07-01,6,2019-01-01,38692.7384,42133.9275,-3441.1891,-8.1673
sarima,2018-07-01,7,2019-02-01,39691.6986,40667.0042,-975.3056,-2.3983
sarima,2018-07-01,8,2019-03-01,39009.039,38892.6826,116.3564,0.2992
sarima,2018-07-01,9,2019-04-01,36657.0269,37888.0324,-1231.0054,-3.2491
sarima,2018-07-01,10,2019-05-01,34665.362,35795.5702,-1130.2082,-3.1574
sarima,2018-07-01,11,2019-06-01,34055.5492,34226.9213,-171.3721,-0.5007
sarima,2018-07-01,12,2019-07-01,33911.9359,33569.6216,342.3143,1.0197
sarima,2018-08-01,1,2018-09-01,35601.9498,35488.2045,113.7454,0.3205
sarima,2018-08-01,2,2018-10-01,36366.9283,36868.9276,-501.9993,-1.3616
sarima,2018-08-01,3,2018-11-01,35739.8668,36725.6111,-985.7443,-2.6841
sarima,2018-08-01,4,2018-12-01,36726.9327,38158.3807,-1431.448,-3.7513
sarima,2018-08-01,5,2019-01-01,39429.6158,42133.9275,-2704.3117,-6.4184
sarima,2018-08-01,6,2019-02-01,39597.5218,40667.0042,-1069.4824,-2.6299
sarima,2018-08-01,7,2019-03-01,40218.8079,38892.6826,1326.1253,3.4097
sarima,2018-08-01,8,2019-04-01,36706.7671,37888.0324,-1181.2652,-3.1178
sarima,2018-08-01,9,2019-05-01,34666.4021,35795.5702,-1129.1681,-3.1545
sarima,2018-08-01,10,2019-06-01,34232.1047,34226.9213,5.1834,0.0151
sarima,2018-08-01,11,2019-07-01,33709.6331,33569.6216,140.0115,0.4171
sarima,2018-08-01,12,2019-08-01,34573.0883,34180.6521,392.4361,1.1481
sarima,2018-09-01,1,2018-10-01,36412.7687,36868.9276,-456.1589,-1.2372
sarima,2018-09-01,2,2018-11-01,35910.7718,36725.6111,-814.8393,-2.2187
sarima,2018-09-01,3,2018-12-01,36415.491,38158.3807,-1742.8897,-4.5675
sarima,2018-09-01,4,2019-01-01,38327.4594,42133.9275,-3806.4681,-9.0342
sarima,2018-09-01,5,2019-02-01,39296.0513,40667.0042,-1370.9529,-3.3712
sarima,2018-09-01,6,2019-03-01,38629.054,38892.6826,-263.6286,-0.6778
sarima,2018-09-01,7,2019-04-01,36296.366,37888.0324,-1591.6663,-4.201
sarima,2018-09-01,8,2019-05-01,34325.7846,35795.5702,-1469.7857,-4.1061
sarima,2018-09-01,9,2019-06-01,33721.317,34226.9213,-505.6043,-1.4772
sarima,2018-09-01,10,2019-07-01,33579.3896,33569.6216,9.768,0.0291
sarima,2018-09-01,11,2019-08-01,34471.2127,34180.6521,290.5606,0.8501
sarima,2018-09-01,12,2019-09-01,35676.1941,36699.7232,-1023.5291,-2.7889
sarima,2018-10-01,1,2018-11-01,36220.7408,36725.6111,-504.8703,-1.3747
sarima,2018-10-01,2,2018-12-01,36944.557,38158.3807,-1213.8237,-3.181
sarima,2018-10-01,3,2019-01-01,38830.8824,42133.9275,-3303.0451,-7.8394
sarima,2018-10-01,4,2019-02-01,39835.8419,40667.0042,-831.1623,-2.0438
sarima,2018-10-01,5,2019-03-01,39149.6376,38892.6826,256.955,0.6607
sarima,2018-10-01,6,2019-04-01,36789.5903,37888.0324,-1098.4421,-2.8992
sarima,2018-10-01,7,2019-05-01,34790.5708,35795.5702,-1004.9994,-2.8076
sarima,2018-10-01,8,2019-06-01,34178.6233,34226.9213,-48.298,-0.1411
sarima,2018-10-01,9,2019-07-01,34034.4694,33569.6216,464.8478,1.3847
sarima,2018-10-01,10,2019-08-01,34938.5134,34180.6521,757.8613,2.2172
sarima,2018-10-01,11,2019-09-01,36159.7697,36699.7232,-539.9535,-1.4713
sarima,2018-10-01,12,2019-10-01,37096.8664,37918.2543,-821.388,-2.1662
sarima,2018-11-01,1,2018-12-01,36888.3462,38158.3807,-1270.0345,-3.3283
sarima,2018-11-01,2,2019-01-01,39360.3832,42133.9275,-2773.5443,-6.5827
sarima,2018-11-01,3,2019-02-01,40379.0518,40667.0042,-287.9524,-0.7081
sarima,2018-11-01,4,2019-03-01,39683.4803,38892.6826,790.7977,2.0333
sarima,2018-11-01,5,2019-04-01,37291.2577,37888.0324,-596.7747,-1.5751
sarima,2018-11-01,6,2019-05-01,35264.9834,35795.5702,-530.5868,-1.4823
sarima,2018-11-01,7,2019-06-01,34644.6903,34226.9213,417.7691,1.2206
sarima,2018-11-01,8,2019-07-01,34498.5729,33569.6216,928.9513,2.7672
sarima,2018-11-01,9,2019-08-01,35414.9448,34180.6521,1234.2927,3.6111
sarima,2018-11-01,10,2019-09-01,36652.8546,36699.7232,-46.8686,-0.1277
sarima,2018-11-01,11,2019-10-01,37602.7278,37918.2543,-315.5266,-0.8321
sarima,2018-11-01,12,2019-11-01,37181.5565,37089.4265,92.13,0.2484
sarima,2018-12-01,1,2019-01-01,40513.596,42133.9275,-1620.3315,-3.8457
sarima,2018-12-01,2,2019-02-01,41391.0828,40667.0042,724.0786,1.7805
sarima,2018-12-01,3,2019-03-01,40740.0993,38892.6826,1847.4167,4.75
sarima,2018-12-01,4,2019-04-01,38262.6367,37888.0324,374.6043,0.9887
sarima,2018-12-01,5,2019-05-01,36191.1014,35795.5702,395.5312,1.105
sarima,2018-12-01,6,2019-06-01,35551.7884,34226.9213,1324.8671,3.8708
sarima,2018-12-01,7,2019-07-01,35402.8479,33569.6216,1833.2263,5.461
sarima,2018-12-01,8,2019-08-01,36342.8586,34180.6521,2162.2065,6.3258
sarima,2018-12-01,9,2019-09-01,37613.3488,36699.7232,913.6256,2.4895
sarima,2018-12-01,10,2019-10-01,38588.0599,37918.2543,669.8056,1.7664
sarima,2018-12-01,11,2019-11-01,38155.8726,37089.4265,1066.4461,2.8753
sarima,2018-12-01,12,2019-12-01,38772.2878,36887.2681,1885.0197,5.1102
sarima,2019-01-01,1,2019-02-01,40993.4121,40667.0042,326.4079,0.8026
sarima,2019-01-01,2,2019-03-01,41366.5828,38892.6826,2473.9002,6.3608
sarima,2019-01-01,3,2019-04-01,37713.677,37888.0324,-174.3553,-0.4602
sarima,2019-01-01,4,2019-05-01,35747.2619,35795.5702,-48.3083,-0.135
sarima,2019-01-01,5,2019-06-01,35272.6035,34226.9213,1045.6823,3.0551
sarima,2019-01-01,6,2019-07-01,34561.8109,33569.6216,992.1893,2.9556
sarima,2019-01-01,7,2019-08-01,35542.8766,34180.6521,1362.2245,3.9854
sarima,2019-01-01,8,2019-09-01,36996.0536,36699.7232,296.3304,0.8074
sarima,2019-01-01,9,2019-10-01,38238.4615,37918.2543,320.2071,0.8445
sarima,2019-01-01,10,2019-11-01,37731.9625,37089.4265,642.536,1.7324
sarima,2019-01-01,11,2019-12-01,38947.6042,36887.2681,2060.336,5.5855
sarima,2019-02-01,1,2019-03-01,41166.8682,38892.6826,2274.1855,5.8473
sarima,2019-02-01,2,2019-04-01,37530.6245,37888.0324,-357.4078,-0.9433
sarima,2019-02-01,3,2019-05-01,35576.8738,35795.5702,-218.6964,-0.611
sarima,2019-02-01,4,2019-06-01,35103.8353,34226.9213,876.914,2.5621
sarima,2019-02-01,5,2019-07-01,34392.3204,33569.6216,822.6987,2.4507
sarima,2019-02-01,6,2019-08-01,35370.8739,34180.6521,1190.2218,3.4822
sarima,2019-02-01,7,2019-09-01,36819.1752,36699.7232,119.452,0.3255
sarima,2019-02-01,8,2019-10-01,38054.5855,37918.2543,136.3311,0.3595
sarima,2019-02-01,9,2019-11-01,37548.6047,37089.4265,459.1782,1.238
sarima,2019-02-01,10,2019-12-01,38756.9633,36887.2681,1869.6952,5.0687
sarima,2019-03-01,1,2019-04-01,37258.2442,37888.0324,-629.7881,-1.6622
sarima,2019-03-01,2,2019-05-01,35042.0328,35795.5702,-753.5374,-2.1051
sarima,2019-03-01,3,2019-06-01,34425.6613,34226.9213,198.74,0.5807
sarima,2019-03-01,4,2019-07-01,34280.4677,33569.6216,710.846,2.1175
sarima,2019-03-01,5,2019-08-01,35191.0461,34180.6521,1010.394,2.956
sarima,2019-03-01,6,2019-09-01,36421.1296,36699.7232,-278.5936,-0.7591
sarima,2019-03-01,7,2019-10-01,37364.9976,37918.2543,-553.2567,-1.4591
sarima,2019-03-01,8,2019-11-01,36946.489,37089.4265,-142.9375,-0.3854
sarima,2019-03-01,9,2019-12-01,37543.369,36887.2681,656.1008,1.7787
sarima,2019-04-01,1,2019-05-01,35207.2023,35795.5702,-588.3679,-1.6437
sarima,2019-04-01,2,2019-06-01,34469.1863,34226.9213,242.265,0.7078
sarima,2019-04-01,3,2019-07-01,34323.8079,33569.6216,754.1862,2.2466
sarima,2019-04-01,4,2019-08-01,35235.5374,34180.6521,1054.8853,3.0862
sarima,2019-04-01,5,2019-09-01,36467.1761,36699.7232,-232.5471,-0.6336
sarima,2019-04-01,6,2019-10-01,37412.2385,37918.2543,-506.0159,-1.3345
sarima,2019-04-01,7,2019-11-01,36993.2008,37089.4265,-96.2257,-0.2594
sarima,2019-04-01,8,2019-12-01,37590.8386,36887.2681,703.5705,1.9074
sarima,2019-05-01,1,2019-06-01,34569.7246,34226.9213,342.8034,1.0016
sarima,2019-05-01,2,2019-07-01,34411.1929,33569.6216,841.5713,2.5069
sarima,2019-05-01,3,2019-08-01,35325.2438,34180.6521,1144.5917,3.3487
sarima,2019-05-01,4,2019-09-01,36560.0182,36699.7232,-139.7051,-0.3807
sarima,2019-05-01,5,2019-10-01,37507.4855,37918.2543,-410.7688,-1.0833
sarima,2019-05-01,6,2019-11-01,37087.381,37089.4265,-2.0455,-0.0055
sarima,2019-05-01,7,2019-12-01,37686.5372,36887.2681,799.269,2.1668
sarima,2019-06-01,1,2019-07-01,34078.3051,33569.6216,508.6834,1.5153
sarima,2019-06-01,2,2019-08-01,35029.8769,34180.6521,849.2248,2.4845
sarima,2019-06-01,3,2019-09-01,36447.2933,36699.7232,-252.4299,-0.6878
sarima,2019-06-01,4,2019-10-01,37678.5235,37918.2543,-239.7308,-0.6322
sarima,2019-06-01,5,2019-11-01,37192.5892,37089.4265,103.1627,0.2781
sarima,2019-06-01,6,2019-12-01,38400.2899,36887.2681,1513.0217,4.1017
sarima,2019-07-01,1,2019-08-01,34948.0337,34180.6521,767.3816,2.2451
sarima,2019-07-01,2,2019-09-01,36364.2004,36699.7232,-335.5228,-0.9142
sarima,2019-07-01,3,2019-10-01,37591.6122,37918.2543,-326.6421,-0.8614
sarima,2019-07-01,4,2019-11-01,37104.9648,37089.4265,15.5383,0.0419
sarima,2019-07-01,5,2019-12-01,38308.5039,36887.2681,1421.2357,3.8529
sarima,2019-08-01,1,2019-09-01,36250.056,36699.7232,-449.6672,-1.2253
sarima,2019-08-01,2,2019-10-01,37473.0125,37918.2543,-445.2419,-1.1742
sarima,2019-08-01,3,2019-11-01,36986.8077,37089.4265,-102.6187,-0.2767
sarima,2019-08-01,4,2019-12-01,38185.7301,36887.2681,1298.462,3.5201
sarima,2019-09-01,1,2019-10-01,37537.9131,37918.2543,-380.3413,-1.0031
sarima,2019-09-01,2,2019-11-01,37048.0502,37089.4265,-41.3762,-0.1116
sarima,2019-09-01,3,2019-12-01,38246.9371,36887.2681,1359.6689,3.686
sarima,2019-10-01,1,2019-11-01,36949.4512,37089.4265,-139.9753,-0.3774
sarima,2019-10-01,2,2019-12-01,37531.3669,36887.2681,644.0988,1.7461
sarima,2019-11-01,1,2019-12-01,37701.251,36887.2681,813.9829,2.2067
lgbm,2011-01-01,12,2012-01-01,35803.7591,35138.7467,665.0124,1.8925
lgbm,2011-02-01,11,2012-01-01,35575.9506,35138.7467,437.2039,1.2442
lgbm,2011-02-01,12,2012-02-01,36506.8672,37785.0274,-1278.1602,-3.3827
lgbm,2011-03-01,10,2012-01-01,35930.3046,35138.7467,791.5579,2.2527
lgbm,2011-03-01,11,2012-02-01,37119.5831,37785.0274,-665.4443,-1.7611
lgbm,2011-03-01,12,2012-03-01,35746.2579,38142.0916,-2395.8337,-6.2813
lgbm,2011-04-01,9,2012-01-01,35935.4719,35138.7467,796.7251,2.2674
lgbm,2011-04-01,10,2012-02-01,37559.6599,37785.0274,-225.3675,-0.5964
lgbm,2011-04-01,11,2012-03-01,35846.9506,38142.0916,-2295.141,-6.0173
lgbm,2011-04-01,12,2012-04-01,35859.076,36429.9418,-570.8658,-1.567
lgbm,2011-05-01,8,2012-01-01,36072.7717,35138.7467,934.025,2.6581
lgbm,2011-05-01,9,2012-02-01,37667.9186,37785.0274,-117.1088,-0.3099
lgbm,2011-05-01,10,2012-03-01,35904.1121,38142.0916,-2237.9794,-5.8675
lgbm,2011-05-01,11,2012-04-01,35918.1687,36429.9418,-511.7731,-1.4048
lgbm,2011-05-01,12,2012-05-01,33231.3098,34040.2569,-808.9471,-2.3764
lgbm,2011-06-01,7,2012-01-01,35764.9773,35138.7467,626.2305,1.7822
lgbm,2011-06-01,8,2012-02-01,37255.8092,37785.0274,-529.2182,-1.4006
lgbm,2011-06-01,9,2012-03-01,35642.9248,38142.0916,-2499.1668,-6.5523
lgbm,2011-06-01,10,2012-04-01,35659.7836,36429.9418,-770.1582,-2.1141
lgbm,2011-06-01,11,2012-05-01,33206.3313,34040.2569,-833.9255,-2.4498
lgbm,2011-06-01,12,2012-06-01,32325.7394,32396.5755,-70.8361,-0.2187
lgbm,2011-07-01,6,2012-01-01,35701.8418,35138.7467,563.0951,1.6025
lgbm,2011-07-01,7,2012-02-01,37179.064,37785.0274,-605.9634,-1.6037
lgbm,2011-07-01,8,2012-03-01,35259.7174,38142.0916,-2882.3742,-7.5569
lgbm,2011-07-01,9,2012-04-01,35370.332,36429.9418,-1059.6099,-2.9086
lgbm,2011-07-01,10,2012-05-01,33061.1733,34040.2569,-979.0835,-2.8763
lgbm,2011-07-01,11,2012-06-01,32219.7278,32396.5755,-176.8477,-0.5459
lgbm,2011-07-01,12,2012-07-01,33632.0076,32553.3452,1078.6624,3.3135
lgbm,2011-08-01,5,2012-01-01,35562.4595,35138.7467,423.7128,1.2058
lgbm,2011-08-01,6,2012-02-01,36974.46,37785.0274,-810.5673,-2.1452
lgbm,2011-08-01,7,2012-03-01,35237.1866,38142.0916,-2904.905,-7.616
lgbm,2011-08-01,8,2012-04-01,35222.6228,36429.9418,-1207.319,-3.3141
lgbm,2011-08-01,9,2012-05-01,32821.2812,34040.2569,-1218.9757,-3.581
lgbm,2011-08-01,10,2012-06-01,31991.1046,32396.5755,-405.4709,-1.2516
lgbm,2011-08-01,11,2012-07-01,33566.4916,32553.3452,1013.1464,3.1123
lgbm,2011-08-01,12,2012-08-01,34415.9845,34867.9263,-451.9419,-1.2962
lgbm,2011-09-01,4,2012-01-01,35766.5467,35138.7467,627.7999,1.7866
lgbm,2011-09-01,5,2012-02-01,37243.7915,37785.0274,-541.2359,-1.4324
lgbm,2011-09-01,6,2012-03-01,35247.2732,38142.0916,-2894.8184,-7.5896
lgbm,2011-09-01,7,2012-04-01,35240.1666,36429.9418,-1189.7752,-3.2659
lgbm,2011-09-01,8,2012-05-01,32893.031,34040.2569,-1147.2259,-3.3702
lgbm,2011-09-01,9,2012-06-01,31874.9225,32396.5755,-521.653,-1.6102
lgbm,2011-09-01,10,2012-07-01,33279.887,32553.3452,726.5417,2.2318
lgbm,2011-09-01,11,2012-08-01,34240.3285,34867.9263,-627.5979,-1.7999
lgbm,2011-09-01,12,2012-09-01,34213.4939,35552.6986,-1339.2047,-3.7668
lgbm,2011-10-01,3,2012-01-01,35709.0819,35138.7467,570.3352,1.6231
lgbm,2011-10-01,4,2012-02-01,37170.7576,37785.0274,-614.2698,-1.6257
lgbm,2011-10-01,5,2012-03-01,35391.9793,38142.0916,-2750.1123,-7.2102
lgbm,2011-10-01,6,2012-04-01,35224.8779,36429.9418,-1205.0639,-3.3079
lgbm,2011-10-01,7,2012-05-01,32857.6283,34040.2569,-1182.6286,-3.4742
lgbm,2011-10-01,8,2012-06-01,31828.8701,32396.5755,-567.7054,-1.7524
lgbm,2011-10-01,9,2012-07-01,33138.9453,32553.3452,585.6001,1.7989
lgbm,2011-10-01,10,2012-08-01,34187.5718,34867.9263,-680.3545,-1.9512
lgbm,2011-10-01,11,2012-09-01,34058.9011,35552.6986,-1493.7975,-4.2016
lgbm,2011-10-01,12,2012-10-01,33816.6693,36868.8102,-3052.1408,-8.2784
lgbm,2011-11-01,2,2012-01-01,35844.8551,35138.7467,706.1083,2.0095
lgbm,2011-11-01,3,2012-02-01,37346.9693,37785.0274,-438.0581,-1.1593
lgbm,2011-11-01,4,2012-03-01,35672.1069,38142.0916,-2469.9847,-6.4757
lgbm,2011-11-01,5,2012-04-01,35485.7037,36429.9418,-944.2381,-2.5919
lgbm,2011-11-01,6,2012-05-01,33001.1491,34040.2569,-1039.1078,-3.0526
lgbm,2011-11-01,7,2012-06-01,32080.0008,32396.5755,-316.5747,-0.9772
lgbm,2011-11-01,8,2012-07-01,33344.338,32553.3452,790.9928,2.4298
lgbm,2011-11-01,9,2012-08-01,34322.23,34867.9263,-545.6963,-1.565
lgbm,2011-11-01,10,2012-09-01,34195.3231,35552.6986,-1357.3755,-3.8179
lgbm,2011-11-01,11,2012-10-01,33803.7213,36868.8102,-3065.0889,-8.3135
lgbm,2011-11-01,12,2012-11-01,34399.0953,34588.8219,-189.7266,-0.5485
lgbm,2011-12-01,1,2012-01-01,35898.9955,35138.7467,760.2488,2.1636
lgbm,2011-12-01,2,2012-02-01,37438.6562,37785.0274,-346.3711,-0.9167
lgbm,2011-12-01,3,2012-03-01,35674.149,38142.0916,-2467.9425,-6.4704
lgbm,2011-12-01,4,2012-04-01,35672.6824,36429.9418,-757.2594,-2.0787
lgbm,2011-12-01,5,2012-05-01,33187.1991,34040.2569,-853.0577,-2.506
lgbm,2011-12-01,6,2012-06-01,32195.8997,32396.5755,-200.6758,-0.6194
lgbm,2011-12-01,7,2012-07-01,33456.5152,32553.3452,903.17,2.7744
lgbm,2011-12-01,8,2012-08-01,34435.011,34867.9263,-432.9153,-1.2416
lgbm,2011-12-01,9,2012-09-01,34239.3439,35552.6986,-1313.3547,-3.6941
lgbm,2011-12-01,10,2012-10-01,33933.9978,36868.8102,-2934.8123,-7.9601
lgbm,2011-12-01,11,2012-11-01,34431.9508,34588.8219,-156.8711,-0.4535
lgbm,2011-12-01,12,2012-12-01,34427.0567,36179.2566,-1752.1999,-4.8431
lgbm,2012-01-01,1,2012-02-01,37331.4662,37785.0274,-453.5612,-1.2004
lgbm,2012-01-01,2,2012-03-01,35448.7791,38142.0916,-2693.3125,-7.0613
lgbm,2012-01-01,3,2012-04-01,35533.8842,36429.9418,-896.0576,-2.4597
lgbm,2012-01-01,4,2012-05-01,33240.9717,34040.2569,-799.2852,-2.3481
lgbm,2012-01-01,5,2012-06-01,32086.2137,32396.5755,-310.3617,-0.958
lgbm,2012-01-01,6,2012-07-01,33286.4885,32553.3452,733.1433,2.2521
lgbm,2012-01-01,7,2012-08-01,34446.5633,34867.9263,-421.3631,-1.2085
lgbm,2012-01-01,8,2012-09-01,34266.9253,35552.6986,-1285.7733,-3.6165
lgbm,2012-01-01,9,2012-10-01,34178.8175,36868.8102,-2689.9927,-7.2961
lgbm,2012-01-01,10,2012-11-01,35328.5088,34588.8219,739.6869,2.1385
lgbm,2012-01-01,11,2012-12-01,35298.1385,36179.2566,-881.1181,-2.4354
lgbm,2012-01-01,12,2013-01-01,35106.719,34415.2791,691.4399,2.0091
lgbm,2012-02-01,1,2012-03-01,35247.2295,38142.0916,-2894.8621,-7.5897
lgbm,2012-02-01,2,2012-04-01,35285.8181,36429.9418,-1144.1237,-3.1406
lgbm,2012-02-01,3,2012-05-01,33172.9589,34040.2569,-867.298,-2.5479
lgbm,2012-02-01,4,2012-06-01,32052.6919,32396.5755,-343.8836,-1.0615
lgbm,2012-02-01,5,2012-07-01,33261.8517,32553.3452,708.5065,2.1764
lgbm,2012-02-01,6,2012-08-01,34320.5199,34867.9263,-547.4064,-1.5699
lgbm,2012-02-01,7,2012-09-01,34206.3193,35552.6986,-1346.3792,-3.787
lgbm,2012-02-01,8,2012-10-01,34091.5266,36868.8102,-2777.2836,-7.5329
lgbm,2012-02-01,9,2012-11-01,35398.0919,34588.8219,809.27,2.3397
lgbm,2012-02-01,10,2012-12-01,35513.919,36179.2566,-665.3377,-1.839
lgbm,2012-02-01,11,2013-01-01,35559.2408,34415.2791,1143.9617,3.324
lgbm,2012-02-01,12,2013-02-01,38046.6277,36703.9906,1342.6371,3.658
lgbm,2012-03-01,1,2012-04-01,36088.1859,36429.9418,-341.7559,-0.9381
lgbm,2012-03-01,2,2012-05-01,33502.845,34040.2569,-537.4119,-1.5788
lgbm,2012-03-01,3,2012-06-01,32644.3535,32396.5755,247.778,0.7648
lgbm,2012-03-01,4,2012-07-01,33860.9638,32553.3452,1307.6186,4.0168
lgbm,2012-03-01,5,2012-08-01,34683.854,34867.9263,-184.0723,-0.5279
lgbm,2012-03-01,6,2012-09-01,34517.2632,35552.6986,-1035.4354,-2.9124
lgbm,2012-03-01,7,2012-10-01,34365.3869,36868.8102,-2503.4232,-6.7901
lgbm,2012-03-01,8,2012-11-01,34894.2446,34588.8219,305.4227,0.883
lgbm,2012-03-01,9,2012-12-01,35005.0148,36179.2566,-1174.2418,-3.2456
lgbm,2012-03-01,10,2013-01-01,35087.1581,34415.2791,671.8791,1.9523
lgbm,2012-03-01,11,2013-02-01,37468.1304,36703.9906,764.1398,2.0819
lgbm,2012-03-01,12,2013-03-01,37792.4787,36142.0469,1650.4318,4.5665
lgbm,2012-04-01,1,2012-05-01,33661.8314,34040.2569,-378.4255,-1.1117
lgbm,2012-04-01,2,2012-06-01,32581.9599,32396.5755,185.3844,0.5722
lgbm,2012-04-01,3,2012-07-01,34061.571,32553.3452,1508.2258,4.6331
lgbm,2012-04-01,4,2012-08-01,34946.5736,34867.9263,78.6473,0.2256
lgbm,2012-04-01,5,2012-09-01,34572.3961,35552.6986,-980.3025,-2.7573
lgbm,2012-04-01,6,2012-10-01,34699.0842,36868.8102,-2169.726,-5.885
lgbm,2012-04-01,7,2012-11-01,34730.6459,34588.8219,141.824,0.41
lgbm,2012-04-01,8,2012-12-01,34755.3202,36179.2566,-1423.9365,-3.9358
lgbm,2012-04-01,9,2013-01-01,35307.7839,34415.2791,892.5048,2.5933
lgbm,2012-04-01,10,2013-02-01,37546.7176,36703.9906,842.727,2.296
lgbm,2012-04-01,11,2013-03-01,37742.8394,36142.0469,1600.7925,4.4292
lgbm,2012-04-01,12,2013-04-01,37012.6811,34505.9381,2506.743,7.2647
lgbm,2012-05-01,1,2012-06-01,32590.3484,32396.5755,193.7729,0.5981
lgbm,2012-05-01,2,2012-07-01,33948.9558,32553.3452,1395.6106,4.2871
lgbm,2012-05-01,3,2012-08-01,35045.0781,34867.9263,177.1518,0.5081
lgbm,2012-05-01,4,2012-09-01,34620.3788,35552.6986,-932.3198,-2.6224
lgbm,2012-05-01,5,2012-10-01,35010.4693,36868.8102,-1858.3409,-5.0404
lgbm,2012-05-01,6,2012-11-01,34965.3023,34588.8219,376.4804,1.0884
lgbm,2012-05-01,7,2012-12-01,34918.0658,36179.2566,-1261.1908,-3.486
lgbm,2012-05-01,8,2013-01-01,35459.4427,34415.2791,1044.1636,3.034
lgbm,2012-05-01,9,2013-02-01,37797.933,36703.9906,1093.9424,2.9804
lgbm,2012-05-01,10,2013-03-01,38005.204,36142.0469,1863.1571,5.1551
lgbm,2012-05-01,11,2013-04-01,37179.1527,34505.9381,2673.2146,7.7471
lgbm,2012-05-01,12,2013-05-01,33913.0587,33046.0622,866.9965,2.6236
lgbm,2012-06-01,1,2012-07-01,33849.5109,32553.3452,1296.1657,3.9817
lgbm,2012-06-01,2,2012-08-01,35045.1234,34867.9263,177.197,0.5082
lgbm,2012-06-01,3,2012-09-01,34665.8357,35552.6986,-886.8629,-2.4945
lgbm,2012-06-01,4,2012-10-01,35113.8973,36868.8102,-1754.9129,-4.7599
lgbm,2012-06-01,5,2012-11-01,35887.7917,34588.8219,1298.9698,3.7555
lgbm,2012-06-01,6,2012-12-01,35664.3469,36179.2566,-514.9097,-1.4232
lgbm,2012-06-01,7,2013-01-01,36052.1506,34415.2791,1636.8716,4.7562
lgbm,2012-06-01,8,2013-02-01,38382.014,36703.9906,1678.0235,4.5718
lgbm,2012-06-01,9,2013-03-01,38593.0211,36142.0469,2450.9742,6.7815
lgbm,2012-06-01,10,2013-04-01,37778.4457,34505.9381,3272.5076,9.4839
lgbm,2012-06-01,11,2013-05-01,34184.9284,33046.0622,1138.8662,3.4463
lgbm,2012-06-01,12,2013-06-01,32861.0327,32968.8521,-107.8193,-0.327
lgbm,2012-07-01,1,2012-08-01,33597.1542,34867.9263,-1270.7721,-3.6445
lgbm,2012-07-01,2,2012-09-01,33421.1116,35552.6986,-2131.587,-5.9956
lgbm,2012-07-01,3,2012-10-01,33975.2563,36868.8102,-2893.5538,-7.8482
lgbm,2012-07-01,4,2012-11-01,34998.4011,34588.8219,409.5792,1.1841
lgbm,2012-07-01,5,2012-12-01,35141.2845,36179.2566,-1037.9721,-2.869
lgbm,2012-07-01,6,2013-01-01,35605.7207,34415.2791,1190.4416,3.459
lgbm,2012-07-01,7,2013-02-01,38022.4134,36703.9906,1318.4228,3.592
lgbm,2012-07-01,8,2013-03-01,38257.374,36142.0469,2115.3271,5.8528
lgbm,2012-07-01,9,2013-04-01,37396.8449,34505.9381,2890.9068,8.378
lgbm,2012-07-01,10,2013-05-01,33828.5067,33046.0622,782.4445,2.3677
lgbm,2012-07-01,11,2013-06-01,32296.132,32968.8521,-672.72,-2.0405
lgbm,2012-07-01,12,2013-07-01,32703.5579,32891.3969,-187.839,-0.5711
lgbm,2012-08-01,1,2012-09-01,33220.6089,35552.6986,-2332.0896,-6.5595
lgbm,2012-08-01,2,2012-10-01,33627.8931,36868.8102,-3240.917,-8.7904
lgbm,2012-08-01,3,2012-11-01,34675.1831,34588.8219,86.3612,0.2497
lgbm,2012-08-01,4,2012-12-01,34787.4811,36179.2566,-1391.7755,-3.8469
lgbm,2012-08-01,5,2013-01-01,35426.095,34415.2791,1010.816,2.9371
lgbm,2012-08-01,6,2013-02-01,37651.8406,36703.9906,947.85,2.5824
lgbm,2012-08-01,7,2013-03-01,38087.0599,36142.0469,1945.013,5.3816
lgbm,2012-08-01,8,2013-04-01,37238.4565,34505.9381,2732.5184,7.919
lgbm,2012-08-01,9,2013-05-01,33796.6982,33046.0622,750.636,2.2715
lgbm,2012-08-01,10,2013-06-01,32296.7674,32968.8521,-672.0847,-2.0385
lgbm,2012-08-01,11,2013-07-01,32625.2366,32891.3969,-266.1603,-0.8092
lgbm,2012-08-01,12,2013-08-01,34884.8159,33964.2456,920.5703,2.7104
lgbm,2012-09-01,1,2012-10-01,33946.5657,36868.8102,-2922.2445,-7.9261
lgbm,2012-09-01,2,2012-11-01,34758.258,34588.8219,169.4361,0.4899
lgbm,2012-09-01,3,2012-12-01,34973.4022,36179.2566,-1205.8544,-3.333
lgbm,2012-09-01,4,2013-01-01,35090.7769,34415.2791,675.4978,1.9628
lgbm,2012-09-01,5,2013-02-01,37102.2908,36703.9906,398.3003,1.0852
lgbm,2012-09-01,6,2013-03-01,37662.2483,36142.0469,1520.2014,4.2062
lgbm,2012-09-01,7,2013-04-01,36887.467,34505.9381,2381.5289,6.9018
lgbm,2012-09-01,8,2013-05-01,33659.8571,33046.0622,613.7948,1.8574
lgbm,2012-09-01,9,2013-06-01,32113.0888,32968.8521,-855.7632,-2.5957
lgbm,2012-09-01,10,2013-07-01,32432.2799,32891.3969,-459.117,-1.3959
lgbm,2012-09-01,11,2013-08-01,34783.0123,33964.2456,818.7667,2.4107
lgbm,2012-09-01,12,2013-09-01,35891.1796,34766.6241,1124.5555,3.2346
lgbm,2012-10-01,1,2012-11-01,35706.0187,34588.8219,1117.1967,3.2299
lgbm,2012-10-01,2,2012-12-01,35354.3471,36179.2566,-824.9095,-2.2801
lgbm,2012-10-01,3,2013-01-01,36201.5306,34415.2791,1786.2515,5.1903
lgbm,2012-10-01,4,2013-02-01,38128.9914,36703.9906,1425.0008,3.8824
lgbm,2012-10-01,5,2013-03-01,38506.266,36142.0469,2364.219,6.5415
lgbm,2012-10-01,6,2013-04-01,37978.4606,34505.9381,3472.5225,10.0636
lgbm,2012-10-01,7,2013-05-01,34409.618,33046.0622,1363.5558,4.1262
lgbm,2012-10-01,8,2013-06-01,32775.668,32968.8521,-193.184,-0.586
lgbm,2012-10-01,9,2013-07-01,33217.4428,32891.3969,326.0459,0.9913
lgbm,2012-10-01,10,2013-08-01,35438.1015,33964.2456,1473.8559,4.3394
lgbm,2012-10-01,11,2013-09-01,37230.0594,34766.6241,2463.4353,7.0856
lgbm,2012-10-01,12,2013-10-01,38540.7962,35404.5633,3136.2329,8.8583
lgbm,2012-11-01,1,2012-12-01,35637.6212,36179.2566,-541.6354,-1.4971
lgbm,2012-11-01,2,2013-01-01,36333.8586,34415.2791,1918.5795,5.5748
lgbm,2012-11-01,3,2013-02-01,38752.8625,36703.9906,2048.8719,5.5822
lgbm,2012-11-01,4,2013-03-01,38806.258,36142.0469,2664.2111,7.3715
lgbm,2012-11-01,5,2013-04-01,38103.5023,34505.9381,3597.5642,10.4259
lgbm,2012-11-01,6,2013-05-01,34314.9791,33046.0622,1268.9169,3.8398
lgbm,2012-11-01,7,2013-06-01,32786.3788,32968.8521,-182.4732,-0.5535
lgbm,2012-11-01,8,2013-07-01,33296.1933,32891.3969,404.7964,1.2307
lgbm,2012-11-01,9,2013-08-01,35431.9063,33964.2456,1467.6607,4.3212
lgbm,2012-11-01,10,2013-09-01,37241.7398,34766.6241,2475.1157,7.1192
lgbm,2012-11-01,11,2013-10-01,38445.098,35404.5633,3040.5348,8.588
lgbm,2012-11-01,12,2013-11-01,35455.1839,35381.6161,73.5679,0.2079
lgbm,2012-12-01,1,2013-01-01,36516.799,34415.2791,2101.5199,6.1064
lgbm,2012-12-01,2,2013-02-01,39041.0268,36703.9906,2337.0363,6.3673
lgbm,2012-12-01,3,2013-03-01,38659.4475,36142.0469,2517.4006,6.9653
lgbm,2012-12-01,4,2013-04-01,38106.0074,34505.9381,3600.0693,10.4332
lgbm,2012-12-01,5,2013-05-01,34431.3936,33046.0622,1385.3314,4.1921
lgbm,2012-12-01,6,2013-06-01,32865.3421,32968.8521,-103.51,-0.314
lgbm,2012-12-01,7,2013-07-01,33333.6882,32891.3969,442.2913,1.3447
lgbm,2012-12-01,8,2013-08-01,35504.8953,33964.2456,1540.6497,4.5361
lgbm,2012-12-01,9,2013-09-01,37259.7464,34766.6241,2493.1223,7.171
lgbm,2012-12-01,10,2013-10-01,38417.5484,35404.5633,3012.9851,8.5102
lgbm,2012-12-01,11,2013-11-01,35418.9863,35381.6161,37.3702,0.1056
lgbm,2012-12-01,12,2013-12-01,38409.5401,35314.9921,3094.548,8.7627
lgbm,2013-01-01,1,2013-02-01,38454.2627,36703.9906,1750.2721,4.7686
lgbm,2013-01-01,2,2013-03-01,38351.7473,36142.0469,2209.7004,6.1139
lgbm,2013-01-01,3,2013-04-01,38141.4687,34505.9381,3635.5306,10.536
lgbm,2013-01-01,4,2013-05-01,34341.1465,33046.0622,1295.0843,3.919
lgbm,2013-01-01,5,2013-06-01,32561.6432,32968.8521,-407.2089,-1.2351
lgbm,2013-01-01,6,2013-07-01,33216.846,32891.3969,325.4491,0.9895
lgbm,2013-01-01,7,2013-08-01,35364.9154,33964.2456,1400.6698,4.124
lgbm,2013-01-01,8,2013-09-01,37380.5435,34766.6241,2613.9194,7.5185
lgbm,2013-01-01,9,2013-10-01,38413.1365,35404.5633,3008.5732,8.4977
lgbm,2013-01-01,10,2013-11-01,35480.8285,35381.6161,99.2124,0.2804
lgbm,2013-01-01,11,2013-12-01,38609.7955,35314.9921,3294.8033,9.3298
lgbm,2013-01-01,12,2014-01-01,34813.7397,38704.8608,-3891.121,-10.0533
lgbm,2013-02-01,1,2013-03-01,37970.0862,36142.0469,1828.0393,5.0579
lgbm,2013-02-01,2,2013-04-01,38251.4294,34505.9381,3745.4913,10.8546
lgbm,2013-02-01,3,2013-05-01,34379.5342,33046.0622,1333.472,4.0352
lgbm,2013-02-01,4,2013-06-01,32615.3474,32968.8521,-353.5046,-1.0722
lgbm,2013-02-01,5,2013-07-01,33186.8723,32891.3969,295.4754,0.8983
lgbm,2013-02-01,6,2013-08-01,35254.5861,33964.2456,1290.3405,3.7991
lgbm,2013-02-01,7,2013-09-01,37441.5304,34766.6241,2674.9063,7.6939
lgbm,2013-02-01,8,2013-10-01,38513.8132,35404.5633,3109.2499,8.7821
lgbm,2013-02-01,9,2013-11-01,35457.2489,35381.6161,75.6329,0.2138
lgbm,2013-02-01,10,2013-12-01,38743.1235,35314.9921,3428.1314,9.7073
lgbm,2013-02-01,11,2014-01-01,35180.7691,38704.8608,-3524.0917,-9.105
lgbm,2013-02-01,12,2014-02-01,38902.1579,39855.2823,-953.1245,-2.3915
lgbm,2013-03-01,1,2013-04-01,38532.728,34505.9381,4026.7899,11.6698
lgbm,2013-03-01,2,2013-05-01,34567.7495,33046.0622,1521.6873,4.6047
lgbm,2013-03-01,3,2013-06-01,32850.4823,32968.8521,-118.3698,-0.359
lgbm,2013-03-01,4,2013-07-01,33218.9431,32891.3969,327.5462,0.9958
lgbm,2013-03-01,5,2013-08-01,35482.9781,33964.2456,1518.7325,4.4716
lgbm,2013-03-01,6,2013-09-01,37432.6631,34766.6241,2666.039,7.6684
lgbm,2013-03-01,7,2013-10-01,38569.5239,35404.5633,3164.9606,8.9394
lgbm,2013-03-01,8,2013-11-01,35680.5626,35381.6161,298.9466,0.8449
lgbm,2013-03-01,9,2013-12-01,38815.4709,35314.9921,3500.4788,9.9122
lgbm,2013-03-01,10,2014-01-01,35831.1375,38704.8608,-2873.7233,-7.4247
lgbm,2013-03-01,11,2014-02-01,39540.2887,39855.2823,-314.9936,-0.7903
lgbm,2013-03-01,12,2014-03-01,37858.9407,37542.7446,316.1961,0.8422
lgbm,2013-04-01,1,2013-05-01,35226.5279,33046.0622,2180.4657,6.5983
lgbm,2013-04-01,2,2013-06-01,33386.2363,32968.8521,417.3842,1.266
lgbm,2013-04-01,3,2013-07-01,33286.7266,32891.3969,395.3297,1.2019
lgbm,2013-04-01,4,2013-08-01,35479.6332,33964.2456,1515.3876,4.4617
lgbm,2013-04-01,5,2013-09-01,36862.733,34766.6241,2096.1089,6.0291
lgbm,2013-04-01,6,2013-10-01,38456.5411,35404.5633,3051.9778,8.6203
lgbm,2013-04-01,7,2013-11-01,35657.0104,35381.6161,275.3944,0.7784
lgbm,2013-04-01,8,2013-12-01,38535.602,35314.9921,3220.6099,9.1197
lgbm,2013-04-01,9,2014-01-01,36090.8322,38704.8608,-2614.0286,-6.7537
lgbm,2013-04-01,10,2014-02-01,38906.3518,39855.2823,-948.9305,-2.3809
lgbm,2013-04-01,11,2014-03-01,37993.1365,37542.7446,450.3918,1.1997
lgbm,2013-04-01,12,2014-04-01,34668.6818,35486.9658,-818.284,-2.3059
lgbm,2013-05-01,1,2013-06-01,33225.7985,32968.8521,256.9464,0.7794
lgbm,2013-05-01,2,2013-07-01,33220.414,32891.3969,329.0171,1.0003
lgbm,2013-05-01,3,2013-08-01,35518.5813,33964.2456,1554.3357,4.5764
lgbm,2013-05-01,4,2013-09-01,36679.7583,34766.6241,1913.1342,5.5028
lgbm,2013-05-01,5,2013-10-01,38239.6948,35404.5633,2835.1316,8.0078
lgbm,2013-05-01,6,2013-11-01,35475.5487,35381.6161,93.9326,0.2655
lgbm,2013-05-01,7,2013-12-01,38202.0572,35314.9921,2887.0651,8.1752
lgbm,2013-05-01,8,2014-01-01,35457.5527,38704.8608,-3247.3081,-8.3899
lgbm,2013-05-01,9,2014-02-01,38406.7175,39855.2823,-1448.5648,-3.6346
lgbm,2013-05-01,10,2014-03-01,37006.2997,37542.7446,-536.4449,-1.4289
lgbm,2013-05-01,11,2014-04-01,34439.1805,35486.9658,-1047.7853,-2.9526
lgbm,2013-05-01,12,2014-05-01,33929.9339,35309.2711,-1379.3372,-3.9064
lgbm,2013-06-01,1,2013-07-01,33400.2424,32891.3969,508.8455,1.547
lgbm,2013-06-01,2,2013-08-01,35689.9279,33964.2456,1725.6823,5.0809
lgbm,2013-06-01,3,2013-09-01,36840.3743,34766.6241,2073.7502,5.9648
lgbm,2013-06-01,4,2013-10-01,38252.349,35404.5633,2847.7857,8.0436
lgbm,2013-06-01,5,2013-11-01,35291.5643,35381.6161,-90.0517,-0.2545
lgbm,2013-06-01,6,2013-12-01,37930.3942,35314.9921,2615.4021,7.4059
lgbm,2013-06-01,7,2014-01-01,35228.821,38704.8608,-3476.0398,-8.9809
lgbm,2013-06-01,8,2014-02-01,38021.4087,39855.2823,-1833.8737,-4.6013
lgbm,2013-06-01,9,2014-03-01,36672.1708,37542.7446,-870.5739,-2.3189
lgbm,2013-06-01,10,2014-04-01,34263.6034,35486.9658,-1223.3624,-3.4474
lgbm,2013-06-01,11,2014-05-01,33551.6057,35309.2711,-1757.6654,-4.9779
lgbm,2013-06-01,12,2014-06-01,33554.7016,34120.949,-566.2474,-1.6595
lgbm,2013-07-01,1,2013-08-01,35721.6948,33964.2456,1757.4492,5.1744
lgbm,2013-07-01,2,2013-09-01,36863.1197,34766.6241,2096.4956,6.0302
lgbm,2013-07-01,3,2013-10-01,38243.7781,35404.5633,2839.2148,8.0193
lgbm,2013-07-01,4,2013-11-01,35162.7109,35381.6161,-218.9051,-0.6187
lgbm,2013-07-01,5,2013-12-01,37689.9533,35314.9921,2374.9612,6.7251
lgbm,2013-07-01,6,2014-01-01,34636.148,38704.8608,-4068.7127,-10.5121
lgbm,2013-07-01,7,2014-02-01,37269.0661,39855.2823,-2586.2162,-6.489
lgbm,2013-07-01,8,2014-03-01,36060.2145,37542.7446,-1482.5302,-3.9489
lgbm,2013-07-01,9,2014-04-01,33772.8092,35486.9658,-1714.1566,-4.8304
lgbm,2013-07-01,10,2014-05-01,33081.0008,35309.2711,-2228.2703,-6.3107
lgbm,2013-07-01,11,2014-06-01,33232.7084,34120.949,-888.2406,-2.6032
lgbm,2013-07-01,12,2014-07-01,33188.122,34146.1814,-958.0595,-2.8058
lgbm,2013-08-01,1,2013-09-01,36485.1386,34766.6241,1718.5145,4.943
lgbm,2013-08-01,2,2013-10-01,37852.8879,35404.5633,2448.3247,6.9153
lgbm,2013-08-01,3,2013-11-01,34807.2725,35381.6161,-574.3436,-1.6233
lgbm,2013-08-01,4,2013-12-01,37226.7493,35314.9921,1911.7572,5.4134
lgbm,2013-08-01,5,2014-01-01,34426.7149,38704.8608,-4278.1458,-11.0533
lgbm,2013-08-01,6,2014-02-01,37254.2087,39855.2823,-2601.0736,-6.5263
lgbm,2013-08-01,7,2014-03-01,35567.9064,37542.7446,-1974.8382,-5.2602
lgbm,2013-08-01,8,2014-04-01,33600.3496,35486.9658,-1886.6162,-5.3164
lgbm,2013-08-01,9,2014-05-01,32831.5539,35309.2711,-2477.7172,-7.0172
lgbm,2013-08-01,10,2014-06-01,32801.2353,34120.949,-1319.7137,-3.8678
lgbm,2013-08-01,11,2014-07-01,32634.8425,34146.1814,-1511.3389,-4.4261
lgbm,2013-08-01,12,2014-08-01,33203.7966,34537.1042,-1333.3076,-3.8605
lgbm,2013-09-01,1,2013-10-01,37976.2804,35404.5633,2571.7171,7.2638
lgbm,2013-09-01,2,2013-11-01,35230.3722,35381.6161,-151.2439,-0.4275
lgbm,2013-09-01,3,2013-12-01,37268.0752,35314.9921,1953.0831,5.5305
lgbm,2013-09-01,4,2014-01-01,34594.3753,38704.8608,-4110.4855,-10.6201
lgbm,2013-09-01,5,2014-02-01,37131.7173,39855.2823,-2723.5651,-6.8336
lgbm,2013-09-01,6,2014-03-01,36081.1534,37542.7446,-1461.5912,-3.8931
lgbm,2013-09-01,7,2014-04-01,34042.5865,35486.9658,-1444.3793,-4.0702
lgbm,2013-09-01,8,2014-05-01,33027.4131,35309.2711,-2281.858,-6.4625
lgbm,2013-09-01,9,2014-06-01,33064.2337,34120.949,-1056.7153,-3.097
lgbm,2013-09-01,10,2014-07-01,32862.9115,34146.1814,-1283.27,-3.7582
lgbm,2013-09-01,11,2014-08-01,33582.9684,34537.1042,-954.1358,-2.7626
lgbm,2013-09-01,12,2014-09-01,34774.2159,36110.8825,-1336.6666,-3.7016
lgbm,2013-10-01,1,2013-11-01,34427.0003,35381.6161,-954.6157,-2.6981
lgbm,2013-10-01,2,2013-12-01,36332.3612,35314.9921,1017.3691,2.8808
lgbm,2013-10-01,3,2014-01-01,34260.5529,38704.8608,-4444.3079,-11.4826
lgbm,2013-10-01,4,2014-02-01,36744.1038,39855.2823,-3111.1786,-7.8062
lgbm,2013-10-01,5,2014-03-01,35855.8609,37542.7446,-1686.8837,-4.4932
lgbm,2013-10-01,6,2014-04-01,33801.0857,35486.9658,-1685.8801,-4.7507
lgbm,2013-10-01,7,2014-05-01,32756.0347,35309.2711,-2553.2364,-7.2311
lgbm,2013-10-01,8,2014-06-01,32712.1459,34120.949,-1408.8031,-4.1289
lgbm,2013-10-01,9,2014-07-01,32569.0922,34146.1814,-1577.0892,-4.6186
lgbm,2013-10-01,10,2014-08-01,33282.809,34537.1042,-1254.2952,-3.6317
lgbm,2013-10-01,11,2014-09-01,34215.3852,36110.8825,-1895.4973,-5.2491
lgbm,2013-10-01,12,2014-10-01,34928.0008,37058.0356,-2130.0348,-5.7478
lgbm,2013-11-01,1,2013-12-01,36324.8156,35314.9921,1009.8234,2.8595
lgbm,2013-11-01,2,2014-01-01,33849.125,38704.8608,-4855.7358,-12.5455
lgbm,2013-11-01,3,2014-02-01,36339.7705,39855.2823,-3515.5118,-8.8207
lgbm,2013-11-01,4,2014-03-01,35373.8072,37542.7446,-2168.9374,-5.7772
lgbm,2013-11-01,5,2014-04-01,33479.3211,35486.9658,-2007.6447,-5.6574
lgbm,2013-11-01,6,2014-05-01,32584.7766,35309.2711,-2724.4945,-7.7161
lgbm,2013-11-01,7,2014-06-01,32678.4853,34120.949,-1442.4637,-4.2275
lgbm,2013-11-01,8,2014-07-01,32503.5962,34146.1814,-1642.5853,-4.8105
lgbm,2013-11-01,9,2014-08-01,33279.7804,34537.1042,-1257.3238,-3.6405
lgbm,2013-11-01,10,2014-09-01,34195.9005,36110.8825,-1914.9819,-5.3031
lgbm,2013-11-01,11,2014-10-01,35009.5905,37058.0356,-2048.4451,-5.5277
lgbm,2013-11-01,12,2014-11-01,34976.7994,36280.763,-1303.9636,-3.5941
lgbm,2013-12-01,1,2014-01-01,33757.5392,38704.8608,-4947.3215,-12.7822
lgbm,2013-12-01,2,2014-02-01,36432.7735,39855.2823,-3422.5088,-8.5873
lgbm,2013-12-01,3,2014-03-01,35434.0894,37542.7446,-2108.6552,-5.6167
lgbm,2013-12-01,4,2014-04-01,33723.4972,35486.9658,-1763.4686,-4.9693
lgbm,2013-12-01,5,2014-05-01,32591.3798,35309.2711,-2717.8913,-7.6974
lgbm,2013-12-01,6,2014-06-01,32664.5962,34120.949,-1456.3528,-4.2682
lgbm,2013-12-01,7,2014-07-01,32441.5446,34146.1814,-1704.6368,-4.9922
lgbm,2013-12-01,8,2014-08-01,33176.2586,34537.1042,-1360.8456,-3.9402
lgbm,2013-12-01,9,2014-09-01,34027.3544,36110.8825,-2083.5281,-5.7698
lgbm,2013-12-01,10,2014-10-01,34954.6657,37058.0356,-2103.37,-5.6759
lgbm,2013-12-01,11,2014-11-01,34907.8362,36280.763,-1372.9268,-3.7842
lgbm,2013-12-01,12,2014-12-01,34691.3953,36171.1909,-1479.7956,-4.0911
lgbm,2014-01-01,1,2014-02-01,38257.7075,39855.2823,-1597.5748,-4.0084
lgbm,2014-01-01,2,2014-03-01,36794.5033,37542.7446,-748.2414,-1.993
lgbm,2014-01-01,3,2014-04-01,35116.8538,35486.9658,-370.112,-1.043
lgbm,2014-01-01,4,2014-05-01,34223.8923,35309.2711,-1085.3788,-3.0739
lgbm,2014-01-01,5,2014-06-01,34185.8388,34120.949,64.8898,0.1902
lgbm,2014-01-01,6,2014-07-01,34058.5171,34146.1814,-87.6643,-0.2567
lgbm,2014-01-01,7,2014-08-01,34044.3465,34537.1042,-492.7578,-1.4267
lgbm,2014-01-01,8,2014-09-01,34721.8286,36110.8825,-1389.0539,-3.8466
lgbm,2014-01-01,9,2014-10-01,36045.8896,37058.0356,-1012.146,-2.7312
lgbm,2014-01-01,10,2014-11-01,35913.5661,36280.763,-367.1969,-1.0121
lgbm,2014-01-01,11,2014-12-01,35161.749,36171.1909,-1009.4419,-2.7907
lgbm,2014-01-01,12,2015-01-01,39382.7499,40467.7143,-1084.9644,-2.6811
lgbm,2014-02-01,1,2014-03-01,36903.5563,37542.7446,-639.1883,-1.7026
lgbm,2014-02-01,2,2014-04-01,34929.476,35486.9658,-557.4898,-1.571
lgbm,2014-02-01,3,2014-05-01,33943.3983,35309.2711,-1365.8728,-3.8683
lgbm,2014-02-01,4,2014-06-01,33875.0588,34120.949,-245.8902,-0.7206
lgbm,2014-02-01,5,2014-07-01,33739.5476,34146.1814,-406.6338,-1.1909
lgbm,2014-02-01,6,2014-08-01,33625.3776,34537.1042,-911.7266,-2.6398
lgbm,2014-02-01,7,2014-09-01,34632.0235,36110.8825,-1478.859,-4.0953
lgbm,2014-02-01,8,2014-10-01,35606.9322,37058.0356,-1451.1034,-3.9158
lgbm,2014-02-01,9,2014-11-01,35570.1275,36280.763,-710.6354,-1.9587
lgbm,2014-02-01,10,2014-12-01,35187.3018,36171.1909,-983.8891,-2.7201
lgbm,2014-02-01,11,2015-01-01,39491.594,40467.7143,-976.1203,-2.4121
lgbm,2014-02-01,12,2015-02-01,40182.3073,39133.7826,1048.5247,2.6793
lgbm,2014-03-01,1,2014-04-01,34623.5765,35486.9658,-863.3893,-2.433
lgbm,2014-03-01,2,2014-05-01,33574.0937,35309.2711,-1735.1774,-4.9142
lgbm,2014-03-01,3,2014-06-01,33449.1727,34120.949,-671.7763,-1.9688
lgbm,2014-03-01,4,2014-07-01,33312.6272,34146.1814,-833.5542,-2.4411
lgbm,2014-03-01,5,2014-08-01,33938.0647,34537.1042,-599.0396,-1.7345
lgbm,2014-03-01,6,2014-09-01,35007.9639,36110.8825,-1102.9185,-3.0543
lgbm,2014-03-01,7,2014-10-01,35832.5449,37058.0356,-1225.4907,-3.307
lgbm,2014-03-01,8,2014-11-01,35796.5966,36280.763,-484.1664,-1.3345
lgbm,2014-03-01,9,2014-12-01,35458.6417,36171.1909,-712.5492,-1.9699
lgbm,2014-03-01,10,2015-01-01,39978.198,40467.7143,-489.5163,-1.2096
lgbm,2014-03-01,11,2015-02-01,40090.7012,39133.7826,956.9186,2.4452
lgbm,2014-03-01,12,2015-03-01,39589.5415,38210.4323,1379.1092,3.6092
lgbm,2014-04-01,1,2014-05-01,32998.5968,35309.2711,-2310.6743,-6.5441
lgbm,2014-04-01,2,2014-06-01,32949.0477,34120.949,-1171.9013,-3.4346
lgbm,2014-04-01,3,2014-07-01,32876.7072,34146.1814,-1269.4742,-3.7178
lgbm,2014-04-01,4,2014-08-01,33578.2621,34537.1042,-958.8421,-2.7763
lgbm,2014-04-01,5,2014-09-01,34355.3258,36110.8825,-1755.5566,-4.8616
lgbm,2014-04-01,6,2014-10-01,35379.357,37058.0356,-1678.6787,-4.5299
lgbm,2014-04-01,7,2014-11-01,35356.4261,36280.763,-924.3369,-2.5477
lgbm,2014-04-01,8,2014-12-01,34983.7607,36171.1909,-1187.4302,-3.2828
lgbm,2014-04-01,9,2015-01-01,39298.3011,40467.7143,-1169.4132,-2.8897
lgbm,2014-04-01,10,2015-02-01,39798.0239,39133.7826,664.2413,1.6974
lgbm,2014-04-01,11,2015-03-01,38784.1283,38210.4323,573.696,1.5014
lgbm,2014-04-01,12,2015-04-01,35573.5779,35760.8064,-187.2285,-0.5236
lgbm,2014-05-01,1,2014-06-01,32988.6421,34120.949,-1132.3069,-3.3185
lgbm,2014-05-01,2,2014-07-01,32885.2933,34146.1814,-1260.8881,-3.6926
lgbm,2014-05-01,3,2014-08-01,33399.3826,34537.1042,-1137.7216,-3.2942
lgbm,2014-05-01,4,2014-09-01,34545.7887,36110.8825,-1565.0938,-4.3341
lgbm,2014-05-01,5,2014-10-01,35567.5792,37058.0356,-1490.4564,-4.022
lgbm,2014-05-01,6,2014-11-01,35544.5264,36280.763,-736.2366,-2.0293
lgbm,2014-05-01,7,2014-12-01,35203.9471,36171.1909,-967.2438,-2.6741
lgbm,2014-05-01,8,2015-01-01,38058.6495,40467.7143,-2409.0648,-5.9531
lgbm,2014-05-01,9,2015-02-01,38958.8315,39133.7826,-174.9511,-0.4471
lgbm,2014-05-01,10,2015-03-01,38305.4641,38210.4323,95.0318,0.2487
lgbm,2014-05-01,11,2015-04-01,35451.839,35760.8064,-308.9674,-0.864
lgbm,2014-05-01,12,2015-05-01,34679.4263,33218.0308,1461.3955,4.3994
lgbm,2014-06-01,1,2014-07-01,33049.4636,34146.1814,-1096.7178,-3.2118
lgbm,2014-06-01,2,2014-08-01,33620.5128,34537.1042,-916.5914,-2.6539
lgbm,2014-06-01,3,2014-09-01,34733.1806,36110.8825,-1377.7018,-3.8152
lgbm,2014-06-01,4,2014-10-01,35739.4276,37058.0356,-1318.608,-3.5582
lgbm,2014-06-01,5,2014-11-01,35700.2177,36280.763,-580.5453,-1.6001
lgbm,2014-06-01,6,2014-12-01,35347.9599,36171.1909,-823.231,-2.2759
lgbm,2014-06-01,7,2015-01-01,37916.9298,40467.7143,-2550.7845,-6.3033
lgbm,2014-06-01,8,2015-02-01,38825.8208,39133.7826,-307.9618,-0.7869
lgbm,2014-06-01,9,2015-03-01,38442.4795,38210.4323,232.0472,0.6073
lgbm,2014-06-01,10,2015-04-01,35518.8107,35760.8064,-241.9957,-0.6767
lgbm,2014-06-01,11,2015-05-01,34662.482,33218.0308,1444.4511,4.3484
lgbm,2014-06-01,12,2015-06-01,33813.4355,32475.565,1337.8705,4.1196
lgbm,2014-07-01,1,2014-08-01,33727.6733,34537.1042,-809.4309,-2.3437
lgbm,2014-07-01,2,2014-09-01,34958.4419,36110.8825,-1152.4406,-3.1914
lgbm,2014-07-01,3,2014-10-01,36172.1021,37058.0356,-885.9336,-2.3907
lgbm,2014-07-01,4,2014-11-01,36120.8621,36280.763,-159.9009,-0.4407
lgbm,2014-07-01,5,2014-12-01,35591.9465,36171.1909,-579.2444,-1.6014
lgbm,2014-07-01,6,2015-01-01,37905.4901,40467.7143,-2562.2242,-6.3315
lgbm,2014-07-01,7,2015-02-01,39054.4622,39133.7826,-79.3204,-0.2027
lgbm,2014-07-01,8,2015-03-01,38397.201,38210.4323,186.7687,0.4888
lgbm,2014-07-01,9,2015-04-01,35807.1065,35760.8064,46.3001,0.1295
lgbm,2014-07-01,10,2015-05-01,34834.9245,33218.0308,1616.8937,4.8675
lgbm,2014-07-01,11,2015-06-01,33970.6957,32475.565,1495.1307,4.6039
lgbm,2014-07-01,12,2015-07-01,34440.1308,33015.5469,1424.5839,4.3149
lgbm,2014-08-01,1,2014-09-01,35125.3843,36110.8825,-985.4981,-2.7291
lgbm,2014-08-01,2,2014-10-01,36049.7808,37058.0356,-1008.2548,-2.7207
lgbm,2014-08-01,3,2014-11-01,36026.4154,36280.763,-254.3476,-0.7011
lgbm,2014-08-01,4,2014-12-01,35787.3635,36171.1909,-383.8274,-1.0611
lgbm,2014-08-01,5,2015-01-01,37966.3316,40467.7143,-2501.3827,-6.1812
lgbm,2014-08-01,6,2015-02-01,38983.4175,39133.7826,-150.3651,-0.3842
lgbm,2014-08-01,7,2015-03-01,38777.3137,38210.4323,566.8814,1.4836
lgbm,2014-08-01,8,2015-04-01,35658.8046,35760.8064,-102.0018,-0.2852
lgbm,2014-08-01,9,2015-05-01,34890.7844,33218.0308,1672.7535,5.0357
lgbm,2014-08-01,10,2015-06-01,34137.6201,32475.565,1662.0551,5.1179
lgbm,2014-08-01,11,2015-07-01,34270.0707,33015.5469,1254.5237,3.7998
lgbm,2014-08-01,12,2015-08-01,34763.2849,33889.707,873.578,2.5777
lgbm,2014-09-01,1,2014-10-01,36228.5467,37058.0356,-829.4889,-2.2384
lgbm,2014-09-01,2,2014-11-01,36205.0655,36280.763,-75.6975,-0.2086
lgbm,2014-09-01,3,2014-12-01,36253.3498,36171.1909,82.1589,0.2271
lgbm,2014-09-01,4,2015-01-01,38155.1199,40467.7143,-2312.5944,-5.7147
lgbm,2014-09-01,5,2015-02-01,39144.1211,39133.7826,10.3385,0.0264
lgbm,2014-09-01,6,2015-03-01,38939.8482,38210.4323,729.4159,1.9089
lgbm,2014-09-01,7,2015-04-01,35850.6518,35760.8064,89.8454,0.2512
lgbm,2014-09-01,8,2015-05-01,35049.5433,33218.0308,1831.5124,5.5136
lgbm,2014-09-01,9,2015-06-01,34456.782,32475.565,1981.217,6.1006
lgbm,2014-09-01,10,2015-07-01,34393.4422,33015.5469,1377.8952,4.1735
lgbm,2014-09-01,11,2015-08-01,34951.3848,33889.707,1061.6778,3.1327
lgbm,2014-09-01,12,2015-09-01,36469.3958,35495.7658,973.63,2.7429
lgbm,2014-10-01,1,2014-11-01,37106.8161,36280.763,826.0531,2.2768
lgbm,2014-10-01,2,2014-12-01,37018.6412,36171.1909,847.4503,2.3429
lgbm,2014-10-01,3,2015-01-01,38979.9033,40467.7143,-1487.811,-3.6765
lgbm,2014-10-01,4,2015-02-01,40063.4368,39133.7826,929.6542,2.3756
lgbm,2014-10-01,5,2015-03-01,39865.457,38210.4323,1655.0247,4.3313
lgbm,2014-10-01,6,2015-04-01,36818.6984,35760.8064,1057.892,2.9582
lgbm,2014-10-01,7,2015-05-01,35866.794,33218.0308,2648.7632,7.9739
lgbm,2014-10-01,8,2015-06-01,35219.4434,32475.565,2743.8784,8.4491
lgbm,2014-10-01,9,2015-07-01,35155.2553,33015.5469,2139.7083,6.4809
lgbm,2014-10-01,10,2015-08-01,35635.8768,33889.707,1746.1698,5.1525
lgbm,2014-10-01,11,2015-09-01,36926.3348,35495.7658,1430.569,4.0303
lgbm,2014-10-01,12,2015-10-01,38021.7754,36637.6374,1384.138,3.7779
lgbm,2014-11-01,1,2014-12-01,36903.1216,36171.1909,731.9307,2.0235
lgbm,2014-11-01,2,2015-01-01,39100.4498,40467.7143,-1367.2645,-3.3787
lgbm,2014-11-01,3,2015-02-01,40108.0632,39133.7826,974.2806,2.4896
lgbm,2014-11-01,4,2015-03-01,40009.9974,38210.4323,1799.5651,4.7096
lgbm,2014-11-01,5,2015-04-01,36903.767,35760.8064,1142.9607,3.1961
lgbm,2014-11-01,6,2015-05-01,35917.4123,33218.0308,2699.3814,8.1263
lgbm,2014-11-01,7,2015-06-01,35390.9756,32475.565,2915.4106,8.9772
lgbm,2014-11-01,8,2015-07-01,35284.4751,33015.5469,2268.9281,6.8723
lgbm,2014-11-01,9,2015-08-01,35720.95,33889.707,1831.2431,5.4035
lgbm,2014-11-01,10,2015-09-01,37102.6015,35495.7658,1606.8357,4.5268
lgbm,2014-11-01,11,2015-10-01,38160.8426,36637.6374,1523.2052,4.1575
lgbm,2014-11-01,12,2015-11-01,37614.2592,36322.0451,1292.214,3.5577
lgbm,2014-12-01,1,2015-01-01,38898.7184,40467.7143,-1568.9959,-3.8772
lgbm,2014-12-01,2,2015-02-01,39997.3382,39133.7826,863.5556,2.2067
lgbm,2014-12-01,3,2015-03-01,39784.5246,38210.4323,1574.0923,4.1195
lgbm,2014-12-01,4,2015-04-01,36674.7259,35760.8064,913.9196,2.5556
lgbm,2014-12-01,5,2015-05-01,35779.9048,33218.0308,2561.874,7.7123
lgbm,2014-12-01,6,2015-06-01,35066.4312,32475.565,2590.8662,7.9779
lgbm,2014-12-01,7,2015-07-01,35144.9132,33015.5469,2129.3663,6.4496
lgbm,2014-12-01,8,2015-08-01,35634.1888,33889.707,1744.4818,5.1475
lgbm,2014-12-01,9,2015-09-01,36973.482,35495.7658,1477.7162,4.1631
lgbm,2014-12-01,10,2015-10-01,38019.1247,36637.6374,1381.4873,3.7707
lgbm,2014-12-01,11,2015-11-01,37592.6683,36322.0451,1270.6231,3.4982
lgbm,2014-12-01,12,2015-12-01,37479.1341,36608.2814,870.8527,2.3788
lgbm,2015-01-01,1,2015-02-01,40179.4528,39133.7826,1045.6702,2.672
lgbm,2015-01-01,2,2015-03-01,39638.9724,38210.4323,1428.5401,3.7386
lgbm,2015-01-01,3,2015-04-01,36648.3955,35760.8064,887.5892,2.482
lgbm,2015-01-01,4,2015-05-01,35938.4074,33218.0308,2720.3766,8.1895
lgbm,2015-01-01,5,2015-06-01,34977.1935,32475.565,2501.6285,7.7031
lgbm,2015-01-01,6,2015-07-01,35151.4883,33015.5469,2135.9414,6.4695
lgbm,2015-01-01,7,2015-08-01,35454.4764,33889.707,1564.7694,4.6172
lgbm,2015-01-01,8,2015-09-01,36907.6465,35495.7658,1411.8808,3.9776
lgbm,2015-01-01,9,2015-10-01,37948.7529,36637.6374,1311.1155,3.5786
lgbm,2015-01-01,10,2015-11-01,37535.5997,36322.0451,1213.5545,3.3411
lgbm,2015-01-01,11,2015-12-01,37430.3768,36608.2814,822.0954,2.2457
lgbm,2015-01-01,12,2016-01-01,40846.9346,36556.0508,4290.8838,11.7378
lgbm,2015-02-01,1,2015-03-01,38792.7286,38210.4323,582.2963,1.5239
lgbm,2015-02-01,2,2015-04-01,35750.94,35760.8064,-9.8664,-0.0276
lgbm,2015-02-01,3,2015-05-01,35030.1095,33218.0308,1812.0786,5.4551
lgbm,2015-02-01,4,2015-06-01,34170.0235,32475.565,1694.4585,5.2176
lgbm,2015-02-01,5,2015-07-01,34349.5541,33015.5469,1334.0072,4.0405
lgbm,2015-02-01,6,2015-08-01,34767.766,33889.707,878.059,2.5909
lgbm,2015-02-01,7,2015-09-01,36331.1652,35495.7658,835.3994,2.3535
lgbm,2015-02-01,8,2015-10-01,37374.8401,36637.6374,737.2027,2.0121
lgbm,2015-02-01,9,2015-11-01,37025.3248,36322.0451,703.2797,1.9362
lgbm,2015-02-01,10,2015-12-01,36861.4033,36608.2814,253.1219,0.6914
lgbm,2015-02-01,11,2016-01-01,40196.4041,36556.0508,3640.3533,9.9583
lgbm,2015-02-01,12,2016-02-01,40260.8958,39524.4383,736.4575,1.8633
lgbm,2015-03-01,1,2015-04-01,35891.8516,35760.8064,131.0453,0.3664
lgbm,2015-03-01,2,2015-05-01,35100.3601,33218.0308,1882.3293,5.6666
lgbm,2015-03-01,3,2015-06-01,34326.7979,32475.565,1851.2329,5.7004
lgbm,2015-03-01,4,2015-07-01,34459.2415,33015.5469,1443.6946,4.3728
lgbm,2015-03-01,5,2015-08-01,34853.7484,33889.707,964.0414,2.8446
lgbm,2015-03-01,6,2015-09-01,36489.4455,35495.7658,993.6797,2.7994
lgbm,2015-03-01,7,2015-10-01,37427.2842,36637.6374,789.6468,2.1553
lgbm,2015-03-01,8,2015-11-01,37057.0418,36322.0451,734.9966,2.0236
lgbm,2015-03-01,9,2015-12-01,36945.1252,36608.2814,336.8439,0.9201
lgbm,2015-03-01,10,2016-01-01,40377.5983,36556.0508,3821.5475,10.4539
lgbm,2015-03-01,11,2016-02-01,40426.1834,39524.4383,901.7451,2.2815
lgbm,2015-03-01,12,2016-03-01,39187.558,38455.003,732.555,1.905
lgbm,2015-04-01,1,2015-05-01,34729.8118,33218.0308,1511.7809,4.5511
lgbm,2015-04-01,2,2015-06-01,33790.2792,32475.565,1314.7142,4.0483
lgbm,2015-04-01,3,2015-07-01,34103.9421,33015.5469,1088.3952,3.2966
lgbm,2015-04-01,4,2015-08-01,34478.4404,33889.707,588.7334,1.7372
lgbm,2015-04-01,5,2015-09-01,36251.8831,35495.7658,756.1173,2.1302
lgbm,2015-04-01,6,2015-10-01,37093.2354,36637.6374,455.598,1.2435
lgbm,2015-04-01,7,2015-11-01,36699.7431,36322.0451,377.698,1.0399
lgbm,2015-04-01,8,2015-12-01,36555.9734,36608.2814,-52.308,-0.1429
lgbm,2015-04-01,9,2016-01-01,40285.5728,36556.0508,3729.522,10.2022
lgbm,2015-04-01,10,2016-02-01,39920.0136,39524.4383,395.5753,1.0008
lgbm,2015-04-01,11,2016-03-01,38805.443,38455.003,350.44,0.9113
lgbm,2015-04-01,12,2016-04-01,35667.9304,37695.7025,-2027.7722,-5.3793
lgbm,2015-05-01,1,2015-06-01,33656.231,32475.565,1180.666,3.6356
lgbm,2015-05-01,2,2015-07-01,34276.2614,33015.5469,1260.7144,3.8185
lgbm,2015-05-01,3,2015-08-01,34628.3169,33889.707,738.6099,2.1795
lgbm,2015-05-01,4,2015-09-01,35965.9808,35495.7658,470.215,1.3247
lgbm,2015-05-01,5,2015-10-01,36934.672,36637.6374,297.0346,0.8107
lgbm,2015-05-01,6,2015-11-01,36664.6394,36322.0451,342.5943,0.9432
lgbm,2015-05-01,7,2015-12-01,36576.5919,36608.2814,-31.6894,-0.0866
lgbm,2015-05-01,8,2016-01-01,40720.1858,36556.0508,4164.135,11.3911
lgbm,2015-05-01,9,2016-02-01,40418.5011,39524.4383,894.0627,2.2621
lgbm,2015-05-01,10,2016-03-01,39564.0503,38455.003,1109.0473,2.884
lgbm,2015-05-01,11,2016-04-01,36097.5749,37695.7025,-1598.1276,-4.2395
lgbm,2015-05-01,12,2016-05-01,32905.6313,33979.3809,-1073.7496,-3.16
lgbm,2015-06-01,1,2015-07-01,34823.811,33015.5469,1808.264,5.477
lgbm,2015-06-01,2,2015-08-01,34948.9269,33889.707,1059.2199,3.1255
lgbm,2015-06-01,3,2015-09-01,36030.8131,35495.7658,535.0473,1.5074
lgbm,2015-06-01,4,2015-10-01,36932.8432,36637.6374,295.2058,0.8057
lgbm,2015-06-01,5,2015-11-01,36666.2944,36322.0451,344.2493,0.9478
lgbm,2015-06-01,6,2015-12-01,36614.2217,36608.2814,5.9403,0.0162
lgbm,2015-06-01,7,2016-01-01,41966.9046,36556.0508,5410.8538,14.8015
lgbm,2015-06-01,8,2016-02-01,41358.4955,39524.4383,1834.0571,4.6403
lgbm,2015-06-01,9,2016-03-01,40802.312,38455.003,2347.309,6.104
lgbm,2015-06-01,10,2016-04-01,36925.75,37695.7025,-769.9525,-2.0425
lgbm,2015-06-01,11,2016-05-01,33226.3875,33979.3809,-752.9934,-2.216
lgbm,2015-06-01,12,2016-06-01,32760.8433,33271.7115,-510.8682,-1.5354
lgbm,2015-07-01,1,2015-08-01,34576.3148,33889.707,686.6079,2.026
lgbm,2015-07-01,2,2015-09-01,35854.5981,35495.7658,358.8323,1.0109
lgbm,2015-07-01,3,2015-10-01,36819.9279,36637.6374,182.2905,0.4975
lgbm,2015-07-01,4,2015-11-01,36478.7923,36322.0451,156.7472,0.4315
lgbm,2015-07-01,5,2015-12-01,36418.2684,36608.2814,-190.0129,-0.519
lgbm,2015-07-01,6,2016-01-01,41851.9951,36556.0508,5295.9443,14.4872
lgbm,2015-07-01,7,2016-02-01,41209.3369,39524.4383,1684.8986,4.2629
lgbm,2015-07-01,8,2016-03-01,40365.6549,38455.003,1910.6519,4.9685
lgbm,2015-07-01,9,2016-04-01,36673.1605,37695.7025,-1022.5421,-2.7126
lgbm,2015-07-01,10,2016-05-01,33371.6277,33979.3809,-607.7532,-1.7886
lgbm,2015-07-01,11,2016-06-01,32785.2778,33271.7115,-486.4337,-1.462
lgbm,2015-07-01,12,2016-07-01,33178.9789,33182.5985,-3.6195,-0.0109
lgbm,2015-08-01,1,2015-09-01,36049.604,35495.7658,553.8382,1.5603
lgbm,2015-08-01,2,2015-10-01,37006.8721,36637.6374,369.2347,1.0078
lgbm,2015-08-01,3,2015-11-01,36576.5348,36322.0451,254.4896,0.7006
lgbm,2015-08-01,4,2015-12-01,36466.0694,36608.2814,-142.212,-0.3885
lgbm,2015-08-01,5,2016-01-01,42079.801,36556.0508,5523.7502,15.1104
lgbm,2015-08-01,6,2016-02-01,41004.824,39524.4383,1480.3856,3.7455
lgbm,2015-08-01,7,2016-03-01,40015.5146,38455.003,1560.5116,4.058
lgbm,2015-08-01,8,2016-04-01,36451.1691,37695.7025,-1244.5335,-3.3015
lgbm,2015-08-01,9,2016-05-01,33030.1888,33979.3809,-949.1921,-2.7934
lgbm,2015-08-01,10,2016-06-01,32575.0115,33271.7115,-696.7,-2.094
lgbm,2015-08-01,11,2016-07-01,32979.9904,33182.5985,-202.6081,-0.6106
lgbm,2015-08-01,12,2016-08-01,33395.2611,34310.1087,-914.8476,-2.6664
lgbm,2015-09-01,1,2015-10-01,36780.762,36637.6374,143.1246,0.3906
lgbm,2015-09-01,2,2015-11-01,36436.744,36322.0451,114.6988,0.3158
lgbm,2015-09-01,3,2015-12-01,36326.7008,36608.2814,-281.5806,-0.7692
lgbm,2015-09-01,4,2016-01-01,42708.6505,36556.0508,6152.5997,16.8306
lgbm,2015-09-01,5,2016-02-01,41767.5955,39524.4383,2243.1571,5.6754
lgbm,2015-09-01,6,2016-03-01,40639.5652,38455.003,2184.5621,5.6808
lgbm,2015-09-01,7,2016-04-01,36942.8132,37695.7025,-752.8893,-1.9973
lgbm,2015-09-01,8,2016-05-01,33609.5069,33979.3809,-369.874,-1.0885
lgbm,2015-09-01,9,2016-06-01,32930.1816,33271.7115,-341.5299,-1.0265
lgbm,2015-09-01,10,2016-07-01,33155.1707,33182.5985,-27.4278,-0.0827
lgbm,2015-09-01,11,2016-08-01,33758.7736,34310.1087,-551.3351,-1.6069
lgbm,2015-09-01,12,2016-09-01,35871.4065,34770.657,1100.7495,3.1657
lgbm,2015-10-01,1,2015-11-01,36722.609,36322.0451,400.5638,1.1028
lgbm,2015-10-01,2,2015-12-01,36611.7025,36608.2814,3.4211,0.0093
lgbm,2015-10-01,3,2016-01-01,42757.195,36556.0508,6201.1442,16.9634
lgbm,2015-10-01,4,2016-02-01,41989.0954,39524.4383,2464.6571,6.2358
lgbm,2015-10-01,5,2016-03-01,41049.1856,38455.003,2594.1825,6.746
lgbm,2015-10-01,6,2016-04-01,37513.3558,37695.7025,-182.3467,-0.4837
lgbm,2015-10-01,7,2016-05-01,33919.5881,33979.3809,-59.7928,-0.176
lgbm,2015-10-01,8,2016-06-01,33292.7769,33271.7115,21.0654,0.0633
lgbm,2015-10-01,9,2016-07-01,33547.398,33182.5985,364.7995,1.0994
lgbm,2015-10-01,10,2016-08-01,33966.1049,34310.1087,-344.0038,-1.0026
lgbm,2015-10-01,11,2016-09-01,36215.8491,34770.657,1445.1921,4.1564
lgbm,2015-10-01,12,2016-10-01,36793.7991,35154.594,1639.2051,4.6628
lgbm,2015-11-01,1,2015-12-01,36788.1941,36608.2814,179.9127,0.4915
lgbm,2015-11-01,2,2016-01-01,43389.6743,36556.0508,6833.6235,18.6935
lgbm,2015-11-01,3,2016-02-01,42166.2708,39524.4383,2641.8325,6.684
lgbm,2015-11-01,4,2016-03-01,41169.6268,38455.003,2714.6238,7.0592
lgbm,2015-11-01,5,2016-04-01,37739.9556,37695.7025,44.2531,0.1174
lgbm,2015-11-01,6,2016-05-01,34378.0001,33979.3809,398.6192,1.1731
lgbm,2015-11-01,7,2016-06-01,33536.2472,33271.7115,264.5357,0.7951
lgbm,2015-11-01,8,2016-07-01,33774.9032,33182.5985,592.3048,1.785
lgbm,2015-11-01,9,2016-08-01,34308.1253,34310.1087,-1.9834,-0.0058
lgbm,2015-11-01,10,2016-09-01,36360.9352,34770.657,1590.2782,4.5736
lgbm,2015-11-01,11,2016-10-01,37069.7438,35154.594,1915.1498,5.4478
lgbm,2015-11-01,12,2016-11-01,37151.4769,34743.5067,2407.9703,6.9307
lgbm,2015-12-01,1,2016-01-01,43447.1113,36556.0508,6891.0605,18.8507
lgbm,2015-12-01,2,2016-02-01,42217.0722,39524.4383,2692.6338,6.8126
lgbm,2015-12-01,3,2016-03-01,40979.9374,38455.003,2524.9343,6.5659
lgbm,2015-12-01,4,2016-04-01,37553.9563,37695.7025,-141.7462,-0.376
lgbm,2015-12-01,5,2016-05-01,34001.8413,33979.3809,22.4604,0.0661
lgbm,2015-12-01,6,2016-06-01,33491.4068,33271.7115,219.6953,0.6603
lgbm,2015-12-01,7,2016-07-01,33809.025,33182.5985,626.4265,1.8878
lgbm,2015-12-01,8,2016-08-01,34213.4196,34310.1087,-96.689,-0.2818
lgbm,2015-12-01,9,2016-09-01,36389.9618,34770.657,1619.3048,4.6571
lgbm,2015-12-01,10,2016-10-01,37120.919,35154.594,1966.3251,5.5934
lgbm,2015-12-01,11,2016-11-01,37244.3761,34743.5067,2500.8694,7.1981
lgbm,2015-12-01,12,2016-12-01,37648.8071,35760.8785,1887.9286,5.2793
lgbm,2016-01-01,1,2016-02-01,42179.8864,39524.4383,2655.4481,6.7185
lgbm,2016-01-01,2,2016-03-01,41085.4621,38455.003,2630.4591,6.8404
lgbm,2016-01-01,3,2016-04-01,37667.0713,37695.7025,-28.6312,-0.076
lgbm,2016-01-01,4,2016-05-01,34311.643,33979.3809,332.2621,0.9778
lgbm,2016-01-01,5,2016-06-01,33523.2181,33271.7115,251.5066,0.7559
lgbm,2016-01-01,6,2016-07-01,33919.4038,33182.5985,736.8053,2.2205
lgbm,2016-01-01,7,2016-08-01,34259.6365,34310.1087,-50.4722,-0.1471
lgbm,2016-01-01,8,2016-09-01,36569.6457,34770.657,1798.9887,5.1739
lgbm,2016-01-01,9,2016-10-01,36432.4847,35154.594,1277.8907,3.6351
lgbm,2016-01-01,10,2016-11-01,37513.3017,34743.5067,2769.795,7.9721
lgbm,2016-01-01,11,2016-12-01,37815.8939,35760.8785,2055.0154,5.7465
lgbm,2016-01-01,12,2017-01-01,39511.9432,38977.4158,534.5275,1.3714
lgbm,2016-02-01,1,2016-03-01,40590.9934,38455.003,2135.9903,5.5545
lgbm,2016-02-01,2,2016-04-01,37373.5142,37695.7025,-322.1884,-0.8547
lgbm,2016-02-01,3,2016-05-01,33596.5423,33979.3809,-382.8386,-1.1267
lgbm,2016-02-01,4,2016-06-01,33195.1576,33271.7115,-76.5538,-0.2301
lgbm,2016-02-01,5,2016-07-01,34010.5862,33182.5985,827.9877,2.4952
lgbm,2016-02-01,6,2016-08-01,34172.2395,34310.1087,-137.8692,-0.4018
lgbm,2016-02-01,7,2016-09-01,36562.1446,34770.657,1791.4876,5.1523
lgbm,2016-02-01,8,2016-10-01,36318.2888,35154.594,1163.6948,3.3102
lgbm,2016-02-01,9,2016-11-01,37688.718,34743.5067,2945.2113,8.477
lgbm,2016-02-01,10,2016-12-01,38049.5387,35760.8785,2288.6602,6.3999
lgbm,2016-02-01,11,2017-01-01,39459.9406,38977.4158,482.5249,1.238
lgbm,2016-02-01,12,2017-02-01,41256.8022,40063.0993,1193.7029,2.9796
lgbm,2016-03-01,1,2016-04-01,37043.6599,37695.7025,-652.0426,-1.7298
lgbm,2016-03-01,2,2016-05-01,33316.882,33979.3809,-662.4989,-1.9497
lgbm,2016-03-01,3,2016-06-01,33096.6296,33271.7115,-175.0819,-0.5262
lgbm,2016-03-01,4,2016-07-01,33794.9636,33182.5985,612.3651,1.8454
lgbm,2016-03-01,5,2016-08-01,33993.1315,34310.1087,-316.9772,-0.9239
lgbm,2016-03-01,6,2016-09-01,36455.6015,34770.657,1684.9445,4.8459
lgbm,2016-03-01,7,2016-10-01,36285.6788,35154.594,1131.0848,3.2175
lgbm,2016-03-01,8,2016-11-01,37554.5514,34743.5067,2811.0447,8.0908
lgbm,2016-03-01,9,2016-12-01,37915.1142,35760.8785,2154.2357,6.024
lgbm,2016-03-01,10,2017-01-01,39550.5111,38977.4158,573.0953,1.4703
lgbm,2016-03-01,11,2017-02-01,40956.2277,40063.0993,893.1284,2.2293
lgbm,2016-03-01,12,2017-03-01,40467.3761,39435.9515,1031.4246,2.6154
lgbm,2016-04-01,1,2016-05-01,33581.0353,33979.3809,-398.3456,-1.1723
lgbm,2016-04-01,2,2016-06-01,33328.1134,33271.7115,56.4019,0.1695
lgbm,2016-04-01,3,2016-07-01,33788.698,33182.5985,606.0995,1.8266
lgbm,2016-04-01,4,2016-08-01,34044.6541,34310.1087,-265.4546,-0.7737
lgbm,2016-04-01,5,2016-09-01,36599.9551,34770.657,1829.298,5.261
lgbm,2016-04-01,6,2016-10-01,36110.0453,35154.594,955.4513,2.7179
lgbm,2016-04-01,7,2016-11-01,37500.2705,34743.5067,2756.7638,7.9346
lgbm,2016-04-01,8,2016-12-01,37840.5438,35760.8785,2079.6653,5.8155
lgbm,2016-04-01,9,2017-01-01,39131.6523,38977.4158,154.2365,0.3957
lgbm,2016-04-01,10,2017-02-01,40830.5082,40063.0993,767.4089,1.9155
lgbm,2016-04-01,11,2017-03-01,40339.9653,39435.9515,904.0138,2.2924
lgbm,2016-04-01,12,2017-04-01,39481.7966,35806.0063,3675.7902,10.2658
lgbm,2016-05-01,1,2016-06-01,33312.0605,33271.7115,40.349,0.1213
lgbm,2016-05-01,2,2016-07-01,33961.1537,33182.5985,778.5552,2.3463
lgbm,2016-05-01,3,2016-08-01,33904.0033,34310.1087,-406.1054,-1.1836
lgbm,2016-05-01,4,2016-09-01,36407.1083,34770.657,1636.4513,4.7064
lgbm,2016-05-01,5,2016-10-01,36195.286,35154.594,1040.692,2.9603
lgbm,2016-05-01,6,2016-11-01,37329.4389,34743.5067,2585.9323,7.4429
lgbm,2016-05-01,7,2016-12-01,37638.5331,35760.8785,1877.6546,5.2506
lgbm,2016-05-01,8,2017-01-01,38967.7786,38977.4158,-9.6372,-0.0247
lgbm,2016-05-01,9,2017-02-01,40522.6916,40063.0993,459.5923,1.1472
lgbm,2016-05-01,10,2017-03-01,40300.9318,39435.9515,864.9803,2.1934
lgbm,2016-05-01,11,2017-04-01,39343.0372,35806.0063,3537.0309,9.8783
lgbm,2016-05-01,12,2017-05-01,35638.2253,34414.136,1224.0894,3.5569
lgbm,2016-06-01,1,2016-07-01,33329.0888,33182.5985,146.4904,0.4415
lgbm,2016-06-01,2,2016-08-01,33377.3448,34310.1087,-932.7639,-2.7186
lgbm,2016-06-01,3,2016-09-01,35926.3415,34770.657,1155.6845,3.3237
lgbm,2016-06-01,4,2016-10-01,35308.0548,35154.594,153.4608,0.4365
lgbm,2016-06-01,5,2016-11-01,36846.0966,34743.5067,2102.59,6.0517
lgbm,2016-06-01,6,2016-12-01,37146.4363,35760.8785,1385.5578,3.8745
lgbm,2016-06-01,7,2017-01-01,38496.8064,38977.4158,-480.6094,-1.233
lgbm,2016-06-01,8,2017-02-01,39674.3615,40063.0993,-388.7377,-0.9703
lgbm,2016-06-01,9,2017-03-01,39891.2235,39435.9515,455.272,1.1545
lgbm,2016-06-01,10,2017-04-01,38806.0526,35806.0063,3000.0463,8.3786
lgbm,2016-06-01,11,2017-05-01,35395.6422,34414.136,981.5062,2.852
lgbm,2016-06-01,12,2017-06-01,33821.509,33858.7829,-37.2739,-0.1101
lgbm,2016-07-01,1,2016-08-01,33321.0124,34310.1087,-989.0963,-2.8828
lgbm,2016-07-01,2,2016-09-01,35891.3728,34770.657,1120.7157,3.2232
lgbm,2016-07-01,3,2016-10-01,35003.1839,35154.594,-151.4101,-0.4307
lgbm,2016-07-01,4,2016-11-01,36774.0634,34743.5067,2030.5567,5.8444
lgbm,2016-07-01,5,2016-12-01,37078.7599,35760.8785,1317.8814,3.6853
lgbm,2016-07-01,6,2017-01-01,38158.8497,38977.4158,-818.5661,-2.1001
lgbm,2016-07-01,7,2017-02-01,39398.5077,40063.0993,-664.5916,-1.6589
lgbm,2016-07-01,8,2017-03-01,39555.4316,39435.9515,119.4801,0.303
lgbm,2016-07-01,9,2017-04-01,38277.3076,35806.0063,2471.3013,6.9019
lgbm,2016-07-01,10,2017-05-01,35138.5369,34414.136,724.4009,2.105
lgbm,2016-07-01,11,2017-06-01,33284.7706,33858.7829,-574.0122,-1.6953
lgbm,2016-07-01,12,2017-07-01,33979.787,32552.0376,1427.7494,4.3861
lgbm,2016-08-01,1,2016-09-01,35763.2046,34770.657,992.5475,2.8546
lgbm,2016-08-01,2,2016-10-01,34791.0282,35154.594,-363.5657,-1.0342
lgbm,2016-08-01,3,2016-11-01,36635.2571,34743.5067,1891.7505,5.4449
lgbm,2016-08-01,4,2016-12-01,36950.5052,35760.8785,1189.6267,3.3266
lgbm,2016-08-01,5,2017-01-01,38127.6755,38977.4158,-849.7403,-2.1801
lgbm,2016-08-01,6,2017-02-01,39420.9455,40063.0993,-642.1538,-1.6029
lgbm,2016-08-01,7,2017-03-01,39505.1219,39435.9515,69.1704,0.1754
lgbm,2016-08-01,8,2017-04-01,38290.1689,35806.0063,2484.1626,6.9378
lgbm,2016-08-01,9,2017-05-01,34948.7156,34414.136,534.5796,1.5534
lgbm,2016-08-01,10,2017-06-01,33250.1647,33858.7829,-608.6181,-1.7975
lgbm,2016-08-01,11,2017-07-01,33891.9651,32552.0376,1339.9275,4.1163
lgbm,2016-08-01,12,2017-08-01,34994.3169,33822.7218,1171.5951,3.4639
lgbm,2016-09-01,1,2016-10-01,34860.6704,35154.594,-293.9236,-0.8361
lgbm,2016-09-01,2,2016-11-01,36532.3894,34743.5067,1788.8828,5.1488
lgbm,2016-09-01,3,2016-12-01,36831.8951,35760.8785,1071.0166,2.9949
lgbm,2016-09-01,4,2017-01-01,38134.139,38977.4158,-843.2768,-2.1635
lgbm,2016-09-01,5,2017-02-01,39280.5898,40063.0993,-782.5094,-1.9532
lgbm,2016-09-01,6,2017-03-01,39245.148,39435.9515,-190.8035,-0.4838
lgbm,2016-09-01,7,2017-04-01,37958.8651,35806.0063,2152.8588,6.0126
lgbm,2016-09-01,8,2017-05-01,34871.024,34414.136,456.888,1.3276
lgbm,2016-09-01,9,2017-06-01,33077.8785,33858.7829,-780.9043,-2.3064
lgbm,2016-09-01,10,2017-07-01,33720.9156,32552.0376,1168.878,3.5908
lgbm,2016-09-01,11,2017-08-01,34676.4352,33822.7218,853.7134,2.5241
lgbm,2016-09-01,12,2017-09-01,33414.2048,35533.9745,-2119.7697,-5.9655
lgbm,2016-10-01,1,2016-11-01,36409.1685,34743.5067,1665.6618,4.7942
lgbm,2016-10-01,2,2016-12-01,36696.0913,35760.8785,935.2128,2.6152
lgbm,2016-10-01,3,2017-01-01,38304.0331,38977.4158,-673.3827,-1.7276
lgbm,2016-10-01,4,2017-02-01,39434.9681,40063.0993,-628.1311,-1.5679
lgbm,2016-10-01,5,2017-03-01,39416.043,39435.9515,-19.9085,-0.0505
lgbm,2016-10-01,6,2017-04-01,38017.6036,35806.0063,2211.5973,6.1766
lgbm,2016-10-01,7,2017-05-01,35107.9229,34414.136,693.7869,2.016
lgbm,2016-10-01,8,2017-06-01,33449.6049,33858.7829,-409.1779,-1.2085
lgbm,2016-10-01,9,2017-07-01,33820.0549,32552.0376,1268.0173,3.8954
lgbm,2016-10-01,10,2017-08-01,34772.9265,33822.7218,950.2048,2.8094
lgbm,2016-10-01,11,2017-09-01,33213.2925,35533.9745,-2320.6821,-6.5309
lgbm,2016-10-01,12,2017-10-01,34624.2878,36565.8335,-1941.5457,-5.3097
lgbm,2016-11-01,1,2016-12-01,36382.2156,35760.8785,621.3371,1.7375
lgbm,2016-11-01,2,2017-01-01,38608.8363,38977.4158,-368.5795,-0.9456
lgbm,2016-11-01,3,2017-02-01,39595.1844,40063.0993,-467.9149,-1.1679
lgbm,2016-11-01,4,2017-03-01,39809.0342,39435.9515,373.0827,0.946
lgbm,2016-11-01,5,2017-04-01,38169.4508,35806.0063,2363.4445,6.6007
lgbm,2016-11-01,6,2017-05-01,35361.7413,34414.136,947.6053,2.7535
lgbm,2016-11-01,7,2017-06-01,33519.2846,33858.7829,-339.4983,-1.0027
lgbm,2016-11-01,8,2017-07-01,33867.3064,32552.0376,1315.2688,4.0405
lgbm,2016-11-01,9,2017-08-01,34773.8804,33822.7218,951.1587,2.8122
lgbm,2016-11-01,10,2017-09-01,33266.9006,35533.9745,-2267.074,-6.38
lgbm,2016-11-01,11,2017-10-01,34688.446,36565.8335,-1877.3875,-5.1343
lgbm,2016-11-01,12,2017-11-01,35086.1556,35790.6351,-704.4795,-1.9683
lgbm,2016-12-01,1,2017-01-01,38836.4888,38977.4158,-140.927,-0.3616
lgbm,2016-12-01,2,2017-02-01,39473.7056,40063.0993,-589.3937,-1.4712
lgbm,2016-12-01,3,2017-03-01,39832.8011,39435.9515,396.8496,1.0063
lgbm,2016-12-01,4,2017-04-01,38051.2852,35806.0063,2245.2788,6.2707
lgbm,2016-12-01,5,2017-05-01,35406.0509,34414.136,991.9149,2.8823
lgbm,2016-12-01,6,2017-06-01,33437.1528,33858.7829,-421.6301,-1.2453
lgbm,2016-12-01,7,2017-07-01,33771.4089,32552.0376,1219.3713,3.7459
lgbm,2016-12-01,8,2017-08-01,34546.0483,33822.7218,723.3265,2.1386
lgbm,2016-12-01,9,2017-09-01,33076.9896,35533.9745,-2456.9849,-6.9145
lgbm,2016-12-01,10,2017-10-01,34581.5669,36565.8335,-1984.2666,-5.4266
lgbm,2016-12-01,11,2017-11-01,34911.7276,35790.6351,-878.9075,-2.4557
lgbm,2016-12-01,12,2017-12-01,35658.2018,36736.4746,-1078.2728,-2.9352
lgbm,2017-01-01,1,2017-02-01,38887.2084,40063.0993,-1175.8908,-2.9351
lgbm,2017-01-01,2,2017-03-01,39296.0889,39435.9515,-139.8626,-0.3547
lgbm,2017-01-01,3,2017-04-01,37343.8639,35806.0063,1537.8576,4.295
lgbm,2017-01-01,4,2017-05-01,34779.4616,34414.136,365.3257,1.0616
lgbm,2017-01-01,5,2017-06-01,32904.2795,33858.7829,-954.5034,-2.8191
lgbm,2017-01-01,6,2017-07-01,33339.4814,32552.0376,787.4438,2.419
lgbm,2017-01-01,7,2017-08-01,34296.9062,33822.7218,474.1844,1.402
lgbm,2017-01-01,8,2017-09-01,32737.9954,35533.9745,-2795.9791,-7.8685
lgbm,2017-01-01,9,2017-10-01,34411.4558,36565.8335,-2154.3777,-5.8918
lgbm,2017-01-01,10,2017-11-01,34831.2065,35790.6351,-959.4286,-2.6807
lgbm,2017-01-01,11,2017-12-01,35504.1745,36736.4746,-1232.3001,-3.3544
lgbm,2017-01-01,12,2018-01-01,41623.5396,39014.7803,2608.7593,6.6866
lgbm,2017-02-01,1,2017-03-01,39283.5889,39435.9515,-152.3626,-0.3864
lgbm,2017-02-01,2,2017-04-01,37600.8725,35806.0063,1794.8662,5.0128
lgbm,2017-02-01,3,2017-05-01,34810.3307,34414.136,396.1947,1.1513
lgbm,2017-02-01,4,2017-06-01,32989.522,33858.7829,-869.2608,-2.5673
lgbm,2017-02-01,5,2017-07-01,33216.2082,32552.0376,664.1707,2.0403
lgbm,2017-02-01,6,2017-08-01,34115.2717,33822.7218,292.55,0.865
lgbm,2017-02-01,7,2017-09-01,32779.9794,35533.9745,-2753.9952,-7.7503
lgbm,2017-02-01,8,2017-10-01,34277.9363,36565.8335,-2287.8972,-6.2569
lgbm,2017-02-01,9,2017-11-01,34607.2705,35790.6351,-1183.3646,-3.3064
lgbm,2017-02-01,10,2017-12-01,35421.5128,36736.4746,-1314.9618,-3.5794
lgbm,2017-02-01,11,2018-01-01,40997.7683,39014.7803,1982.988,5.0827
lgbm,2017-02-01,12,2018-02-01,41944.7002,38534.2142,3410.4861,8.8505
lgbm,2017-03-01,1,2017-04-01,37696.6316,35806.0063,1890.6252,5.2802
lgbm,2017-03-01,2,2017-05-01,34951.408,34414.136,537.2721,1.5612
lgbm,2017-03-01,3,2017-06-01,33120.8387,33858.7829,-737.9441,-2.1795
lgbm,2017-03-01,4,2017-07-01,33334.6866,32552.0376,782.6491,2.4043
lgbm,2017-03-01,5,2017-08-01,34206.875,33822.7218,384.1533,1.1358
lgbm,2017-03-01,6,2017-09-01,32870.6336,35533.9745,-2663.3409,-7.4952
lgbm,2017-03-01,7,2017-10-01,34357.0123,36565.8335,-2208.8212,-6.0407
lgbm,2017-03-01,8,2017-11-01,34675.8054,35790.6351,-1114.8298,-3.1149
lgbm,2017-03-01,9,2017-12-01,35460.1332,36736.4746,-1276.3414,-3.4743
lgbm,2017-03-01,10,2018-01-01,40962.7722,39014.7803,1947.9919,4.993
lgbm,2017-03-01,11,2018-02-01,41939.3103,38534.2142,3405.0962,8.8366
lgbm,2017-03-01,12,2018-03-01,39323.5523,40027.9812,-704.4289,-1.7598
lgbm,2017-04-01,1,2017-05-01,34995.0896,34414.136,580.9536,1.6881
lgbm,2017-04-01,2,2017-06-01,33198.48,33858.7829,-660.3028,-1.9502
lgbm,2017-04-01,3,2017-07-01,33288.755,32552.0376,736.7174,2.2632
lgbm,2017-04-01,4,2017-08-01,34228.3234,33822.7218,405.6017,1.1992
lgbm,2017-04-01,5,2017-09-01,32776.314,35533.9745,-2757.6606,-7.7606
lgbm,2017-04-01,6,2017-10-01,34568.1051,36565.8335,-1997.7284,-5.4634
lgbm,2017-04-01,7,2017-11-01,34751.0264,35790.6351,-1039.6088,-2.9047
lgbm,2017-04-01,8,2017-12-01,35041.8049,36736.4746,-1694.6697,-4.613
lgbm,2017-04-01,9,2018-01-01,40972.7691,39014.7803,1957.9888,5.0186
lgbm,2017-04-01,10,2018-02-01,41997.2626,38534.2142,3463.0485,8.9869
lgbm,2017-04-01,11,2018-03-01,39272.0043,40027.9812,-755.9769,-1.8886
lgbm,2017-04-01,12,2018-04-01,36894.4411,36668.6995,225.7416,0.6156
lgbm,2017-05-01,1,2017-06-01,33194.3269,33858.7829,-664.456,-1.9624
lgbm,2017-05-01,2,2017-07-01,33317.6213,32552.0376,765.5837,2.3519
lgbm,2017-05-01,3,2017-08-01,34302.9949,33822.7218,480.2732,1.42
lgbm,2017-05-01,4,2017-09-01,32799.1642,35533.9745,-2734.8103,-7.6963
lgbm,2017-05-01,5,2017-10-01,34442.0026,36565.8335,-2123.8309,-5.8082
lgbm,2017-05-01,6,2017-11-01,34651.1255,35790.6351,-1139.5097,-3.1838
lgbm,2017-05-01,7,2017-12-01,35104.5888,36736.4746,-1631.8858,-4.4421
lgbm,2017-05-01,8,2018-01-01,40981.8481,39014.7803,1967.0678,5.0419
lgbm,2017-05-01,9,2018-02-01,42024.8229,38534.2142,3490.6087,9.0585
lgbm,2017-05-01,10,2018-03-01,39172.9539,40027.9812,-855.0273,-2.1361
lgbm,2017-05-01,11,2018-04-01,36902.8267,36668.6995,234.1272,0.6385
lgbm,2017-05-01,12,2018-05-01,35079.8982,34197.8245,882.0737,2.5793
lgbm,2017-06-01,1,2017-07-01,33436.0088,32552.0376,883.9712,2.7156
lgbm,2017-06-01,2,2017-08-01,34407.3954,33822.7218,584.6736,1.7286
lgbm,2017-06-01,3,2017-09-01,32986.828,35533.9745,-2547.1466,-7.1682
lgbm,2017-06-01,4,2017-10-01,34640.5904,36565.8335,-1925.2431,-5.2651
lgbm,2017-06-01,5,2017-11-01,34628.3348,35790.6351,-1162.3004,-3.2475
lgbm,2017-06-01,6,2017-12-01,35089.8466,36736.4746,-1646.628,-4.4823
lgbm,2017-06-01,7,2018-01-01,40912.1851,39014.7803,1897.4048,4.8633
lgbm,2017-06-01,8,2018-02-01,42051.6603,38534.2142,3517.4461,9.1281
lgbm,2017-06-01,9,2018-03-01,39275.3621,40027.9812,-752.6191,-1.8802
lgbm,2017-06-01,10,2018-04-01,36971.8448,36668.6995,303.1454,0.8267
lgbm,2017-06-01,11,2018-05-01,35333.9277,34197.8245,1136.1032,3.3222
lgbm,2017-06-01,12,2018-06-01,34195.016,33858.1352,336.8807,0.995
lgbm,2017-07-01,1,2017-08-01,34086.9781,33822.7218,264.2563,0.7813
lgbm,2017-07-01,2,2017-09-01,32720.168,35533.9745,-2813.8066,-7.9186
lgbm,2017-07-01,3,2017-10-01,34475.5023,36565.8335,-2090.3312,-5.7166
lgbm,2017-07-01,4,2017-11-01,34413.7115,35790.6351,-1376.9236,-3.8472
lgbm,2017-07-01,5,2017-12-01,34877.3094,36736.4746,-1859.1652,-5.0608
lgbm,2017-07-01,6,2018-01-01,40450.605,39014.7803,1435.8247,3.6802
lgbm,2017-07-01,7,2018-02-01,41568.729,38534.2142,3034.5148,7.8749
lgbm,2017-07-01,8,2018-03-01,38864.5302,40027.9812,-1163.451,-2.9066
lgbm,2017-07-01,9,2018-04-01,36733.906,36668.6995,65.2066,0.1778
lgbm,2017-07-01,10,2018-05-01,34996.649,34197.8245,798.8245,2.3359
lgbm,2017-07-01,11,2018-06-01,33818.6583,33858.1352,-39.4769,-0.1166
lgbm,2017-07-01,12,2018-07-01,32397.2138,33919.2557,-1522.0419,-4.4873
lgbm,2017-08-01,1,2017-09-01,32805.8771,35533.9745,-2728.0975,-7.6774
lgbm,2017-08-01,2,2017-10-01,34553.097,36565.8335,-2012.7365,-5.5044
lgbm,2017-08-01,3,2017-11-01,34337.5998,35790.6351,-1453.0353,-4.0598
lgbm,2017-08-01,4,2017-12-01,34929.6454,36736.4746,-1806.8292,-4.9184
lgbm,2017-08-01,5,2018-01-01,40262.1464,39014.7803,1247.366,3.1972
lgbm,2017-08-01,6,2018-02-01,41327.2827,38534.2142,2793.0685,7.2483
lgbm,2017-08-01,7,2018-03-01,38651.7646,40027.9812,-1376.2166,-3.4381
lgbm,2017-08-01,8,2018-04-01,36814.6128,36668.6995,145.9134,0.3979
lgbm,2017-08-01,9,2018-05-01,34984.378,34197.8245,786.5534,2.3
lgbm,2017-08-01,10,2018-06-01,33829.7396,33858.1352,-28.3957,-0.0839
lgbm,2017-08-01,11,2018-07-01,32419.6102,33919.2557,-1499.6456,-4.4212
lgbm,2017-08-01,12,2018-08-01,33558.936,34465.4632,-906.5272,-2.6302
lgbm,2017-09-01,1,2017-10-01,34814.3672,36565.8335,-1751.4663,-4.7899
lgbm,2017-09-01,2,2017-11-01,34522.7908,35790.6351,-1267.8443,-3.5424
lgbm,2017-09-01,3,2017-12-01,35357.8549,36736.4746,-1378.6197,-3.7527
lgbm,2017-09-01,4,2018-01-01,40340.8627,39014.7803,1326.0824,3.3989
lgbm,2017-09-01,5,2018-02-01,41487.5799,38534.2142,2953.3658,7.6643
lgbm,2017-09-01,6,2018-03-01,38559.2227,40027.9812,-1468.7586,-3.6693
lgbm,2017-09-01,7,2018-04-01,36908.2702,36668.6995,239.5707,0.6533
lgbm,2017-09-01,8,2018-05-01,35113.0642,34197.8245,915.2397,2.6763
lgbm,2017-09-01,9,2018-06-01,33976.8948,33858.1352,118.7596,0.3508
lgbm,2017-09-01,10,2018-07-01,32611.6824,33919.2557,-1307.5733,-3.855
lgbm,2017-09-01,11,2018-08-01,33753.6861,34465.4632,-711.7771,-2.0652
lgbm,2017-09-01,12,2018-09-01,35506.7285,35488.2045,18.524,0.0522
lgbm,2017-10-01,1,2017-11-01,34401.045,35790.6351,-1389.5901,-3.8826
lgbm,2017-10-01,2,2017-12-01,35221.5418,36736.4746,-1514.9328,-4.1238
lgbm,2017-10-01,3,2018-01-01,40031.4213,39014.7803,1016.641,2.6058
lgbm,2017-10-01,4,2018-02-01,41191.2687,38534.2142,2657.0546,6.8953
lgbm,2017-10-01,5,2018-03-01,38495.317,40027.9812,-1532.6642,-3.829
lgbm,2017-10-01,6,2018-04-01,36827.5871,36668.6995,158.8876,0.4333
lgbm,2017-10-01,7,2018-05-01,34898.8507,34197.8245,701.0262,2.0499
lgbm,2017-10-01,8,2018-06-01,33812.0123,33858.1352,-46.1229,-0.1362
lgbm,2017-10-01,9,2018-07-01,32588.4953,33919.2557,-1330.7604,-3.9233
lgbm,2017-10-01,10,2018-08-01,33581.5316,34465.4632,-883.9316,-2.5647
lgbm,2017-10-01,11,2018-09-01,35496.3298,35488.2045,8.1254,0.0229
lgbm,2017-10-01,12,2018-10-01,36945.848,36868.9276,76.9205,0.2086
lgbm,2017-11-01,1,2017-12-01,35963.233,36736.4746,-773.2416,-2.1048
lgbm,2017-11-01,2,2018-01-01,40050.4643,39014.7803,1035.684,2.6546
lgbm,2017-11-01,3,2018-02-01,41134.908,38534.2142,2600.6939,6.7491
lgbm,2017-11-01,4,2018-03-01,38395.232,40027.9812,-1632.7492,-4.079
lgbm,2017-11-01,5,2018-04-01,36799.7462,36668.6995,131.0467,0.3574
lgbm,2017-11-01,6,2018-05-01,34717.5861,34197.8245,519.7616,1.5199
lgbm,2017-11-01,7,2018-06-01,33610.3337,33858.1352,-247.8015,-0.7319
lgbm,2017-11-01,8,2018-07-01,32419.7741,33919.2557,-1499.4816,-4.4207
lgbm,2017-11-01,9,2018-08-01,33425.1919,34465.4632,-1040.2713,-3.0183
lgbm,2017-11-01,10,2018-09-01,35387.9281,35488.2045,-100.2764,-0.2826
lgbm,2017-11-01,11,2018-10-01,36904.5845,36868.9276,35.6569,0.0967
lgbm,2017-11-01,12,2018-11-01,35842.5563,36725.6111,-883.0548,-2.4045
lgbm,2017-12-01,1,2018-01-01,39868.0255,39014.7803,853.2451,2.187
lgbm,2017-12-01,2,2018-02-01,40993.0891,38534.2142,2458.8749,6.381
lgbm,2017-12-01,3,2018-03-01,38568.517,40027.9812,-1459.4642,-3.6461
lgbm,2017-12-01,4,2018-04-01,36702.2544,36668.6995,33.5549,0.0915
lgbm,2017-12-01,5,2018-05-01,34631.8416,34197.8245,434.0171,1.2691
lgbm,2017-12-01,6,2018-06-01,33622.9018,33858.1352,-235.2335,-0.6948
lgbm,2017-12-01,7,2018-07-01,32387.1046,33919.2557,-1532.1511,-4.5171
lgbm,2017-12-01,8,2018-08-01,33476.5376,34465.4632,-988.9256,-2.8693
lgbm,2017-12-01,9,2018-09-01,34863.3531,35488.2045,-624.8513,-1.7607
lgbm,2017-12-01,10,2018-10-01,36827.4251,36868.9276,-41.5024,-0.1126
lgbm,2017-12-01,11,2018-11-01,35836.2865,36725.6111,-889.3246,-2.4215
lgbm,2017-12-01,12,2018-12-01,36822.5701,38158.3807,-1335.8106,-3.5007
lgbm,2018-01-01,1,2018-02-01,40773.7286,38534.2142,2239.5144,5.8118
lgbm,2018-01-01,2,2018-03-01,38525.0794,40027.9812,-1502.9018,-3.7546
lgbm,2018-01-01,3,2018-04-01,36999.5447,36668.6995,330.8452,0.9023
lgbm,2018-01-01,4,2018-05-01,34677.8403,34197.8245,480.0158,1.4036
lgbm,2018-01-01,5,2018-06-01,33666.9147,33858.1352,-191.2205,-0.5648
lgbm,2018-01-01,6,2018-07-01,32671.7959,33919.2557,-1247.4598,-3.6777
lgbm,2018-01-01,7,2018-08-01,33522.4255,34465.4632,-943.0377,-2.7362
lgbm,2018-01-01,8,2018-09-01,34982.0732,35488.2045,-506.1313,-1.4262
lgbm,2018-01-01,9,2018-10-01,37153.6553,36868.9276,284.7277,0.7723
lgbm,2018-01-01,10,2018-11-01,35858.2578,36725.6111,-867.3533,-2.3617
lgbm,2018-01-01,11,2018-12-01,36860.4452,38158.3807,-1297.9355,-3.4014
lgbm,2018-01-01,12,2019-01-01,39393.0128,42133.9275,-2740.9147,-6.5052
lgbm,2018-02-01,1,2018-03-01,38492.257,40027.9812,-1535.7242,-3.8366
lgbm,2018-02-01,2,2018-04-01,36961.2217,36668.6995,292.5223,0.7977
lgbm,2018-02-01,3,2018-05-01,34649.3306,34197.8245,451.5061,1.3203
lgbm,2018-02-01,4,2018-06-01,33630.3914,33858.1352,-227.7438,-0.6726
lgbm,2018-02-01,5,2018-07-01,32876.3693,33919.2557,-1042.8864,-3.0746
lgbm,2018-02-01,6,2018-08-01,33584.0477,34465.4632,-881.4155,-2.5574
lgbm,2018-02-01,7,2018-09-01,35102.0442,35488.2045,-386.1603,-1.0881
lgbm,2018-02-01,8,2018-10-01,37337.8636,36868.9276,468.9361,1.2719
lgbm,2018-02-01,9,2018-11-01,35926.1556,36725.6111,-799.4554,-2.1768
lgbm,2018-02-01,10,2018-12-01,36946.4845,38158.3807,-1211.8962,-3.176
lgbm,2018-02-01,11,2019-01-01,39149.207,42133.9275,-2984.7206,-7.0839
lgbm,2018-02-01,12,2019-02-01,39702.997,40667.0042,-964.0072,-2.3705
lgbm,2018-03-01,1,2018-04-01,37030.879,36668.6995,362.1796,0.9877
lgbm,2018-03-01,2,2018-05-01,34539.7498,34197.8245,341.9253,0.9998
lgbm,2018-03-01,3,2018-06-01,33623.6012,33858.1352,-234.534,-0.6927
lgbm,2018-03-01,4,2018-07-01,32840.9611,33919.2557,-1078.2946,-3.179
lgbm,2018-03-01,5,2018-08-01,33596.0545,34465.4632,-869.4087,-2.5226
lgbm,2018-03-01,6,2018-09-01,34956.0967,35488.2045,-532.1077,-1.4994
lgbm,2018-03-01,7,2018-10-01,37427.1991,36868.9276,558.2716,1.5142
lgbm,2018-03-01,8,2018-11-01,36084.1523,36725.6111,-641.4588,-1.7466
lgbm,2018-03-01,9,2018-12-01,37063.2835,38158.3807,-1095.0972,-2.8699
lgbm,2018-03-01,10,2019-01-01,38984.2259,42133.9275,-3149.7016,-7.4755
lgbm,2018-03-01,11,2019-02-01,39678.2994,40667.0042,-988.7048,-2.4312
lgbm,2018-03-01,12,2019-03-01,39730.0878,38892.6826,837.4052,2.1531
lgbm,2018-04-01,1,2018-05-01,34498.5671,34197.8245,300.7426,0.8794
lgbm,2018-04-01,2,2018-06-01,33591.3283,33858.1352,-266.8069,-0.788
lgbm,2018-04-01,3,2018-07-01,32661.2201,33919.2557,-1258.0356,-3.7089
lgbm,2018-04-01,4,2018-08-01,33470.2294,34465.4632,-995.2338,-2.8876
lgbm,2018-04-01,5,2018-09-01,34868.2313,35488.2045,-619.9731,-1.747
lgbm,2018-04-01,6,2018-10-01,37278.2106,36868.9276,409.2831,1.1101
lgbm,2018-04-01,7,2018-11-01,35975.1917,36725.6111,-750.4194,-2.0433
lgbm,2018-04-01,8,2018-12-01,36982.3623,38158.3807,-1176.0184,-3.0819
lgbm,2018-04-01,9,2019-01-01,38943.2501,42133.9275,-3190.6774,-7.5727
lgbm,2018-04-01,10,2019-02-01,39696.2055,40667.0042,-970.7987,-2.3872
lgbm,2018-04-01,11,2019-03-01,39605.1943,38892.6826,712.5117,1.832
lgbm,2018-04-01,12,2019-04-01,36965.8996,37888.0324,-922.1328,-2.4338
lgbm,2018-05-01,1,2018-06-01,33461.363,33858.1352,-396.7723,-1.1719
lgbm,2018-05-01,2,2018-07-01,32765.3744,33919.2557,-1153.8813,-3.4018
lgbm,2018-05-01,3,2018-08-01,33384.8491,34465.4632,-1080.6141,-3.1354
lgbm,2018-05-01,4,2018-09-01,34861.3308,35488.2045,-626.8736,-1.7664
lgbm,2018-05-01,5,2018-10-01,37419.9735,36868.9276,551.0459,1.4946
lgbm,2018-05-01,6,2018-11-01,35951.4471,36725.6111,-774.164,-2.108
lgbm,2018-05-01,7,2018-12-01,36924.1299,38158.3807,-1234.2508,-3.2345
lgbm,2018-05-01,8,2019-01-01,38830.6333,42133.9275,-3303.2943,-7.84
lgbm,2018-05-01,9,2019-02-01,39656.3813,40667.0042,-1010.6229,-2.4851
lgbm,2018-05-01,10,2019-03-01,39554.1062,38892.6826,661.4236,1.7006
lgbm,2018-05-01,11,2019-04-01,36800.7057,37888.0324,-1087.3267,-2.8698
lgbm,2018-05-01,12,2019-05-01,34556.6373,35795.5702,-1238.9329,-3.4611
lgbm,2018-06-01,1,2018-07-01,32816.6328,33919.2557,-1102.6229,-3.2507
lgbm,2018-06-01,2,2018-08-01,33451.539,34465.4632,-1013.9242,-2.9419
lgbm,2018-06-01,3,2018-09-01,34875.5739,35488.2045,-612.6306,-1.7263
lgbm,2018-06-01,4,2018-10-01,37381.4555,36868.9276,512.5279,1.3901
lgbm,2018-06-01,5,2018-11-01,35904.821,36725.6111,-820.7901,-2.2349
lgbm,2018-06-01,6,2018-12-01,36912.0256,38158.3807,-1246.3551,-3.2663
lgbm,2018-06-01,7,2019-01-01,38807.6578,42133.9275,-3326.2698,-7.8945
lgbm,2018-06-01,8,2019-02-01,39692.8485,40667.0042,-974.1557,-2.3954
lgbm,2018-06-01,9,2019-03-01,39727.1508,38892.6826,834.4682,2.1456
lgbm,2018-06-01,10,2019-04-01,36944.6281,37888.0324,-943.4043,-2.49
lgbm,2018-06-01,11,2019-05-01,34682.5056,35795.5702,-1113.0647,-3.1095
lgbm,2018-06-01,12,2019-06-01,33422.1805,34226.9213,-804.7408,-2.3512
lgbm,2018-07-01,1,2018-08-01,33541.7649,34465.4632,-923.6983,-2.6801
lgbm,2018-07-01,2,2018-09-01,34801.8931,35488.2045,-686.3114,-1.9339
lgbm,2018-07-01,3,2018-10-01,37212.2987,36868.9276,343.3711,0.9313
lgbm,2018-07-01,4,2018-11-01,35886.5057,36725.6111,-839.1054,-2.2848
lgbm,2018-07-01,5,2018-12-01,36924.8762,38158.3807,-1233.5045,-3.2326
lgbm,2018-07-01,6,2019-01-01,38789.6748,42133.9275,-3344.2528,-7.9372
lgbm,2018-07-01,7,2019-02-01,39402.6371,40667.0042,-1264.3671,-3.1091
lgbm,2018-07-01,8,2019-03-01,39699.5358,38892.6826,806.8532,2.0746
lgbm,2018-07-01,9,2019-04-01,37055.6997,37888.0324,-832.3327,-2.1968
lgbm,2018-07-01,10,2019-05-01,34496.5888,35795.5702,-1298.9814,-3.6289
lgbm,2018-07-01,11,2019-06-01,33419.3157,34226.9213,-807.6056,-2.3596
lgbm,2018-07-01,12,2019-07-01,34098.9009,33569.6216,529.2793,1.5767
lgbm,2018-08-01,1,2018-09-01,34803.9324,35488.2045,-684.272,-1.9282
lgbm,2018-08-01,2,2018-10-01,37305.7409,36868.9276,436.8133,1.1848
lgbm,2018-08-01,3,2018-11-01,35862.2019,36725.6111,-863.4092,-2.351
lgbm,2018-08-01,4,2018-12-01,36887.7551,38158.3807,-1270.6256,-3.3299
lgbm,2018-08-01,5,2019-01-01,38807.4484,42133.9275,-3326.4791,-7.895
lgbm,2018-08-01,6,2019-02-01,39476.5656,40667.0042,-1190.4386,-2.9273
lgbm,2018-08-01,7,2019-03-01,39679.3169,38892.6826,786.6343,2.0226
lgbm,2018-08-01,8,2019-04-01,37025.871,37888.0324,-862.1614,-2.2756
lgbm,2018-08-01,9,2019-05-01,34553.7966,35795.5702,-1241.7736,-3.4691
lgbm,2018-08-01,10,2019-06-01,33382.3338,34226.9213,-844.5874,-2.4676
lgbm,2018-08-01,11,2019-07-01,34240.1649,33569.6216,670.5433,1.9975
lgbm,2018-08-01,12,2019-08-01,34289.3117,34180.6521,108.6595,0.3179
lgbm,2018-09-01,1,2018-10-01,37291.6183,36868.9276,422.6908,1.1465
lgbm,2018-09-01,2,2018-11-01,35809.316,36725.6111,-916.2951,-2.495
lgbm,2018-09-01,3,2018-12-01,36842.1765,38158.3807,-1316.2042,-3.4493
lgbm,2018-09-01,4,2019-01-01,38797.8915,42133.9275,-3336.036,-7.9177
lgbm,2018-09-01,5,2019-02-01,39582.6568,40667.0042,-1084.3474,-2.6664
lgbm,2018-09-01,6,2019-03-01,39757.9,38892.6826,865.2174,2.2246
lgbm,2018-09-01,7,2019-04-01,37082.2678,37888.0324,-805.7645,-2.1267
lgbm,2018-09-01,8,2019-05-01,34609.7621,35795.5702,-1185.8081,-3.3127
lgbm,2018-09-01,9,2019-06-01,33359.8857,34226.9213,-867.0356,-2.5332
lgbm,2018-09-01,10,2019-07-01,34342.6049,33569.6216,772.9833,2.3026
lgbm,2018-09-01,11,2019-08-01,34296.301,34180.6521,115.6489,0.3383
lgbm,2018-09-01,12,2019-09-01,36305.4662,36699.7232,-394.257,-1.0743
lgbm,2018-10-01,1,2018-11-01,35866.811,36725.6111,-858.8,-2.3384
lgbm,2018-10-01,2,2018-12-01,36897.0155,38158.3807,-1261.3652,-3.3056
lgbm,2018-10-01,3,2019-01-01,38679.026,42133.9275,-3454.9016,-8.1998
lgbm,2018-10-01,4,2019-02-01,39617.7159,40667.0042,-1049.2883,-2.5802
lgbm,2018-10-01,5,2019-03-01,39861.5038,38892.6826,968.8212,2.491
lgbm,2018-10-01,6,2019-04-01,37214.1539,37888.0324,-673.8785,-1.7786
lgbm,2018-10-01,7,2019-05-01,34770.9623,35795.5702,-1024.6079,-2.8624
lgbm,2018-10-01,8,2019-06-01,33779.6783,34226.9213,-447.243,-1.3067
lgbm,2018-10-01,9,2019-07-01,34515.3782,33569.6216,945.7566,2.8173
lgbm,2018-10-01,10,2019-08-01,34664.9083,34180.6521,484.2562,1.4168
lgbm,2018-10-01,11,2019-09-01,36407.6193,36699.7232,-292.1039,-0.7959
lgbm,2018-10-01,12,2019-10-01,37585.9713,37918.2543,-332.2831,-0.8763
lgbm,2018-11-01,1,2018-12-01,37196.9741,38158.3807,-961.4066,-2.5195
lgbm,2018-11-01,2,2019-01-01,38597.7506,42133.9275,-3536.1769,-8.3927
lgbm,2018-11-01,3,2019-02-01,39654.8597,40667.0042,-1012.1445,-2.4889
lgbm,2018-11-01,4,2019-03-01,39971.2403,38892.6826,1078.5576,2.7732
lgbm,2018-11-01,5,2019-04-01,37254.3148,37888.0324,-633.7176,-1.6726
lgbm,2018-11-01,6,2019-05-01,34767.7784,35795.5702,-1027.7918,-2.8713
lgbm,2018-11-01,7,2019-06-01,33745.6707,34226.9213,-481.2506,-1.4061
lgbm,2018-11-01,8,2019-07-01,34547.138,33569.6216,977.5164,2.9119
lgbm,2018-11-01,9,2019-08-01,34668.1287,34180.6521,487.4766,1.4262
lgbm,2018-11-01,10,2019-09-01,36450.8568,36699.7232,-248.8664,-0.6781
lgbm,2018-11-01,11,2019-10-01,37642.9136,37918.2543,-275.3407,-0.7261
lgbm,2018-11-01,12,2019-11-01,37325.2184,37089.4265,235.7919,0.6357
lgbm,2018-12-01,1,2019-01-01,38475.4963,42133.9275,-3658.4313,-8.6829
lgbm,2018-12-01,2,2019-02-01,39594.7862,40667.0042,-1072.218,-2.6366
lgbm,2018-12-01,3,2019-03-01,39913.5283,38892.6826,1020.8457,2.6248
lgbm,2018-12-01,4,2019-04-01,37030.8564,37888.0324,-857.176,-2.2624
lgbm,2018-12-01,5,2019-05-01,34718.6582,35795.5702,-1076.9121,-3.0085
lgbm,2018-12-01,6,2019-06-01,33775.2976,34226.9213,-451.6236,-1.3195
lgbm,2018-12-01,7,2019-07-01,34577.4698,33569.6216,1007.8482,3.0023
lgbm,2018-12-01,8,2019-08-01,34674.6261,34180.6521,493.974,1.4452
lgbm,2018-12-01,9,2019-09-01,36580.9105,36699.7232,-118.8127,-0.3237
lgbm,2018-12-01,10,2019-10-01,37752.0255,37918.2543,-166.2288,-0.4384
lgbm,2018-12-01,11,2019-11-01,37391.6646,37089.4265,302.2381,0.8149
lgbm,2018-12-01,12,2019-12-01,39533.6247,36887.2681,2646.3565,7.1742
lgbm,2019-01-01,1,2019-02-01,38397.4702,40667.0042,-2269.534,-5.5808
lgbm,2019-01-01,2,2019-03-01,38959.5126,38892.6826,66.83,0.1718
lgbm,2019-01-01,3,2019-04-01,36353.2611,37888.0324,-1534.7713,-4.0508
lgbm,2019-01-01,4,2019-05-01,33969.7073,35795.5702,-1825.8629,-5.1008
lgbm,2019-01-01,5,2019-06-01,32958.9415,34226.9213,-1267.9798,-3.7046
lgbm,2019-01-01,6,2019-07-01,33797.2941,33569.6216,227.6725,0.6782
lgbm,2019-01-01,7,2019-08-01,33850.2861,34180.6521,-330.3661,-0.9665
lgbm,2019-01-01,8,2019-09-01,35559.8369,36699.7232,-1139.8863,-3.106
lgbm,2019-01-01,9,2019-10-01,36929.3458,37918.2543,-988.9086,-2.608
lgbm,2019-01-01,10,2019-11-01,36474.3211,37089.4265,-615.1054,-1.6584
lgbm,2019-01-01,11,2019-12-01,38463.1886,36887.2681,1575.9205,4.2723
lgbm,2019-02-01,1,2019-03-01,38845.6404,38892.6826,-47.0422,-0.121
lgbm,2019-02-01,2,2019-04-01,36327.3482,37888.0324,-1560.6841,-4.1192
lgbm,2019-02-01,3,2019-05-01,34057.9529,35795.5702,-1737.6173,-4.8543
lgbm,2019-02-01,4,2019-06-01,32901.2754,34226.9213,-1325.6459,-3.8731
lgbm,2019-02-01,5,2019-07-01,33839.8733,33569.6216,270.2517,0.805
lgbm,2019-02-01,6,2019-08-01,33866.3798,34180.6521,-314.2723,-0.9194
lgbm,2019-02-01,7,2019-09-01,36079.8291,36699.7232,-619.8941,-1.6891
lgbm,2019-02-01,8,2019-10-01,36930.7675,37918.2543,-987.4868,-2.6043
lgbm,2019-02-01,9,2019-11-01,36576.0626,37089.4265,-513.3639,-1.3841
lgbm,2019-02-01,10,2019-12-01,38541.8243,36887.2681,1654.5562,4.4854
lgbm,2019-03-01,1,2019-04-01,36644.9599,37888.0324,-1243.0725,-3.2809
lgbm,2019-03-01,2,2019-05-01,34473.3774,35795.5702,-1322.1929,-3.6937
lgbm,2019-03-01,3,2019-06-01,32744.035,34226.9213,-1482.8863,-4.3325
lgbm,2019-03-01,4,2019-07-01,34267.8083,33569.6216,698.1867,2.0798
lgbm,2019-03-01,5,2019-08-01,34200.4557,34180.6521,19.8036,0.0579
lgbm,2019-03-01,6,2019-09-01,36575.6675,36699.7232,-124.0557,-0.338
lgbm,2019-03-01,7,2019-10-01,37381.2604,37918.2543,-536.994,-1.4162
lgbm,2019-03-01,8,2019-11-01,36970.6302,37089.4265,-118.7962,-0.3203
lgbm,2019-03-01,9,2019-12-01,39057.9331,36887.2681,2170.665,5.8846
lgbm,2019-04-01,1,2019-05-01,34969.7841,35795.5702,-825.7861,-2.307
lgbm,2019-04-01,2,2019-06-01,33214.6439,34226.9213,-1012.2774,-2.9575
lgbm,2019-04-01,3,2019-07-01,34707.6266,33569.6216,1138.005,3.39
lgbm,2019-04-01,4,2019-08-01,34766.7214,34180.6521,586.0693,1.7146
lgbm,2019-04-01,5,2019-09-01,36814.4824,36699.7232,114.7592,0.3127
lgbm,2019-04-01,6,2019-10-01,37745.5991,37918.2543,-172.6553,-0.4553
lgbm,2019-04-01,7,2019-11-01,37366.2304,37089.4265,276.8039,0.7463
lgbm,2019-04-01,8,2019-12-01,39518.5578,36887.2681,2631.2897,7.1333
lgbm,2019-05-01,1,2019-06-01,33285.8884,34226.9213,-941.0329,-2.7494
lgbm,2019-05-01,2,2019-07-01,34868.8298,33569.6216,1299.2081,3.8702
lgbm,2019-05-01,3,2019-08-01,34673.8048,34180.6521,493.1527,1.4428
lgbm,2019-05-01,4,2019-09-01,36924.8009,36699.7232,225.0777,0.6133
lgbm,2019-05-01,5,2019-10-01,37896.5918,37918.2543,-21.6626,-0.0571
lgbm,2019-05-01,6,2019-11-01,37425.4145,37089.4265,335.988,0.9059
lgbm,2019-05-01,7,2019-12-01,39688.8495,36887.2681,2801.5814,7.595
lgbm,2019-06-01,1,2019-07-01,34814.3526,33569.6216,1244.731,3.7079
lgbm,2019-06-01,2,2019-08-01,34738.6775,34180.6521,558.0254,1.6326
lgbm,2019-06-01,3,2019-09-01,36773.7642,36699.7232,74.041,0.2017
lgbm,2019-06-01,4,2019-10-01,37814.1984,37918.2543,-104.056,-0.2744
lgbm,2019-06-01,5,2019-11-01,37436.443,37089.4265,347.0165,0.9356
lgbm,2019-06-01,6,2019-12-01,39370.0616,36887.2681,2482.7934,6.7308
lgbm,2019-07-01,1,2019-08-01,34890.2017,34180.6521,709.5496,2.0759
lgbm,2019-07-01,2,2019-09-01,36785.3958,36699.7232,85.6726,0.2334
lgbm,2019-07-01,3,2019-10-01,37346.587,37918.2543,-571.6673,-1.5076
lgbm,2019-07-01,4,2019-11-01,37428.6477,37089.4265,339.2212,0.9146
lgbm,2019-07-01,5,2019-12-01,39550.4446,36887.2681,2663.1765,7.2198
lgbm,2019-08-01,1,2019-09-01,36833.6126,36699.7232,133.8894,0.3648
lgbm,2019-08-01,2,2019-10-01,37384.9441,37918.2543,-533.3102,-1.4065
lgbm,2019-08-01,3,2019-11-01,37532.4568,37089.4265,443.0303,1.1945
lgbm,2019-08-01,4,2019-12-01,39595.4292,36887.2681,2708.1611,7.3417
lgbm,2019-09-01,1,2019-10-01,37326.1657,37918.2543,-592.0887,-1.5615
lgbm,2019-09-01,2,2019-11-01,37510.7909,37089.4265,421.3644,1.1361
lgbm,2019-09-01,3,2019-12-01,39511.5242,36887.2681,2624.256,7.1143
lgbm,2019-10-01,1,2019-11-01,37410.1046,37089.4265,320.6781,0.8646
lgbm,2019-10-01,2,2019-12-01,39424.0929,36887.2681,2536.8248,6.8772
lgbm,2019-11-01,1,2019-12-01,39432.2655,36887.2681,2544.9973,6.8994
comb_ets_sarima,2011-01-01,12,2012-01-01,35468.8914,35138.7467,330.1447,0.9395
comb_ets_sarima,2011-02-01,11,2012-01-01,36145.1051,35138.7467,1006.3584,2.864
comb_ets_sarima,2011-02-01,12,2012-02-01,37540.4757,37785.0274,-244.5517,-0.6472
comb_ets_sarima,2011-03-01,10,2012-01-01,34393.8869,35138.7467,-744.8598,-2.1198
comb_ets_sarima,2011-03-01,11,2012-02-01,35767.7335,37785.0274,-2017.2939,-5.3389
comb_ets_sarima,2011-03-01,12,2012-03-01,35942.9993,38142.0916,-2199.0923,-5.7655
comb_ets_sarima,2011-04-01,9,2012-01-01,34846.4041,35138.7467,-292.3427,-0.832
comb_ets_sarima,2011-04-01,10,2012-02-01,36209.0037,37785.0274,-1576.0237,-4.171
comb_ets_sarima,2011-04-01,11,2012-03-01,36436.6754,38142.0916,-1705.4162,-4.4712
comb_ets_sarima,2011-04-01,12,2012-04-01,35108.644,36429.9418,-1321.2978,-3.627
comb_ets_sarima,2011-05-01,8,2012-01-01,34855.3571,35138.7467,-283.3896,-0.8065
comb_ets_sarima,2011-05-01,9,2012-02-01,36219.7282,37785.0274,-1565.2992,-4.1426
comb_ets_sarima,2011-05-01,10,2012-03-01,36449.4004,38142.0916,-1692.6912,-4.4379
comb_ets_sarima,2011-05-01,11,2012-04-01,35122.7495,36429.9418,-1307.1923,-3.5882
comb_ets_sarima,2011-05-01,12,2012-05-01,33955.3881,34040.2569,-84.8688,-0.2493
comb_ets_sarima,2011-06-01,7,2012-01-01,34435.1875,35138.7467,-703.5592,-2.0022
comb_ets_sarima,2011-06-01,8,2012-02-01,35705.1569,37785.0274,-2079.8705,-5.5045
comb_ets_sarima,2011-06-01,9,2012-03-01,35939.7946,38142.0916,-2202.297,-5.7739
comb_ets_sarima,2011-06-01,10,2012-04-01,34629.2122,36429.9418,-1800.7296,-4.943
comb_ets_sarima,2011-06-01,11,2012-05-01,33523.2917,34040.2569,-516.9652,-1.5187
comb_ets_sarima,2011-06-01,12,2012-06-01,33181.7136,32396.5755,785.1381,2.4235
comb_ets_sarima,2011-07-01,6,2012-01-01,34386.4374,35138.7467,-752.3094,-2.141
comb_ets_sarima,2011-07-01,7,2012-02-01,35732.7073,37785.0274,-2052.3201,-5.4316
comb_ets_sarima,2011-07-01,8,2012-03-01,35959.2246,38142.0916,-2182.8669,-5.723
comb_ets_sarima,2011-07-01,9,2012-04-01,34650.9549,36429.9418,-1778.9869,-4.8833
comb_ets_sarima,2011-07-01,10,2012-05-01,33499.3934,34040.2569,-540.8635,-1.5889
comb_ets_sarima,2011-07-01,11,2012-06-01,33157.5619,32396.5755,760.9864,2.349
comb_ets_sarima,2011-07-01,12,2012-07-01,33573.8949,32553.3452,1020.5497,3.135
comb_ets_sarima,2011-08-01,5,2012-01-01,34988.8859,35138.7467,-149.8608,-0.4265
comb_ets_sarima,2011-08-01,6,2012-02-01,36352.319,37785.0274,-1432.7083,-3.7917
comb_ets_sarima,2011-08-01,7,2012-03-01,36576.0311,38142.0916,-1566.0605,-4.1059
comb_ets_sarima,2011-08-01,8,2012-04-01,35238.0937,36429.9418,-1191.8481,-3.2716
comb_ets_sarima,2011-08-01,9,2012-05-01,34059.5702,34040.2569,19.3134,0.0567
comb_ets_sarima,2011-08-01,10,2012-06-01,33704.7765,32396.5755,1308.201,4.0381
comb_ets_sarima,2011-08-01,11,2012-07-01,34121.0129,32553.3452,1567.6677,4.8157
comb_ets_sarima,2011-08-01,12,2012-08-01,35071.9955,34867.9263,204.0692,0.5853
comb_ets_sarima,2011-09-01,4,2012-01-01,34990.7992,35138.7467,-147.9476,-0.421
comb_ets_sarima,2011-09-01,5,2012-02-01,36354.5072,37785.0274,-1430.5202,-3.7859
comb_ets_sarima,2011-09-01,6,2012-03-01,36580.3781,38142.0916,-1561.7135,-4.0945
comb_ets_sarima,2011-09-01,7,2012-04-01,35244.0189,36429.9418,-1185.9229,-3.2554
comb_ets_sarima,2011-09-01,8,2012-05-01,34067.276,34040.2569,27.0191,0.0794
comb_ets_sarima,2011-09-01,9,2012-06-01,33714.3367,32396.5755,1317.7612,4.0676
comb_ets_sarima,2011-09-01,10,2012-07-01,34132.4489,32553.3452,1579.1037,4.8508
comb_ets_sarima,2011-09-01,11,2012-08-01,35085.4404,34867.9263,217.514,0.6238
comb_ets_sarima,2011-09-01,12,2012-09-01,35482.7276,35552.6986,-69.971,-0.1968
comb_ets_sarima,2011-10-01,3,2012-01-01,34534.7847,35138.7467,-603.9621,-1.7188
comb_ets_sarima,2011-10-01,4,2012-02-01,35878.2932,37785.0274,-1906.7342,-5.0463
comb_ets_sarima,2011-10-01,5,2012-03-01,36104.2097,38142.0916,-2037.8819,-5.3429
comb_ets_sarima,2011-10-01,6,2012-04-01,34786.9791,36429.9418,-1642.9627,-4.5099
comb_ets_sarima,2011-10-01,7,2012-05-01,33627.6188,34040.2569,-412.6381,-1.2122
comb_ets_sarima,2011-10-01,8,2012-06-01,33281.1644,32396.5755,884.5889,2.7305
comb_ets_sarima,2011-10-01,9,2012-07-01,33695.9506,32553.3452,1142.6053,3.5099
comb_ets_sarima,2011-10-01,10,2012-08-01,34638.7188,34867.9263,-229.2075,-0.6574
comb_ets_sarima,2011-10-01,11,2012-09-01,35032.7612,35552.6986,-519.9374,-1.4624
comb_ets_sarima,2011-10-01,12,2012-10-01,35112.5452,36868.8102,-1756.2649,-4.7636
comb_ets_sarima,2011-11-01,2,2012-01-01,34636.4039,35138.7467,-502.3428,-1.4296
comb_ets_sarima,2011-11-01,3,2012-02-01,36009.6228,37785.0274,-1775.4046,-4.6987
comb_ets_sarima,2011-11-01,4,2012-03-01,36229.0516,38142.0916,-1913.04,-5.0156
comb_ets_sarima,2011-11-01,5,2012-04-01,34910.6571,36429.9418,-1519.2848,-4.1704
comb_ets_sarima,2011-11-01,6,2012-05-01,33747.2463,34040.2569,-293.0105,-0.8608
comb_ets_sarima,2011-11-01,7,2012-06-01,33400.5747,32396.5755,1003.9992,3.0991
comb_ets_sarima,2011-11-01,8,2012-07-01,33817.563,32553.3452,1264.2178,3.8835
comb_ets_sarima,2011-11-01,9,2012-08-01,34764.5516,34867.9263,-103.3748,-0.2965
comb_ets_sarima,2011-11-01,10,2012-09-01,35160.8563,35552.6986,-391.8423,-1.1021
comb_ets_sarima,2011-11-01,11,2012-10-01,35241.8882,36868.8102,-1626.9219,-4.4127
comb_ets_sarima,2011-11-01,12,2012-11-01,35148.9063,34588.8219,560.0844,1.6193
comb_ets_sarima,2011-12-01,1,2012-01-01,35306.9023,35138.7467,168.1556,0.4785
comb_ets_sarima,2011-12-01,2,2012-02-01,36782.3807,37785.0274,-1002.6467,-2.6536
comb_ets_sarima,2011-12-01,3,2012-03-01,36971.1192,38142.0916,-1170.9723,-3.07
comb_ets_sarima,2011-12-01,4,2012-04-01,35631.1528,36429.9418,-798.789,-2.1927
comb_ets_sarima,2011-12-01,5,2012-05-01,34437.9513,34040.2569,397.6944,1.1683
comb_ets_sarima,2011-12-01,6,2012-06-01,34078.9832,32396.5755,1682.4077,5.1932
comb_ets_sarima,2011-12-01,7,2012-07-01,34502.0537,32553.3452,1948.7085,5.9862
comb_ets_sarima,2011-12-01,8,2012-08-01,35465.1379,34867.9263,597.2116,1.7128
comb_ets_sarima,2011-12-01,9,2012-09-01,35868.2926,35552.6986,315.594,0.8877
comb_ets_sarima,2011-12-01,10,2012-10-01,35943.4047,36868.8102,-925.4055,-2.51
comb_ets_sarima,2011-12-01,11,2012-11-01,35847.7154,34588.8219,1258.8934,3.6396
comb_ets_sarima,2011-12-01,12,2012-12-01,35459.759,36179.2566,-719.4976,-1.9887
comb_ets_sarima,2012-01-01,1,2012-02-01,36676.9511,37785.0274,-1108.0763,-2.9326
comb_ets_sarima,2012-01-01,2,2012-03-01,36872.7592,38142.0916,-1269.3324,-3.3279
comb_ets_sarima,2012-01-01,3,2012-04-01,35539.1793,36429.9418,-890.7625,-2.4451
comb_ets_sarima,2012-01-01,4,2012-05-01,34344.0544,34040.2569,303.7975,0.8925
comb_ets_sarima,2012-01-01,5,2012-06-01,33986.5198,32396.5755,1589.9443,4.9078
comb_ets_sarima,2012-01-01,6,2012-07-01,34404.3062,32553.3452,1850.961,5.6859
comb_ets_sarima,2012-01-01,7,2012-08-01,35361.9651,34867.9263,494.0388,1.4169
comb_ets_sarima,2012-01-01,8,2012-09-01,35759.3739,35552.6986,206.6754,0.5813
comb_ets_sarima,2012-01-01,9,2012-10-01,35835.9267,36868.8102,-1032.8834,-2.8015
comb_ets_sarima,2012-01-01,10,2012-11-01,35735.7398,34588.8219,1146.9178,3.3159
comb_ets_sarima,2012-01-01,11,2012-12-01,35342.4208,36179.2566,-836.8358,-2.313
comb_ets_sarima,2012-01-01,12,2013-01-01,35771.5565,34415.2791,1356.2775,3.9409
comb_ets_sarima,2012-02-01,1,2012-03-01,37426.4147,38142.0916,-715.6769,-1.8763
comb_ets_sarima,2012-02-01,2,2012-04-01,36224.6467,36429.9418,-205.2951,-0.5635
comb_ets_sarima,2012-02-01,3,2012-05-01,34974.8039,34040.2569,934.547,2.7454
comb_ets_sarima,2012-02-01,4,2012-06-01,34563.9491,32396.5755,2167.3736,6.6901
comb_ets_sarima,2012-02-01,5,2012-07-01,35008.208,32553.3452,2454.8627,7.541
comb_ets_sarima,2012-02-01,6,2012-08-01,35988.6739,34867.9263,1120.7476,3.2143
comb_ets_sarima,2012-02-01,7,2012-09-01,36429.8401,35552.6986,877.1415,2.4672
comb_ets_sarima,2012-02-01,8,2012-10-01,36414.9584,36868.8102,-453.8518,-1.231
comb_ets_sarima,2012-02-01,9,2012-11-01,36360.4403,34588.8219,1771.6184,5.1219
comb_ets_sarima,2012-02-01,10,2012-12-01,36048.6079,36179.2566,-130.6487,-0.3611
comb_ets_sarima,2012-02-01,11,2013-01-01,36472.4555,34415.2791,2057.1764,5.9775
comb_ets_sarima,2012-02-01,12,2013-02-01,38314.7039,36703.9906,1610.7134,4.3884
comb_ets_sarima,2012-03-01,1,2012-04-01,36736.3394,36429.9418,306.3976,0.8411
comb_ets_sarima,2012-03-01,2,2012-05-01,35454.3016,34040.2569,1414.0448,4.154
comb_ets_sarima,2012-03-01,3,2012-06-01,35070.8236,32396.5755,2674.2481,8.2547
comb_ets_sarima,2012-03-01,4,2012-07-01,35497.4573,32553.3452,2944.1121,9.044
comb_ets_sarima,2012-03-01,5,2012-08-01,36479.1522,34867.9263,1611.2258,4.6209
comb_ets_sarima,2012-03-01,6,2012-09-01,36891.5409,35552.6986,1338.8423,3.7658
comb_ets_sarima,2012-03-01,7,2012-10-01,36939.4772,36868.8102,70.667,0.1917
comb_ets_sarima,2012-03-01,8,2012-11-01,36840.5933,34588.8219,2251.7714,6.5101
comb_ets_sarima,2012-03-01,9,2012-12-01,36448.8852,36179.2566,269.6286,0.7453
comb_ets_sarima,2012-03-01,10,2013-01-01,36881.1676,34415.2791,2465.8886,7.1651
comb_ets_sarima,2012-03-01,11,2013-02-01,38656.3687,36703.9906,1952.3782,5.3193
comb_ets_sarima,2012-03-01,12,2013-03-01,38820.3027,36142.0469,2678.2558,7.4104
comb_ets_sarima,2012-04-01,1,2012-05-01,35224.5101,34040.2569,1184.2532,3.479
comb_ets_sarima,2012-04-01,2,2012-06-01,34750.705,32396.5755,2354.1295,7.2666
comb_ets_sarima,2012-04-01,3,2012-07-01,35198.725,32553.3452,2645.3798,8.1263
comb_ets_sarima,2012-04-01,4,2012-08-01,36171.3816,34867.9263,1303.4552,3.7383
comb_ets_sarima,2012-04-01,5,2012-09-01,36586.8456,35552.6986,1034.147,2.9088
comb_ets_sarima,2012-04-01,6,2012-10-01,36641.044,36868.8102,-227.7662,-0.6178
comb_ets_sarima,2012-04-01,7,2012-11-01,36547.6365,34588.8219,1958.8146,5.6631
comb_ets_sarima,2012-04-01,8,2012-12-01,36162.9209,36179.2566,-16.3358,-0.0452
comb_ets_sarima,2012-04-01,9,2013-01-01,36597.4716,34415.2791,2182.1926,6.3408
comb_ets_sarima,2012-04-01,10,2013-02-01,38362.1722,36703.9906,1658.1816,4.5177
comb_ets_sarima,2012-04-01,11,2013-03-01,38532.3553,36142.0469,2390.3084,6.6136
comb_ets_sarima,2012-04-01,12,2013-04-01,37160.7107,34505.9381,2654.7726,7.6937
comb_ets_sarima,2012-05-01,1,2012-06-01,33922.7729,32396.5755,1526.1974,4.711
comb_ets_sarima,2012-05-01,2,2012-07-01,34283.0102,32553.3452,1729.665,5.3133
comb_ets_sarima,2012-05-01,3,2012-08-01,35254.3253,34867.9263,386.399,1.1082
comb_ets_sarima,2012-05-01,4,2012-09-01,35662.8319,35552.6986,110.1333,0.3098
comb_ets_sarima,2012-05-01,5,2012-10-01,35728.6235,36868.8102,-1140.1866,-3.0926
comb_ets_sarima,2012-05-01,6,2012-11-01,35645.0475,34588.8219,1056.2255,3.0537
comb_ets_sarima,2012-05-01,7,2012-12-01,35276.7608,36179.2566,-902.4959,-2.4945
comb_ets_sarima,2012-05-01,8,2013-01-01,35709.4106,34415.2791,1294.1315,3.7603
comb_ets_sarima,2012-05-01,9,2013-02-01,37436.3606,36703.9906,732.37,1.9953
comb_ets_sarima,2012-05-01,10,2013-03-01,37614.5862,36142.0469,1472.5393,4.0743
comb_ets_sarima,2012-05-01,11,2013-04-01,36284.3768,34505.9381,1778.4388,5.154
comb_ets_sarima,2012-05-01,12,2013-05-01,34787.1403,33046.0622,1741.0781,5.2686
comb_ets_sarima,2012-06-01,1,2012-07-01,33175.6744,32553.3452,622.3292,1.9117
comb_ets_sarima,2012-06-01,2,2012-08-01,34043.3607,34867.9263,-824.5656,-2.3648
comb_ets_sarima,2012-06-01,3,2012-09-01,34484.673,35552.6986,-1068.0255,-3.0041
comb_ets_sarima,2012-06-01,4,2012-10-01,34503.1528,36868.8102,-2365.6573,-6.4164
comb_ets_sarima,2012-06-01,5,2012-11-01,34461.504,34588.8219,-127.3179,-0.3681
comb_ets_sarima,2012-06-01,6,2012-12-01,34166.4523,36179.2566,-2012.8043,-5.5634
comb_ets_sarima,2012-06-01,7,2013-01-01,34588.0332,34415.2791,172.7541,0.502
comb_ets_sarima,2012-06-01,8,2013-02-01,36330.0674,36703.9906,-373.9232,-1.0188
comb_ets_sarima,2012-06-01,9,2013-03-01,36434.4157,36142.0469,292.3688,0.8089
comb_ets_sarima,2012-06-01,10,2013-04-01,35153.9623,34505.9381,648.0242,1.878
comb_ets_sarima,2012-06-01,11,2013-05-01,33678.0501,33046.0622,631.9879,1.9124
comb_ets_sarima,2012-06-01,12,2013-06-01,32975.8545,32968.8521,7.0024,0.0212
comb_ets_sarima,2012-07-01,1,2012-08-01,33571.798,34867.9263,-1296.1284,-3.7173
comb_ets_sarima,2012-07-01,2,2012-09-01,34054.3162,35552.6986,-1498.3824,-4.2145
comb_ets_sarima,2012-07-01,3,2012-10-01,34086.1863,36868.8102,-2782.6239,-7.5474
comb_ets_sarima,2012-07-01,4,2012-11-01,34035.5708,34588.8219,-553.2512,-1.5995
comb_ets_sarima,2012-07-01,5,2012-12-01,33717.5259,36179.2566,-2461.7307,-6.8043
comb_ets_sarima,2012-07-01,6,2013-01-01,34139.1534,34415.2791,-276.1257,-0.8023
comb_ets_sarima,2012-07-01,7,2013-02-01,35827.5963,36703.9906,-876.3943,-2.3877
comb_ets_sarima,2012-07-01,8,2013-03-01,35973.2162,36142.0469,-168.8307,-0.4671
comb_ets_sarima,2012-07-01,9,2013-04-01,34711.5374,34505.9381,205.5993,0.5958
comb_ets_sarima,2012-07-01,10,2013-05-01,33275.3929,33046.0622,229.3307,0.694
comb_ets_sarima,2012-07-01,11,2013-06-01,32612.2367,32968.8521,-356.6154,-1.0817
comb_ets_sarima,2012-07-01,12,2013-07-01,33005.711,32891.3969,114.3141,0.3476
comb_ets_sarima,2012-08-01,1,2012-09-01,35130.7758,35552.6986,-421.9228,-1.1868
comb_ets_sarima,2012-08-01,2,2012-10-01,35146.0556,36868.8102,-1722.7545,-4.6727
comb_ets_sarima,2012-08-01,3,2012-11-01,35090.3034,34588.8219,501.4815,1.4498
comb_ets_sarima,2012-08-01,4,2012-12-01,34794.2281,36179.2566,-1385.0285,-3.8282
comb_ets_sarima,2012-08-01,5,2013-01-01,35212.7963,34415.2791,797.5172,2.3173
comb_ets_sarima,2012-08-01,6,2013-02-01,36991.4118,36703.9906,287.4213,0.7831
comb_ets_sarima,2012-08-01,7,2013-03-01,37073.6892,36142.0469,931.6423,2.5777
comb_ets_sarima,2012-08-01,8,2013-04-01,35761.796,34505.9381,1255.8579,3.6395
comb_ets_sarima,2012-08-01,9,2013-05-01,34243.0095,33046.0622,1196.9473,3.6221
comb_ets_sarima,2012-08-01,10,2013-06-01,33507.8445,32968.8521,538.9924,1.6349
comb_ets_sarima,2012-08-01,11,2013-07-01,33897.7328,32891.3969,1006.3359,3.0596
comb_ets_sarima,2012-08-01,12,2013-08-01,35147.6177,33964.2456,1183.3721,3.4842
comb_ets_sarima,2012-09-01,1,2012-10-01,35503.3884,36868.8102,-1365.4217,-3.7035
comb_ets_sarima,2012-09-01,2,2012-11-01,35368.8566,34588.8219,780.0347,2.2552
comb_ets_sarima,2012-09-01,3,2012-12-01,35199.6359,36179.2566,-979.6207,-2.7077
comb_ets_sarima,2012-09-01,4,2013-01-01,35551.4651,34415.2791,1136.186,3.3014
comb_ets_sarima,2012-09-01,5,2013-02-01,37463.5968,36703.9906,759.6062,2.0695
comb_ets_sarima,2012-09-01,6,2013-03-01,37432.5756,36142.0469,1290.5287,3.5707
comb_ets_sarima,2012-09-01,7,2013-04-01,36141.9848,34505.9381,1636.0468,4.7413
comb_ets_sarima,2012-09-01,8,2013-05-01,34539.8758,33046.0622,1493.8136,4.5204
comb_ets_sarima,2012-09-01,9,2013-06-01,33765.1648,32968.8521,796.3128,2.4153
comb_ets_sarima,2012-09-01,10,2013-07-01,34133.4588,32891.3969,1242.0619,3.7763
comb_ets_sarima,2012-09-01,11,2013-08-01,35463.2527,33964.2456,1499.0071,4.4135
comb_ets_sarima,2012-09-01,12,2013-09-01,36077.9698,34766.6241,1311.3457,3.7719
comb_ets_sarima,2012-10-01,1,2012-11-01,36362.4532,34588.8219,1773.6313,5.1278
comb_ets_sarima,2012-10-01,2,2012-12-01,36148.7138,36179.2566,-30.5429,-0.0844
comb_ets_sarima,2012-10-01,3,2013-01-01,36553.5165,34415.2791,2138.2375,6.213
comb_ets_sarima,2012-10-01,4,2013-02-01,38480.2173,36703.9906,1776.2267,4.8393
comb_ets_sarima,2012-10-01,5,2013-03-01,38470.3118,36142.0469,2328.2649,6.442
comb_ets_sarima,2012-10-01,6,2013-04-01,37103.1115,34505.9381,2597.1734,7.5267
comb_ets_sarima,2012-10-01,7,2013-05-01,35469.7113,33046.0622,2423.6491,7.3342
comb_ets_sarima,2012-10-01,8,2013-06-01,34631.5699,32968.8521,1662.7178,5.0433
comb_ets_sarima,2012-10-01,9,2013-07-01,35020.4705,32891.3969,2129.0736,6.473
comb_ets_sarima,2012-10-01,10,2013-08-01,36380.562,33964.2456,2416.3164,7.1143
comb_ets_sarima,2012-10-01,11,2013-09-01,37018.7288,34766.6241,2252.1047,6.4778
comb_ets_sarima,2012-10-01,12,2013-10-01,37330.389,35404.5633,1925.8257,5.4395
comb_ets_sarima,2012-11-01,1,2012-12-01,35316.653,36179.2566,-862.6036,-2.3842
comb_ets_sarima,2012-11-01,2,2013-01-01,35630.8678,34415.2791,1215.5887,3.5321
comb_ets_sarima,2012-11-01,3,2013-02-01,37754.079,36703.9906,1050.0884,2.861
comb_ets_sarima,2012-11-01,4,2013-03-01,37386.229,36142.0469,1244.1821,3.4425
comb_ets_sarima,2012-11-01,5,2013-04-01,36245.4482,34505.9381,1739.5101,5.0412
comb_ets_sarima,2012-11-01,6,2013-05-01,34445.207,33046.0622,1399.1447,4.2339
comb_ets_sarima,2012-11-01,7,2013-06-01,33455.6346,32968.8521,486.7825,1.4765
comb_ets_sarima,2012-11-01,8,2013-07-01,33792.6869,32891.3969,901.29,2.7402
comb_ets_sarima,2012-11-01,9,2013-08-01,35415.0009,33964.2456,1450.7553,4.2714
comb_ets_sarima,2012-11-01,10,2013-09-01,35933.9776,34766.6241,1167.3535,3.3577
comb_ets_sarima,2012-11-01,11,2013-10-01,36338.6472,35404.5633,934.0839,2.6383
comb_ets_sarima,2012-11-01,12,2013-11-01,35440.4609,35381.6161,58.8449,0.1663
comb_ets_sarima,2012-12-01,1,2013-01-01,36237.8331,34415.2791,1822.5541,5.2958
comb_ets_sarima,2012-12-01,2,2013-02-01,38361.4719,36703.9906,1657.4813,4.5158
comb_ets_sarima,2012-12-01,3,2013-03-01,38002.8101,36142.0469,1860.7632,5.1485
comb_ets_sarima,2012-12-01,4,2013-04-01,36820.2539,34505.9381,2314.3158,6.707
comb_ets_sarima,2012-12-01,5,2013-05-01,34979.4232,33046.0622,1933.361,5.8505
comb_ets_sarima,2012-12-01,6,2013-06-01,33961.9412,32968.8521,993.0891,3.0122
comb_ets_sarima,2012-12-01,7,2013-07-01,34292.9951,32891.3969,1401.5982,4.2613
comb_ets_sarima,2012-12-01,8,2013-08-01,35929.4625,33964.2456,1965.2169,5.7861
comb_ets_sarima,2012-12-01,9,2013-09-01,36451.4028,34766.6241,1684.7787,4.846
comb_ets_sarima,2012-12-01,10,2013-10-01,36862.4786,35404.5633,1457.9154,4.1179
comb_ets_sarima,2012-12-01,11,2013-11-01,35929.0813,35381.6161,547.4653,1.5473
comb_ets_sarima,2012-12-01,12,2013-12-01,36443.2881,35314.9921,1128.296,3.1949
comb_ets_sarima,2013-01-01,1,2013-02-01,36984.6204,36703.9906,280.6298,0.7646
comb_ets_sarima,2013-01-01,2,2013-03-01,36751.3277,36142.0469,609.2808,1.6858
comb_ets_sarima,2013-01-01,3,2013-04-01,35567.0236,34505.9381,1061.0855,3.0751
comb_ets_sarima,2013-01-01,4,2013-05-01,33980.389,33046.0622,934.3268,2.8273
comb_ets_sarima,2013-01-01,5,2013-06-01,33225.6131,32968.8521,256.7611,0.7788
comb_ets_sarima,2013-01-01,6,2013-07-01,33603.0598,32891.3969,711.6629,2.1637
comb_ets_sarima,2013-01-01,7,2013-08-01,34897.5735,33964.2456,933.3279,2.748
comb_ets_sarima,2013-01-01,8,2013-09-01,35517.3026,34766.6241,750.6785,2.1592
comb_ets_sarima,2013-01-01,9,2013-10-01,35819.5968,35404.5633,415.0336,1.1723
comb_ets_sarima,2013-01-01,10,2013-11-01,35130.5156,35381.6161,-251.1005,-0.7097
comb_ets_sarima,2013-01-01,11,2013-12-01,35315.2854,35314.9921,0.2933,0.0008
comb_ets_sarima,2013-01-01,12,2014-01-01,35186.3719,38704.8608,-3518.4888,-9.0906
comb_ets_sarima,2013-02-01,1,2013-03-01,36443.8308,36142.0469,301.7839,0.835
comb_ets_sarima,2013-02-01,2,2013-04-01,35258.2422,34505.9381,752.3041,2.1802
comb_ets_sarima,2013-02-01,3,2013-05-01,33728.4581,33046.0622,682.3959,2.065
comb_ets_sarima,2013-02-01,4,2013-06-01,32986.7981,32968.8521,17.946,0.0544
comb_ets_sarima,2013-02-01,5,2013-07-01,33374.0939,32891.3969,482.697,1.4675
comb_ets_sarima,2013-02-01,6,2013-08-01,34650.0404,33964.2456,685.7948,2.0192
comb_ets_sarima,2013-02-01,7,2013-09-01,35272.5631,34766.6241,505.9389,1.4552
comb_ets_sarima,2013-02-01,8,2013-10-01,35574.817,35404.5633,170.2537,0.4809
comb_ets_sarima,2013-02-01,9,2013-11-01,34907.5037,35381.6161,-474.1124,-1.34
comb_ets_sarima,2013-02-01,10,2013-12-01,35072.5779,35314.9921,-242.4142,-0.6864
comb_ets_sarima,2013-02-01,11,2014-01-01,34970.649,38704.8608,-3734.2117,-9.6479
comb_ets_sarima,2013-02-01,12,2014-02-01,36950.0936,39855.2823,-2905.1887,-7.2893
comb_ets_sarima,2013-03-01,1,2013-04-01,35042.1,34505.9381,536.1619,1.5538
comb_ets_sarima,2013-03-01,2,2013-05-01,33530.3257,33046.0622,484.2635,1.4654
comb_ets_sarima,2013-03-01,3,2013-06-01,32779.9659,32968.8521,-188.8862,-0.5729
comb_ets_sarima,2013-03-01,4,2013-07-01,33167.7989,32891.3969,276.402,0.8403
comb_ets_sarima,2013-03-01,5,2013-08-01,34452.9181,33964.2456,488.6725,1.4388
comb_ets_sarima,2013-03-01,6,2013-09-01,35074.5607,34766.6241,307.9366,0.8857
comb_ets_sarima,2013-03-01,7,2013-10-01,35381.7808,35404.5633,-22.7825,-0.0643
comb_ets_sarima,2013-03-01,8,2013-11-01,34709.3078,35381.6161,-672.3083,-1.9002
comb_ets_sarima,2013-03-01,9,2013-12-01,34902.6434,35314.9921,-412.3488,-1.1676
comb_ets_sarima,2013-03-01,10,2014-01-01,34782.7245,38704.8608,-3922.1363,-10.1334
comb_ets_sarima,2013-03-01,11,2014-02-01,36766.3757,39855.2823,-3088.9067,-7.7503
comb_ets_sarima,2013-03-01,12,2014-03-01,36481.411,37542.7446,-1061.3336,-2.827
comb_ets_sarima,2013-04-01,1,2013-05-01,33206.9942,33046.0622,160.932,0.487
comb_ets_sarima,2013-04-01,2,2013-06-01,32380.8224,32968.8521,-588.0297,-1.7836
comb_ets_sarima,2013-04-01,3,2013-07-01,32779.2324,32891.3969,-112.1645,-0.341
comb_ets_sarima,2013-04-01,4,2013-08-01,34067.174,33964.2456,102.9284,0.303
comb_ets_sarima,2013-04-01,5,2013-09-01,34687.7009,34766.6241,-78.9232,-0.227
comb_ets_sarima,2013-04-01,6,2013-10-01,35000.7639,35404.5633,-403.7994,-1.1405
comb_ets_sarima,2013-04-01,7,2013-11-01,34324.5357,35381.6161,-1057.0804,-2.9877
comb_ets_sarima,2013-04-01,8,2013-12-01,34552.8714,35314.9921,-762.1207,-2.1581
comb_ets_sarima,2013-04-01,9,2014-01-01,34410.8179,38704.8608,-4294.0428,-11.0943
comb_ets_sarima,2013-04-01,10,2014-02-01,36391.7977,39855.2823,-3463.4847,-8.6902
comb_ets_sarima,2013-04-01,11,2014-03-01,36103.328,37542.7446,-1439.4166,-3.8341
comb_ets_sarima,2013-04-01,12,2014-04-01,34765.0671,35486.9658,-721.8987,-2.0343
comb_ets_sarima,2013-05-01,1,2013-06-01,32299.7536,32968.8521,-669.0984,-2.0295
comb_ets_sarima,2013-05-01,2,2013-07-01,32653.3274,32891.3969,-238.0695,-0.7238
comb_ets_sarima,2013-05-01,3,2013-08-01,33949.2591,33964.2456,-14.9865,-0.0441
comb_ets_sarima,2013-05-01,4,2013-09-01,34571.3389,34766.6241,-195.2852,-0.5617
comb_ets_sarima,2013-05-01,5,2013-10-01,34890.293,35404.5633,-514.2703,-1.4526
comb_ets_sarima,2013-05-01,6,2013-11-01,34207.8403,35381.6161,-1173.7758,-3.3175
comb_ets_sarima,2013-05-01,7,2013-12-01,34460.6871,35314.9921,-854.305,-2.4191
comb_ets_sarima,2013-05-01,8,2014-01-01,34302.2409,38704.8608,-4402.6198,-11.3748
comb_ets_sarima,2013-05-01,9,2014-02-01,36289.1808,39855.2823,-3566.1015,-8.9476
comb_ets_sarima,2013-05-01,10,2014-03-01,35997.3672,37542.7446,-1545.3774,-4.1163
comb_ets_sarima,2013-05-01,11,2014-04-01,34662.0686,35486.9658,-824.8972,-2.3245
comb_ets_sarima,2013-05-01,12,2014-05-01,33193.3605,35309.2711,-2115.9106,-5.9925
comb_ets_sarima,2013-06-01,1,2013-07-01,33208.7005,32891.3969,317.3036,0.9647
comb_ets_sarima,2013-06-01,2,2013-08-01,34469.277,33964.2456,505.0314,1.487
comb_ets_sarima,2013-06-01,3,2013-09-01,35076.3269,34766.6241,309.7028,0.8908
comb_ets_sarima,2013-06-01,4,2013-10-01,35389.2188,35404.5633,-15.3445,-0.0433
comb_ets_sarima,2013-06-01,5,2013-11-01,34733.0432,35381.6161,-648.5729,-1.8331
comb_ets_sarima,2013-06-01,6,2013-12-01,34896.051,35314.9921,-418.9412,-1.1863
comb_ets_sarima,2013-06-01,7,2014-01-01,34807.084,38704.8608,-3897.7767,-10.0705
comb_ets_sarima,2013-06-01,8,2014-02-01,36778.9457,39855.2823,-3076.3366,-7.7188
comb_ets_sarima,2013-06-01,9,2014-03-01,36508.5793,37542.7446,-1034.1654,-2.7546
comb_ets_sarima,2013-06-01,10,2014-04-01,35165.1554,35486.9658,-321.8104,-0.9068
comb_ets_sarima,2013-06-01,11,2014-05-01,33696.314,35309.2711,-1612.9571,-4.5681
comb_ets_sarima,2013-06-01,12,2014-06-01,33096.6819,34120.949,-1024.2671,-3.0019
comb_ets_sarima,2013-07-01,1,2013-08-01,34331.5383,33964.2456,367.2927,1.0814
comb_ets_sarima,2013-07-01,2,2013-09-01,34878.9744,34766.6241,112.3503,0.3232
comb_ets_sarima,2013-07-01,3,2013-10-01,35203.8717,35404.5633,-200.6916,-0.5669
comb_ets_sarima,2013-07-01,4,2013-11-01,34532.6258,35381.6161,-848.9902,-2.3995
comb_ets_sarima,2013-07-01,5,2013-12-01,34731.2619,35314.9921,-583.7303,-1.6529
comb_ets_sarima,2013-07-01,6,2014-01-01,34614.2976,38704.8608,-4090.5631,-10.5686
comb_ets_sarima,2013-07-01,7,2014-02-01,36592.0608,39855.2823,-3263.2215,-8.1877
comb_ets_sarima,2013-07-01,8,2014-03-01,36311.6288,37542.7446,-1231.1159,-3.2792
comb_ets_sarima,2013-07-01,9,2014-04-01,34970.1314,35486.9658,-516.8344,-1.4564
comb_ets_sarima,2013-07-01,10,2014-05-01,33499.4189,35309.2711,-1809.8522,-5.1257
comb_ets_sarima,2013-07-01,11,2014-06-01,32900.9175,34120.949,-1220.0315,-3.5756
comb_ets_sarima,2013-07-01,12,2014-07-01,33213.7642,34146.1814,-932.4172,-2.7307
comb_ets_sarima,2013-08-01,1,2013-09-01,34674.1974,34766.6241,-92.4267,-0.2658
comb_ets_sarima,2013-08-01,2,2013-10-01,34976.767,35404.5633,-427.7963,-1.2083
comb_ets_sarima,2013-08-01,3,2013-11-01,34255.2302,35381.6161,-1126.3858,-3.1835
comb_ets_sarima,2013-08-01,4,2013-12-01,34562.078,35314.9921,-752.9141,-2.132
comb_ets_sarima,2013-08-01,5,2014-01-01,34349.4885,38704.8608,-4355.3722,-11.2528
comb_ets_sarima,2013-08-01,6,2014-02-01,36360.4951,39855.2823,-3494.7872,-8.7687
comb_ets_sarima,2013-08-01,7,2014-03-01,36049.5535,37542.7446,-1493.1911,-3.9773
comb_ets_sarima,2013-08-01,8,2014-04-01,34699.1064,35486.9658,-787.8594,-2.2201
comb_ets_sarima,2013-08-01,9,2014-05-01,33210.3613,35309.2711,-2098.9097,-5.9444
comb_ets_sarima,2013-08-01,10,2014-06-01,32614.6609,34120.949,-1506.2881,-4.4146
comb_ets_sarima,2013-08-01,11,2014-07-01,32894.7012,34146.1814,-1251.4802,-3.6651
comb_ets_sarima,2013-08-01,12,2014-08-01,34139.9252,34537.1042,-397.179,-1.15
comb_ets_sarima,2013-09-01,1,2013-10-01,34974.8101,35404.5633,-429.7532,-1.2138
comb_ets_sarima,2013-09-01,2,2013-11-01,34284.8205,35381.6161,-1096.7956,-3.0999
comb_ets_sarima,2013-09-01,3,2013-12-01,34567.4378,35314.9921,-747.5543,-2.1168
comb_ets_sarima,2013-09-01,4,2014-01-01,34376.3573,38704.8608,-4328.5034,-11.1834
comb_ets_sarima,2013-09-01,5,2014-02-01,36380.6609,39855.2823,-3474.6214,-8.7181
comb_ets_sarima,2013-09-01,6,2014-03-01,36076.1844,37542.7446,-1466.5602,-3.9064
comb_ets_sarima,2013-09-01,7,2014-04-01,34729.4934,35486.9658,-757.4724,-2.1345
comb_ets_sarima,2013-09-01,8,2014-05-01,33245.9703,35309.2711,-2063.3008,-5.8435
comb_ets_sarima,2013-09-01,9,2014-06-01,32650.5568,34120.949,-1470.3922,-4.3094
comb_ets_sarima,2013-09-01,10,2014-07-01,32937.8729,34146.1814,-1208.3086,-3.5386
comb_ets_sarima,2013-09-01,11,2014-08-01,34181.2068,34537.1042,-355.8974,-1.0305
comb_ets_sarima,2013-09-01,12,2014-09-01,34843.8471,36110.8825,-1267.0354,-3.5087
comb_ets_sarima,2013-10-01,1,2013-11-01,34359.6911,35381.6161,-1021.9249,-2.8883
comb_ets_sarima,2013-10-01,2,2013-12-01,34946.7672,35314.9921,-368.225,-1.0427
comb_ets_sarima,2013-10-01,3,2014-01-01,34335.1403,38704.8608,-4369.7204,-11.2898
comb_ets_sarima,2013-10-01,4,2014-02-01,36441.8057,39855.2823,-3413.4767,-8.5647
comb_ets_sarima,2013-10-01,5,2014-03-01,36161.5305,37542.7446,-1381.2141,-3.679
comb_ets_sarima,2013-10-01,6,2014-04-01,34685.7781,35486.9658,-801.1877,-2.2577
comb_ets_sarima,2013-10-01,7,2014-05-01,33126.3595,35309.2711,-2182.9116,-6.1823
comb_ets_sarima,2013-10-01,8,2014-06-01,32579.9465,34120.949,-1541.0025,-4.5163
comb_ets_sarima,2013-10-01,9,2014-07-01,32746.8388,34146.1814,-1399.3427,-4.0981
comb_ets_sarima,2013-10-01,10,2014-08-01,34013.6146,34537.1042,-523.4896,-1.5157
comb_ets_sarima,2013-10-01,11,2014-09-01,34704.3043,36110.8825,-1406.5781,-3.8952
comb_ets_sarima,2013-10-01,12,2014-10-01,35228.2876,37058.0356,-1829.748,-4.9375
comb_ets_sarima,2013-11-01,1,2013-12-01,35480.4762,35314.9921,165.484,0.4686
comb_ets_sarima,2013-11-01,2,2014-01-01,34848.3549,38704.8608,-3856.5059,-9.9639
comb_ets_sarima,2013-11-01,3,2014-02-01,36984.5114,39855.2823,-2870.771,-7.203
comb_ets_sarima,2013-11-01,4,2014-03-01,36701.34,37542.7446,-841.4047,-2.2412
comb_ets_sarima,2013-11-01,5,2014-04-01,35199.0311,35486.9658,-287.9347,-0.8114
comb_ets_sarima,2013-11-01,6,2014-05-01,33606.6738,35309.2711,-1702.5973,-4.822
comb_ets_sarima,2013-11-01,7,2014-06-01,33038.1965,34120.949,-1082.7525,-3.1733
comb_ets_sarima,2013-11-01,8,2014-07-01,33203.9891,34146.1814,-942.1923,-2.7593
comb_ets_sarima,2013-11-01,9,2014-08-01,34492.2867,34537.1042,-44.8175,-0.1298
comb_ets_sarima,2013-11-01,10,2014-09-01,35187.6463,36110.8825,-923.2362,-2.5567
comb_ets_sarima,2013-11-01,11,2014-10-01,35719.0523,37058.0356,-1338.9833,-3.6132
comb_ets_sarima,2013-11-01,12,2014-11-01,35142.3683,36280.763,-1138.3947,-3.1377
comb_ets_sarima,2013-12-01,1,2014-01-01,34856.2183,38704.8608,-3848.6425,-9.9436
comb_ets_sarima,2013-12-01,2,2014-02-01,36966.5562,39855.2823,-2888.7262,-7.248
comb_ets_sarima,2013-12-01,3,2014-03-01,36680.9394,37542.7446,-861.8052,-2.2955
comb_ets_sarima,2013-12-01,4,2014-04-01,35177.42,35486.9658,-309.5458,-0.8723
comb_ets_sarima,2013-12-01,5,2014-05-01,33583.9611,35309.2711,-1725.3099,-4.8863
comb_ets_sarima,2013-12-01,6,2014-06-01,33013.3396,34120.949,-1107.6094,-3.2461
comb_ets_sarima,2013-12-01,7,2014-07-01,33177.0881,34146.1814,-969.0933,-2.8381
comb_ets_sarima,2013-12-01,8,2014-08-01,34460.4475,34537.1042,-76.6567,-0.222
comb_ets_sarima,2013-12-01,9,2014-09-01,35152.4267,36110.8825,-958.4558,-2.6542
comb_ets_sarima,2013-12-01,10,2014-10-01,35679.0691,37058.0356,-1378.9665,-3.7211
comb_ets_sarima,2013-12-01,11,2014-11-01,35101.3777,36280.763,-1179.3853,-3.2507
comb_ets_sarima,2013-12-01,12,2014-12-01,35283.179,36171.1909,-888.0119,-2.455
comb_ets_sarima,2014-01-01,1,2014-02-01,39856.3391,39855.2823,1.0568,0.0027
comb_ets_sarima,2014-01-01,2,2014-03-01,39760.8963,37542.7446,2218.1516,5.9083
comb_ets_sarima,2014-01-01,3,2014-04-01,38213.8071,35486.9658,2726.8413,7.6841
comb_ets_sarima,2014-01-01,4,2014-05-01,36639.6562,35309.2711,1330.3852,3.7678
comb_ets_sarima,2014-01-01,5,2014-06-01,35954.7312,34120.949,1833.7822,5.3744
comb_ets_sarima,2014-01-01,6,2014-07-01,36304.037,34146.1814,2157.8556,6.3195
comb_ets_sarima,2014-01-01,7,2014-08-01,37568.5051,34537.1042,3031.4009,8.7772
comb_ets_sarima,2014-01-01,8,2014-09-01,38251.166,36110.8825,2140.2835,5.927
comb_ets_sarima,2014-01-01,9,2014-10-01,38525.7379,37058.0356,1467.7023,3.9606
comb_ets_sarima,2014-01-01,10,2014-11-01,37991.221,36280.763,1710.458,4.7145
comb_ets_sarima,2014-01-01,11,2014-12-01,37977.3281,36171.1909,1806.1371,4.9933
comb_ets_sarima,2014-01-01,12,2015-01-01,38700.3686,40467.7143,-1767.3457,-4.3673
comb_ets_sarima,2014-02-01,1,2014-03-01,39642.5691,37542.7446,2099.8245,5.5932
comb_ets_sarima,2014-02-01,2,2014-04-01,37989.2312,35486.9658,2502.2654,7.0512
comb_ets_sarima,2014-02-01,3,2014-05-01,36491.0847,35309.2711,1181.8136,3.347
comb_ets_sarima,2014-02-01,4,2014-06-01,35789.2797,34120.949,1668.3307,4.8895
comb_ets_sarima,2014-02-01,5,2014-07-01,36153.772,34146.1814,2007.5905,5.8794
comb_ets_sarima,2014-02-01,6,2014-08-01,37418.8083,34537.1042,2881.7041,8.3438
comb_ets_sarima,2014-02-01,7,2014-09-01,38108.7633,36110.8825,1997.8809,5.5326
comb_ets_sarima,2014-02-01,8,2014-10-01,38391.7492,37058.0356,1333.7135,3.599
comb_ets_sarima,2014-02-01,9,2014-11-01,37865.3235,36280.763,1584.5605,4.3675
comb_ets_sarima,2014-02-01,10,2014-12-01,37865.7005,36171.1909,1694.5096,4.6847
comb_ets_sarima,2014-02-01,11,2015-01-01,38598.8541,40467.7143,-1868.8602,-4.6182
comb_ets_sarima,2014-02-01,12,2015-02-01,40704.3636,39133.7826,1570.581,4.0134
comb_ets_sarima,2014-03-01,1,2014-04-01,36515.5559,35486.9658,1028.5901,2.8985
comb_ets_sarima,2014-03-01,2,2014-05-01,34858.9902,35309.2711,-450.2809,-1.2752
comb_ets_sarima,2014-03-01,3,2014-06-01,34196.2888,34120.949,75.3398,0.2208
comb_ets_sarima,2014-03-01,4,2014-07-01,34372.6793,34146.1814,226.4979,0.6633
comb_ets_sarima,2014-03-01,5,2014-08-01,35757.3695,34537.1042,1220.2653,3.5332
comb_ets_sarima,2014-03-01,6,2014-09-01,36468.1064,36110.8825,357.2239,0.9892
comb_ets_sarima,2014-03-01,7,2014-10-01,37044.61,37058.0356,-13.4256,-0.0362
comb_ets_sarima,2014-03-01,8,2014-11-01,36342.8559,36280.763,62.0929,0.1711
comb_ets_sarima,2014-03-01,9,2014-12-01,36604.9962,36171.1909,433.8053,1.1993
comb_ets_sarima,2014-03-01,10,2015-01-01,37673.35,40467.7143,-2794.3643,-6.9052
comb_ets_sarima,2014-03-01,11,2015-02-01,39513.533,39133.7826,379.7504,0.9704
comb_ets_sarima,2014-03-01,12,2015-03-01,38244.4447,38210.4323,34.0124,0.089
comb_ets_sarima,2014-04-01,1,2014-05-01,34314.4022,35309.2711,-994.8689,-2.8176
comb_ets_sarima,2014-04-01,2,2014-06-01,33694.4203,34120.949,-426.5287,-1.25
comb_ets_sarima,2014-04-01,3,2014-07-01,33873.7655,34146.1814,-272.4159,-0.7978
comb_ets_sarima,2014-04-01,4,2014-08-01,35237.0756,34537.1042,699.9714,2.0267
comb_ets_sarima,2014-04-01,5,2014-09-01,35946.6314,36110.8825,-164.2511,-0.4549
comb_ets_sarima,2014-04-01,6,2014-10-01,36518.7142,37058.0356,-539.3215,-1.4553
comb_ets_sarima,2014-04-01,7,2014-11-01,35851.8261,36280.763,-428.9369,-1.1823
comb_ets_sarima,2014-04-01,8,2014-12-01,36106.1594,36171.1909,-65.0315,-0.1798
comb_ets_sarima,2014-04-01,9,2015-01-01,37210.4878,40467.7143,-3257.2266,-8.049
comb_ets_sarima,2014-04-01,10,2015-02-01,39023.1776,39133.7826,-110.605,-0.2826
comb_ets_sarima,2014-04-01,11,2015-03-01,37762.2669,38210.4323,-448.1654,-1.1729
comb_ets_sarima,2014-04-01,12,2015-04-01,35943.8967,35760.8064,183.0903,0.512
comb_ets_sarima,2014-05-01,1,2014-06-01,34089.7811,34120.949,-31.1679,-0.0913
comb_ets_sarima,2014-05-01,2,2014-07-01,34292.0993,34146.1814,145.9178,0.4273
comb_ets_sarima,2014-05-01,3,2014-08-01,35670.1775,34537.1042,1133.0733,3.2807
comb_ets_sarima,2014-05-01,4,2014-09-01,36387.598,36110.8825,276.7155,0.7663
comb_ets_sarima,2014-05-01,5,2014-10-01,36964.7231,37058.0356,-93.3125,-0.2518
comb_ets_sarima,2014-05-01,6,2014-11-01,36291.0982,36280.763,10.3352,0.0285
comb_ets_sarima,2014-05-01,7,2014-12-01,36545.8598,36171.1909,374.6689,1.0358
comb_ets_sarima,2014-05-01,8,2015-01-01,37666.5122,40467.7143,-2801.2021,-6.9221
comb_ets_sarima,2014-05-01,9,2015-02-01,39500.9933,39133.7826,367.2107,0.9383
comb_ets_sarima,2014-05-01,10,2015-03-01,38224.0107,38210.4323,13.5784,0.0355
comb_ets_sarima,2014-05-01,11,2015-04-01,36383.2682,35760.8064,622.4619,1.7406
comb_ets_sarima,2014-05-01,12,2015-05-01,35425.4143,33218.0308,2207.3834,6.6451
comb_ets_sarima,2014-06-01,1,2014-07-01,34297.6216,34146.1814,151.4401,0.4435
comb_ets_sarima,2014-06-01,2,2014-08-01,35698.1504,34537.1042,1161.0462,3.3617
comb_ets_sarima,2014-06-01,3,2014-09-01,36415.0909,36110.8825,304.2084,0.8424
comb_ets_sarima,2014-06-01,4,2014-10-01,36984.9431,37058.0356,-73.0926,-0.1972
comb_ets_sarima,2014-06-01,5,2014-11-01,36326.1304,36280.763,45.3674,0.125
comb_ets_sarima,2014-06-01,6,2014-12-01,36565.6091,36171.1909,394.4181,1.0904
comb_ets_sarima,2014-06-01,7,2015-01-01,37726.8302,40467.7143,-2740.8841,-6.773
comb_ets_sarima,2014-06-01,8,2015-02-01,39551.2849,39133.7826,417.5023,1.0669
comb_ets_sarima,2014-06-01,9,2015-03-01,38256.6319,38210.4323,46.1996,0.1209
comb_ets_sarima,2014-06-01,10,2015-04-01,36408.8344,35760.8064,648.028,1.8121
comb_ets_sarima,2014-06-01,11,2015-05-01,35458.5584,33218.0308,2240.5276,6.7449
comb_ets_sarima,2014-06-01,12,2015-06-01,34592.2139,32475.565,2116.6489,6.5177
comb_ets_sarima,2014-07-01,1,2014-08-01,35567.4732,34537.1042,1030.369,2.9834
comb_ets_sarima,2014-07-01,2,2014-09-01,36353.7804,36110.8825,242.8979,0.6726
comb_ets_sarima,2014-07-01,3,2014-10-01,36916.9954,37058.0356,-141.0402,-0.3806
comb_ets_sarima,2014-07-01,4,2014-11-01,36268.1647,36280.763,-12.5983,-0.0347
comb_ets_sarima,2014-07-01,5,2014-12-01,36496.9122,36171.1909,325.7213,0.9005
comb_ets_sarima,2014-07-01,6,2015-01-01,37681.9506,40467.7143,-2785.7637,-6.8839
comb_ets_sarima,2014-07-01,7,2015-02-01,39495.2305,39133.7826,361.4479,0.9236
comb_ets_sarima,2014-07-01,8,2015-03-01,38190.1283,38210.4323,-20.304,-0.0531
comb_ets_sarima,2014-07-01,9,2015-04-01,36340.552,35760.8064,579.7456,1.6212
comb_ets_sarima,2014-07-01,10,2015-05-01,35397.0073,33218.0308,2178.9765,6.5596
comb_ets_sarima,2014-07-01,11,2015-06-01,34523.7433,32475.565,2048.1783,6.3068
comb_ets_sarima,2014-07-01,12,2015-07-01,34677.1407,33015.5469,1661.5938,5.0328
comb_ets_sarima,2014-08-01,1,2014-09-01,35963.6492,36110.8825,-147.2333,-0.4077
comb_ets_sarima,2014-08-01,2,2014-10-01,36436.2566,37058.0356,-621.779,-1.6779
comb_ets_sarima,2014-08-01,3,2014-11-01,35936.644,36280.763,-344.119,-0.9485
comb_ets_sarima,2014-08-01,4,2014-12-01,36032.8565,36171.1909,-138.3344,-0.3824
comb_ets_sarima,2014-08-01,5,2015-01-01,36815.145,40467.7143,-3652.5693,-9.0259
comb_ets_sarima,2014-08-01,6,2015-02-01,38807.2263,39133.7826,-326.5562,-0.8345
comb_ets_sarima,2014-08-01,7,2015-03-01,37887.159,38210.4323,-323.2733,-0.846
comb_ets_sarima,2014-08-01,8,2015-04-01,36168.4956,35760.8064,407.6892,1.14
comb_ets_sarima,2014-08-01,9,2015-05-01,34995.5367,33218.0308,1777.5059,5.351
comb_ets_sarima,2014-08-01,10,2015-06-01,34109.3413,32475.565,1633.7763,5.0308
comb_ets_sarima,2014-08-01,11,2015-07-01,34384.0626,33015.5469,1368.5157,4.1451
comb_ets_sarima,2014-08-01,12,2015-08-01,35428.6232,33889.707,1538.9163,4.541
comb_ets_sarima,2014-09-01,1,2014-10-01,36293.8912,37058.0356,-764.1444,-2.062
comb_ets_sarima,2014-09-01,2,2014-11-01,36065.4379,36280.763,-215.3251,-0.5935
comb_ets_sarima,2014-09-01,3,2014-12-01,36130.998,36171.1909,-40.1929,-0.1111
comb_ets_sarima,2014-09-01,4,2015-01-01,36882.2242,40467.7143,-3585.4901,-8.8601
comb_ets_sarima,2014-09-01,5,2015-02-01,38890.3935,39133.7826,-243.389,-0.6219
comb_ets_sarima,2014-09-01,6,2015-03-01,37997.8533,38210.4323,-212.579,-0.5563
comb_ets_sarima,2014-09-01,7,2015-04-01,36273.2669,35760.8064,512.4605,1.433
comb_ets_sarima,2014-09-01,8,2015-05-01,35081.3105,33218.0308,1863.2796,5.6092
comb_ets_sarima,2014-09-01,9,2015-06-01,34189.9727,32475.565,1714.4077,5.2791
comb_ets_sarima,2014-09-01,10,2015-07-01,34475.6989,33015.5469,1460.152,4.4226
comb_ets_sarima,2014-09-01,11,2015-08-01,35526.3303,33889.707,1636.6234,4.8293
comb_ets_sarima,2014-09-01,12,2015-09-01,36526.187,35495.7658,1030.4213,2.9029
comb_ets_sarima,2014-10-01,1,2014-11-01,36602.788,36280.763,322.025,0.8876
comb_ets_sarima,2014-10-01,2,2014-12-01,36810.8706,36171.1909,639.6797,1.7685
comb_ets_sarima,2014-10-01,3,2015-01-01,37360.3654,40467.7143,-3107.3489,-7.6786
comb_ets_sarima,2014-10-01,4,2015-02-01,39482.7361,39133.7826,348.9535,0.8917
comb_ets_sarima,2014-10-01,5,2015-03-01,38695.8271,38210.4323,485.3948,1.2703
comb_ets_sarima,2014-10-01,6,2015-04-01,36954.1657,35760.8064,1193.3593,3.3371
comb_ets_sarima,2014-10-01,7,2015-05-01,35703.2988,33218.0308,2485.268,7.4817
comb_ets_sarima,2014-10-01,8,2015-06-01,34804.4028,32475.565,2328.8378,7.171
comb_ets_sarima,2014-10-01,9,2015-07-01,35159.2691,33015.5469,2143.7222,6.4931
comb_ets_sarima,2014-10-01,10,2015-08-01,36238.4031,33889.707,2348.6961,6.9304
comb_ets_sarima,2014-10-01,11,2015-09-01,37224.9084,35495.7658,1729.1426,4.8714
comb_ets_sarima,2014-10-01,12,2015-10-01,37479.7663,36637.6374,842.1289,2.2985
comb_ets_sarima,2014-11-01,1,2014-12-01,36711.529,36171.1909,540.3381,1.4938
comb_ets_sarima,2014-11-01,2,2015-01-01,37501.3843,40467.7143,-2966.3301,-7.3301
comb_ets_sarima,2014-11-01,3,2015-02-01,39370.3525,39133.7826,236.5699,0.6045
comb_ets_sarima,2014-11-01,4,2015-03-01,38147.5896,38210.4323,-62.8427,-0.1645
comb_ets_sarima,2014-11-01,5,2015-04-01,36299.8481,35760.8064,539.0417,1.5074
comb_ets_sarima,2014-11-01,6,2015-05-01,35259.552,33218.0308,2041.5211,6.1458
comb_ets_sarima,2014-11-01,7,2015-06-01,34426.4589,32475.565,1950.8938,6.0073
comb_ets_sarima,2014-11-01,8,2015-07-01,34555.4225,33015.5469,1539.8756,4.6641
comb_ets_sarima,2014-11-01,9,2015-08-01,35419.9178,33889.707,1530.2108,4.5153
comb_ets_sarima,2014-11-01,10,2015-09-01,36510.4644,35495.7658,1014.6986,2.8586
comb_ets_sarima,2014-11-01,11,2015-10-01,37038.9905,36637.6374,401.3531,1.0955
comb_ets_sarima,2014-11-01,12,2015-11-01,36642.6293,36322.0451,320.5841,0.8826
comb_ets_sarima,2014-12-01,1,2015-01-01,37070.8489,40467.7143,-3396.8654,-8.394
comb_ets_sarima,2014-12-01,2,2015-02-01,38962.9746,39133.7826,-170.808,-0.4365
comb_ets_sarima,2014-12-01,3,2015-03-01,38202.8501,38210.4323,-7.5822,-0.0198
comb_ets_sarima,2014-12-01,4,2015-04-01,36475.3057,35760.8064,714.4993,1.998
comb_ets_sarima,2014-12-01,5,2015-05-01,35241.3368,33218.0308,2023.306,6.091
comb_ets_sarima,2014-12-01,6,2015-06-01,34351.5534,32475.565,1875.9884,5.7766
comb_ets_sarima,2014-12-01,7,2015-07-01,34700.6881,33015.5469,1685.1411,5.1041
comb_ets_sarima,2014-12-01,8,2015-08-01,35764.6895,33889.707,1874.9825,5.5326
comb_ets_sarima,2014-12-01,9,2015-09-01,36737.2808,35495.7658,1241.5151,3.4976
comb_ets_sarima,2014-12-01,10,2015-10-01,36987.8103,36637.6374,350.1729,0.9558
comb_ets_sarima,2014-12-01,11,2015-11-01,36741.4989,36322.0451,419.4537,1.1548
comb_ets_sarima,2014-12-01,12,2015-12-01,37026.6335,36608.2814,418.3521,1.1428
comb_ets_sarima,2015-01-01,1,2015-02-01,40639.8206,39133.7826,1506.038,3.8484
comb_ets_sarima,2015-01-01,2,2015-03-01,39272.9084,38210.4323,1062.4761,2.7806
comb_ets_sarima,2015-01-01,3,2015-04-01,37332.5323,35760.8064,1571.726,4.3951
comb_ets_sarima,2015-01-01,4,2015-05-01,36348.8137,33218.0308,3130.7829,9.425
comb_ets_sarima,2015-01-01,5,2015-06-01,35394.5883,32475.565,2919.0233,8.9884
comb_ets_sarima,2015-01-01,6,2015-07-01,35525.6348,33015.5469,2510.0878,7.6027
comb_ets_sarima,2015-01-01,7,2015-08-01,36351.7125,33889.707,2462.0055,7.2648
comb_ets_sarima,2015-01-01,8,2015-09-01,37517.1388,35495.7658,2021.3731,5.6947
comb_ets_sarima,2015-01-01,9,2015-10-01,38068.9398,36637.6374,1431.3024,3.9066
comb_ets_sarima,2015-01-01,10,2015-11-01,37595.0717,36322.0451,1273.0266,3.5048
comb_ets_sarima,2015-01-01,11,2015-12-01,37662.082,36608.2814,1053.8006,2.8786
comb_ets_sarima,2015-01-01,12,2016-01-01,40402.8442,36556.0508,3846.7934,10.523
comb_ets_sarima,2015-02-01,1,2015-03-01,38518.2334,38210.4323,307.8011,0.8055
comb_ets_sarima,2015-02-01,2,2015-04-01,36665.2195,35760.8064,904.4131,2.5291
comb_ets_sarima,2015-02-01,3,2015-05-01,35675.1591,33218.0308,2457.1282,7.397
comb_ets_sarima,2015-02-01,4,2015-06-01,34783.9892,32475.565,2308.4242,7.1082
comb_ets_sarima,2015-02-01,5,2015-07-01,34922.0222,33015.5469,1906.4753,5.7745
comb_ets_sarima,2015-02-01,6,2015-08-01,35768.719,33889.707,1879.0121,5.5445
comb_ets_sarima,2015-02-01,7,2015-09-01,36906.4583,35495.7658,1410.6925,3.9743
comb_ets_sarima,2015-02-01,8,2015-10-01,37454.402,36637.6374,816.7646,2.2293
comb_ets_sarima,2015-02-01,9,2015-11-01,37021.9727,36322.0451,699.9275,1.927
comb_ets_sarima,2015-02-01,10,2015-12-01,37101.7551,36608.2814,493.4737,1.348
comb_ets_sarima,2015-02-01,11,2016-01-01,39795.2771,36556.0508,3239.2263,8.861
comb_ets_sarima,2015-02-01,12,2016-02-01,40255.4048,39524.4383,730.9665,1.8494
comb_ets_sarima,2015-03-01,1,2015-04-01,36585.8493,35760.8064,825.043,2.3071
comb_ets_sarima,2015-03-01,2,2015-05-01,35522.7145,33218.0308,2304.6837,6.9381
comb_ets_sarima,2015-03-01,3,2015-06-01,34640.8707,32475.565,2165.3057,6.6675
comb_ets_sarima,2015-03-01,4,2015-07-01,34784.8014,33015.5469,1769.2545,5.3589
comb_ets_sarima,2015-03-01,5,2015-08-01,35632.8481,33889.707,1743.1411,5.1436
comb_ets_sarima,2015-03-01,6,2015-09-01,36773.7693,35495.7658,1278.0035,3.6004
comb_ets_sarima,2015-03-01,7,2015-10-01,37326.6705,36637.6374,689.0331,1.8807
comb_ets_sarima,2015-03-01,8,2015-11-01,36900.3542,36322.0451,578.309,1.5922
comb_ets_sarima,2015-03-01,9,2015-12-01,36985.4656,36608.2814,377.1842,1.0303
comb_ets_sarima,2015-03-01,10,2016-01-01,39679.8904,36556.0508,3123.8396,8.5453
comb_ets_sarima,2015-03-01,11,2016-02-01,40139.7335,39524.4383,615.2952,1.5567
comb_ets_sarima,2015-03-01,12,2016-03-01,38858.6459,38455.003,403.6429,1.0496
comb_ets_sarima,2015-04-01,1,2015-05-01,35337.2252,33218.0308,2119.1944,6.3797
comb_ets_sarima,2015-04-01,2,2015-06-01,34319.0232,32475.565,1843.4582,5.6764
comb_ets_sarima,2015-04-01,3,2015-07-01,34472.8724,33015.5469,1457.3254,4.4141
comb_ets_sarima,2015-04-01,4,2015-08-01,35321.4005,33889.707,1431.6935,4.2246
comb_ets_sarima,2015-04-01,5,2015-09-01,36460.0341,35495.7658,964.2683,2.7166
comb_ets_sarima,2015-04-01,6,2015-10-01,37016.9669,36637.6374,379.3296,1.0354
comb_ets_sarima,2015-04-01,7,2015-11-01,36604.8153,36322.0451,282.7702,0.7785
comb_ets_sarima,2015-04-01,8,2015-12-01,36696.499,36608.2814,88.2176,0.241
comb_ets_sarima,2015-04-01,9,2016-01-01,39379.9782,36556.0508,2823.9274,7.7249
comb_ets_sarima,2015-04-01,10,2016-02-01,39845.3802,39524.4383,320.9419,0.812
comb_ets_sarima,2015-04-01,11,2016-03-01,38579.1662,38455.003,124.1631,0.3229
comb_ets_sarima,2015-04-01,12,2016-04-01,36506.6021,37695.7025,-1189.1005,-3.1545
comb_ets_sarima,2015-05-01,1,2015-06-01,33676.9669,32475.565,1201.4019,3.6994
comb_ets_sarima,2015-05-01,2,2015-07-01,33651.127,33015.5469,635.5801,1.9251
comb_ets_sarima,2015-05-01,3,2015-08-01,34496.7243,33889.707,607.0173,1.7912
comb_ets_sarima,2015-05-01,4,2015-09-01,35607.9325,35495.7658,112.1668,0.316
comb_ets_sarima,2015-05-01,5,2015-10-01,36157.0704,36637.6374,-480.567,-1.3117
comb_ets_sarima,2015-05-01,6,2015-11-01,35774.6538,36322.0451,-547.3914,-1.507
comb_ets_sarima,2015-05-01,7,2015-12-01,35872.6885,36608.2814,-735.5928,-2.0094
comb_ets_sarima,2015-05-01,8,2016-01-01,38493.3452,36556.0508,1937.2944,5.2995
comb_ets_sarima,2015-05-01,9,2016-02-01,38986.8905,39524.4383,-537.5478,-1.36
comb_ets_sarima,2015-05-01,10,2016-03-01,37739.0696,38455.003,-715.9334,-1.8617
comb_ets_sarima,2015-05-01,11,2016-04-01,35727.0643,37695.7025,-1968.6382,-5.2224
comb_ets_sarima,2015-05-01,12,2016-05-01,34115.2922,33979.3809,135.9113,0.4
comb_ets_sarima,2015-06-01,1,2015-07-01,33200.6832,33015.5469,185.1363,0.5608
comb_ets_sarima,2015-06-01,2,2015-08-01,33881.0767,33889.707,-8.6303,-0.0255
comb_ets_sarima,2015-06-01,3,2015-09-01,34986.4224,35495.7658,-509.3434,-1.4349
comb_ets_sarima,2015-06-01,4,2015-10-01,35532.6441,36637.6374,-1104.9933,-3.016
comb_ets_sarima,2015-06-01,5,2015-11-01,35153.9749,36322.0451,-1168.0703,-3.2159
comb_ets_sarima,2015-06-01,6,2015-12-01,35254.516,36608.2814,-1353.7654,-3.698
comb_ets_sarima,2015-06-01,7,2016-01-01,37837.4134,36556.0508,1281.3626,3.5052
comb_ets_sarima,2015-06-01,8,2016-02-01,38300.9892,39524.4383,-1223.4492,-3.0954
comb_ets_sarima,2015-06-01,9,2016-03-01,37096.4791,38455.003,-1358.524,-3.5328
comb_ets_sarima,2015-06-01,10,2016-04-01,35121.1827,37695.7025,-2574.5198,-6.8297
comb_ets_sarima,2015-06-01,11,2016-05-01,33514.6833,33979.3809,-464.6975,-1.3676
comb_ets_sarima,2015-06-01,12,2016-06-01,32660.1084,33271.7115,-611.6031,-1.8382
comb_ets_sarima,2015-07-01,1,2015-08-01,33978.3282,33889.707,88.6212,0.2615
comb_ets_sarima,2015-07-01,2,2015-09-01,34971.6781,35495.7658,-524.0877,-1.4765
comb_ets_sarima,2015-07-01,3,2015-10-01,35517.0988,36637.6374,-1120.5385,-3.0584
comb_ets_sarima,2015-07-01,4,2015-11-01,35133.5921,36322.0451,-1188.453,-3.272
comb_ets_sarima,2015-07-01,5,2015-12-01,35232.4208,36608.2814,-1375.8606,-3.7583
comb_ets_sarima,2015-07-01,6,2016-01-01,37813.8755,36556.0508,1257.8247,3.4408
comb_ets_sarima,2015-07-01,7,2016-02-01,38265.5172,39524.4383,-1258.9211,-3.1852
comb_ets_sarima,2015-07-01,8,2016-03-01,37068.3868,38455.003,-1386.6162,-3.6058
comb_ets_sarima,2015-07-01,9,2016-04-01,35090.4579,37695.7025,-2605.2447,-6.9113
comb_ets_sarima,2015-07-01,10,2016-05-01,33470.3893,33979.3809,-508.9916,-1.4979
comb_ets_sarima,2015-07-01,11,2016-06-01,32616.9267,33271.7115,-654.7848,-1.968
comb_ets_sarima,2015-07-01,12,2016-07-01,32925.4694,33182.5985,-257.129,-0.7749
comb_ets_sarima,2015-08-01,1,2015-09-01,35010.7527,35495.7658,-485.0131,-1.3664
comb_ets_sarima,2015-08-01,2,2015-10-01,35510.6802,36637.6374,-1126.9571,-3.076
comb_ets_sarima,2015-08-01,3,2015-11-01,35134.4838,36322.0451,-1187.5613,-3.2695
comb_ets_sarima,2015-08-01,4,2015-12-01,35233.436,36608.2814,-1374.8453,-3.7556
comb_ets_sarima,2015-08-01,5,2016-01-01,37813.399,36556.0508,1257.3482,3.4395
comb_ets_sarima,2015-08-01,6,2016-02-01,38284.0845,39524.4383,-1240.3538,-3.1382
comb_ets_sarima,2015-08-01,7,2016-03-01,37074.8367,38455.003,-1380.1663,-3.589
comb_ets_sarima,2015-08-01,8,2016-04-01,35099.3197,37695.7025,-2596.3829,-6.8877
comb_ets_sarima,2015-08-01,9,2016-05-01,33499.3214,33979.3809,-480.0594,-1.4128
comb_ets_sarima,2015-08-01,10,2016-06-01,32642.5091,33271.7115,-629.2024,-1.8911
comb_ets_sarima,2015-08-01,11,2016-07-01,32947.8465,33182.5985,-234.7519,-0.7075
comb_ets_sarima,2015-08-01,12,2016-08-01,33823.3197,34310.1087,-486.789,-1.4188
comb_ets_sarima,2015-09-01,1,2015-10-01,35735.179,36637.6374,-902.4584,-2.4632
comb_ets_sarima,2015-09-01,2,2015-11-01,35333.9562,36322.0451,-988.089,-2.7204
comb_ets_sarima,2015-09-01,3,2015-12-01,35431.9389,36608.2814,-1176.3425,-3.2133
comb_ets_sarima,2015-09-01,4,2016-01-01,38025.5114,36556.0508,1469.4606,4.0197
comb_ets_sarima,2015-09-01,5,2016-02-01,38498.9087,39524.4383,-1025.5297,-2.5947
comb_ets_sarima,2015-09-01,6,2016-03-01,37281.818,38455.003,-1173.185,-3.0508
comb_ets_sarima,2015-09-01,7,2016-04-01,35293.9918,37695.7025,-2401.7107,-6.3713
comb_ets_sarima,2015-09-01,8,2016-05-01,33684.2937,33979.3809,-295.0872,-0.8684
comb_ets_sarima,2015-09-01,9,2016-06-01,32821.5727,33271.7115,-450.1388,-1.3529
comb_ets_sarima,2015-09-01,10,2016-07-01,33127.5797,33182.5985,-55.0188,-0.1658
comb_ets_sarima,2015-09-01,11,2016-08-01,34007.1559,34310.1087,-302.9528,-0.883
comb_ets_sarima,2015-09-01,12,2016-09-01,35285.8481,34770.657,515.1911,1.4817
comb_ets_sarima,2015-10-01,1,2015-11-01,35658.2722,36322.0451,-663.7729,-1.8275
comb_ets_sarima,2015-10-01,2,2015-12-01,35740.8695,36608.2814,-867.4119,-2.3694
comb_ets_sarima,2015-10-01,3,2016-01-01,38355.4507,36556.0508,1799.3999,4.9223
comb_ets_sarima,2015-10-01,4,2016-02-01,38834.0476,39524.4383,-690.3907,-1.7467
comb_ets_sarima,2015-10-01,5,2016-03-01,37607.3201,38455.003,-847.6829,-2.2044
comb_ets_sarima,2015-10-01,6,2016-04-01,35602.7108,37695.7025,-2092.9917,-5.5523
comb_ets_sarima,2015-10-01,7,2016-05-01,33978.6719,33979.3809,-0.709,-0.0021
comb_ets_sarima,2015-10-01,8,2016-06-01,33108.7032,33271.7115,-163.0083,-0.4899
comb_ets_sarima,2015-10-01,9,2016-07-01,33417.3547,33182.5985,234.7562,0.7075
comb_ets_sarima,2015-10-01,10,2016-08-01,34305.018,34310.1087,-5.0906,-0.0148
comb_ets_sarima,2015-10-01,11,2016-09-01,35593.8046,34770.657,823.1475,2.3674
comb_ets_sarima,2015-10-01,12,2016-10-01,36358.5343,35154.594,1203.9403,3.4247
comb_ets_sarima,2015-11-01,1,2015-12-01,36148.1454,36608.2814,-460.136,-1.2569
comb_ets_sarima,2015-11-01,2,2016-01-01,38743.6721,36556.0508,2187.6213,5.9843
comb_ets_sarima,2015-11-01,3,2016-02-01,39222.2179,39524.4383,-302.2204,-0.7646
comb_ets_sarima,2015-11-01,4,2016-03-01,37977.6026,38455.003,-477.4004,-1.2415
comb_ets_sarima,2015-11-01,5,2016-04-01,35947.6169,37695.7025,-1748.0857,-4.6374
comb_ets_sarima,2015-11-01,6,2016-05-01,34299.5431,33979.3809,320.1622,0.9422
comb_ets_sarima,2015-11-01,7,2016-06-01,33414.5261,33271.7115,142.8146,0.4292
comb_ets_sarima,2015-11-01,8,2016-07-01,33719.309,33182.5985,536.7105,1.6174
comb_ets_sarima,2015-11-01,9,2016-08-01,34609.1949,34310.1087,299.0862,0.8717
comb_ets_sarima,2015-11-01,10,2016-09-01,35902.0763,34770.657,1131.4192,3.2539
comb_ets_sarima,2015-11-01,11,2016-10-01,36666.2326,35154.594,1511.6386,4.3
comb_ets_sarima,2015-11-01,12,2016-11-01,36130.9963,34743.5067,1387.4896,3.9935
comb_ets_sarima,2015-12-01,1,2016-01-01,38986.123,36556.0508,2430.0722,6.6475
comb_ets_sarima,2015-12-01,2,2016-02-01,39491.5828,39524.4383,-32.8556,-0.0831
comb_ets_sarima,2015-12-01,3,2016-03-01,38235.4003,38455.003,-219.6027,-0.5711
comb_ets_sarima,2015-12-01,4,2016-04-01,36188.8035,37695.7025,-1506.899,-3.9975
comb_ets_sarima,2015-12-01,5,2016-05-01,34525.7888,33979.3809,546.4079,1.6081
comb_ets_sarima,2015-12-01,6,2016-06-01,33632.0617,33271.7115,360.3502,1.0831
comb_ets_sarima,2015-12-01,7,2016-07-01,33936.0317,33182.5985,753.4332,2.2706
comb_ets_sarima,2015-12-01,8,2016-08-01,34828.2513,34310.1087,518.1426,1.5102
comb_ets_sarima,2015-12-01,9,2016-09-01,36127.052,34770.657,1356.395,3.901
comb_ets_sarima,2015-12-01,10,2016-10-01,36894.0181,35154.594,1739.4241,4.9479
comb_ets_sarima,2015-12-01,11,2016-11-01,36352.9703,34743.5067,1609.4636,4.6324
comb_ets_sarima,2015-12-01,12,2016-12-01,36681.1021,35760.8785,920.2236,2.5733
comb_ets_sarima,2016-01-01,1,2016-02-01,38433.9667,39524.4383,-1090.4716,-2.759
comb_ets_sarima,2016-01-01,2,2016-03-01,37321.2728,38455.003,-1133.7302,-2.9482
comb_ets_sarima,2016-01-01,3,2016-04-01,35692.7193,37695.7025,-2002.9832,-5.3136
comb_ets_sarima,2016-01-01,4,2016-05-01,34144.9137,33979.3809,165.5328,0.4872
comb_ets_sarima,2016-01-01,5,2016-06-01,33324.1387,33271.7115,52.4272,0.1576
comb_ets_sarima,2016-01-01,6,2016-07-01,33589.7547,33182.5985,407.1562,1.227
comb_ets_sarima,2016-01-01,7,2016-08-01,34668.2147,34310.1087,358.1061,1.0437
comb_ets_sarima,2016-01-01,8,2016-09-01,35674.1521,34770.657,903.495,2.5984
comb_ets_sarima,2016-01-01,9,2016-10-01,36137.991,35154.594,983.397,2.7973
comb_ets_sarima,2016-01-01,10,2016-11-01,35589.6448,34743.5067,846.1382,2.4354
comb_ets_sarima,2016-01-01,11,2016-12-01,36120.3898,35760.8785,359.5113,1.0053
comb_ets_sarima,2016-01-01,12,2017-01-01,37184.1644,38977.4158,-1793.2514,-4.6007
comb_ets_sarima,2016-02-01,1,2016-03-01,37721.2417,38455.003,-733.7614,-1.9081
comb_ets_sarima,2016-02-01,2,2016-04-01,36251.8382,37695.7025,-1443.8643,-3.8303
comb_ets_sarima,2016-02-01,3,2016-05-01,34648.9633,33979.3809,669.5824,1.9706
comb_ets_sarima,2016-02-01,4,2016-06-01,33831.8654,33271.7115,560.1539,1.6836
comb_ets_sarima,2016-02-01,5,2016-07-01,34097.846,33182.5985,915.2475,2.7582
comb_ets_sarima,2016-02-01,6,2016-08-01,35201.0886,34310.1087,890.9799,2.5968
comb_ets_sarima,2016-02-01,7,2016-09-01,36215.6311,34770.657,1444.974,4.1557
comb_ets_sarima,2016-02-01,8,2016-10-01,36676.3694,35154.594,1521.7754,4.3288
comb_ets_sarima,2016-02-01,9,2016-11-01,36120.9966,34743.5067,1377.49,3.9647
comb_ets_sarima,2016-02-01,10,2016-12-01,36668.8213,35760.8785,907.9428,2.5389
comb_ets_sarima,2016-02-01,11,2017-01-01,37738.1283,38977.4158,-1239.2875,-3.1795
comb_ets_sarima,2016-02-01,12,2017-02-01,39444.8595,40063.0993,-618.2397,-1.5432
comb_ets_sarima,2016-03-01,1,2016-04-01,36514.1466,37695.7025,-1181.5559,-3.1345
comb_ets_sarima,2016-03-01,2,2016-05-01,34882.3921,33979.3809,903.0112,2.6575
comb_ets_sarima,2016-03-01,3,2016-06-01,34068.6646,33271.7115,796.9531,2.3953
comb_ets_sarima,2016-03-01,4,2016-07-01,34337.5062,33182.5985,1154.9078,3.4805
comb_ets_sarima,2016-03-01,5,2016-08-01,35453.0806,34310.1087,1142.9719,3.3313
comb_ets_sarima,2016-03-01,6,2016-09-01,36478.3253,34770.657,1707.6683,4.9112
comb_ets_sarima,2016-03-01,7,2016-10-01,36945.4906,35154.594,1790.8966,5.0943
comb_ets_sarima,2016-03-01,8,2016-11-01,36389.0489,34743.5067,1645.5422,4.7363
comb_ets_sarima,2016-03-01,9,2016-12-01,36944.3962,35760.8785,1183.5177,3.3095
comb_ets_sarima,2016-03-01,10,2017-01-01,38024.6431,38977.4158,-952.7727,-2.4444
comb_ets_sarima,2016-03-01,11,2017-02-01,39748.765,40063.0993,-314.3343,-0.7846
comb_ets_sarima,2016-03-01,12,2017-03-01,38568.8298,39435.9515,-867.1217,-2.1988
comb_ets_sarima,2016-04-01,1,2016-05-01,35445.0124,33979.3809,1465.6315,4.3133
comb_ets_sarima,2016-04-01,2,2016-06-01,34535.9075,33271.7115,1264.196,3.7996
comb_ets_sarima,2016-04-01,3,2016-07-01,34811.2322,33182.5985,1628.6338,4.9081
comb_ets_sarima,2016-04-01,4,2016-08-01,35941.6595,34310.1087,1631.5508,4.7553
comb_ets_sarima,2016-04-01,5,2016-09-01,36982.4359,34770.657,2211.7789,6.3611
comb_ets_sarima,2016-04-01,6,2016-10-01,37457.4183,35154.594,2302.8243,6.5506
comb_ets_sarima,2016-04-01,7,2016-11-01,36895.8492,34743.5067,2152.3425,6.1949
comb_ets_sarima,2016-04-01,8,2016-12-01,37460.4897,35760.8785,1699.6112,4.7527
comb_ets_sarima,2016-04-01,9,2017-01-01,38557.6993,38977.4158,-419.7165,-1.0768
comb_ets_sarima,2016-04-01,10,2017-02-01,40305.2922,40063.0993,242.1929,0.6045
comb_ets_sarima,2016-04-01,11,2017-03-01,39110.372,39435.9515,-325.5795,-0.8256
comb_ets_sarima,2016-04-01,12,2017-04-01,37582.0419,35806.0063,1776.0356,4.9602
comb_ets_sarima,2016-05-01,1,2016-06-01,33922.625,33271.7115,650.9135,1.9564
comb_ets_sarima,2016-05-01,2,2016-07-01,33869.4825,33182.5985,686.8841,2.07
comb_ets_sarima,2016-05-01,3,2016-08-01,35073.7214,34310.1087,763.6127,2.2256
comb_ets_sarima,2016-05-01,4,2016-09-01,36050.6619,34770.657,1280.0049,3.6813
comb_ets_sarima,2016-05-01,5,2016-10-01,36541.2194,35154.594,1386.6254,3.9444
comb_ets_sarima,2016-05-01,6,2016-11-01,35991.8096,34743.5067,1248.3029,3.5929
comb_ets_sarima,2016-05-01,7,2016-12-01,36553.248,35760.8785,792.3695,2.2157
comb_ets_sarima,2016-05-01,8,2017-01-01,37628.5039,38977.4158,-1348.9119,-3.4608
comb_ets_sarima,2016-05-01,9,2017-02-01,39339.2201,40063.0993,-723.8791,-1.8068
comb_ets_sarima,2016-05-01,10,2017-03-01,38179.6277,39435.9515,-1256.3238,-3.1857
comb_ets_sarima,2016-05-01,11,2017-04-01,36696.3772,35806.0063,890.3709,2.4867
comb_ets_sarima,2016-05-01,12,2017-05-01,34656.7266,34414.136,242.5907,0.7049
comb_ets_sarima,2016-06-01,1,2016-07-01,33686.9737,33182.5985,504.3752,1.52
comb_ets_sarima,2016-06-01,2,2016-08-01,34776.4217,34310.1087,466.3131,1.3591
comb_ets_sarima,2016-06-01,3,2016-09-01,35747.8839,34770.657,977.2269,2.8105
comb_ets_sarima,2016-06-01,4,2016-10-01,36233.1342,35154.594,1078.5402,3.068
comb_ets_sarima,2016-06-01,5,2016-11-01,35690.6438,34743.5067,947.1372,2.7261
comb_ets_sarima,2016-06-01,6,2016-12-01,36247.1978,35760.8785,486.3193,1.3599
comb_ets_sarima,2016-06-01,7,2017-01-01,37314.7119,38977.4158,-1662.7039,-4.2658
comb_ets_sarima,2016-06-01,8,2017-02-01,39011.1559,40063.0993,-1051.9434,-2.6257
comb_ets_sarima,2016-06-01,9,2017-03-01,37862.0707,39435.9515,-1573.8808,-3.991
comb_ets_sarima,2016-06-01,10,2017-04-01,36392.0367,35806.0063,586.0304,1.6367
comb_ets_sarima,2016-06-01,11,2017-05-01,34369.6724,34414.136,-44.4635,-0.1292
comb_ets_sarima,2016-06-01,12,2017-06-01,33499.0472,33858.7829,-359.7356,-1.0625
comb_ets_sarima,2016-07-01,1,2016-08-01,34870.3797,34310.1087,560.271,1.633
comb_ets_sarima,2016-07-01,2,2016-09-01,35818.1678,34770.657,1047.5108,3.0126
comb_ets_sarima,2016-07-01,3,2016-10-01,36306.8168,35154.594,1152.2228,3.2776
comb_ets_sarima,2016-07-01,4,2016-11-01,35766.4746,34743.5067,1022.9679,2.9443
comb_ets_sarima,2016-07-01,5,2016-12-01,36301.1905,35760.8785,540.312,1.5109
comb_ets_sarima,2016-07-01,6,2017-01-01,37394.7418,38977.4158,-1582.674,-4.0605
comb_ets_sarima,2016-07-01,7,2017-02-01,39076.8487,40063.0993,-986.2505,-2.4617
comb_ets_sarima,2016-07-01,8,2017-03-01,37922.75,39435.9515,-1513.2015,-3.8371
comb_ets_sarima,2016-07-01,9,2017-04-01,36440.529,35806.0063,634.5227,1.7721
comb_ets_sarima,2016-07-01,10,2017-05-01,34384.8841,34414.136,-29.2519,-0.085
comb_ets_sarima,2016-07-01,11,2017-06-01,33513.8616,33858.7829,-344.9212,-1.0187
comb_ets_sarima,2016-07-01,12,2017-07-01,33677.041,32552.0376,1125.0034,3.456
comb_ets_sarima,2016-08-01,1,2016-09-01,35507.4658,34770.657,736.8087,2.1191
comb_ets_sarima,2016-08-01,2,2016-10-01,36039.9135,35154.594,885.3195,2.5184
comb_ets_sarima,2016-08-01,3,2016-11-01,35451.5664,34743.5067,708.0597,2.038
comb_ets_sarima,2016-08-01,4,2016-12-01,36019.9885,35760.8785,259.11,0.7246
comb_ets_sarima,2016-08-01,5,2017-01-01,37067.9523,38977.4158,-1909.4635,-4.8989
comb_ets_sarima,2016-08-01,6,2017-02-01,38756.5484,40063.0993,-1306.5508,-3.2612
comb_ets_sarima,2016-08-01,7,2017-03-01,37609.3249,39435.9515,-1826.6266,-4.6319
comb_ets_sarima,2016-08-01,8,2017-04-01,36144.0229,35806.0063,338.0166,0.944
comb_ets_sarima,2016-08-01,9,2017-05-01,34129.6254,34414.136,-284.5105,-0.8267
comb_ets_sarima,2016-08-01,10,2017-06-01,33259.8546,33858.7829,-598.9283,-1.7689
comb_ets_sarima,2016-08-01,11,2017-07-01,33423.381,32552.0376,871.3434,2.6768
comb_ets_sarima,2016-08-01,12,2017-08-01,34660.7824,33822.7218,838.0606,2.4778
comb_ets_sarima,2016-09-01,1,2016-10-01,35775.3111,35154.594,620.7171,1.7657
comb_ets_sarima,2016-09-01,2,2016-11-01,35112.8202,34743.5067,369.3136,1.063
comb_ets_sarima,2016-09-01,3,2016-12-01,35689.9388,35760.8785,-70.9397,-0.1984
comb_ets_sarima,2016-09-01,4,2017-01-01,36723.1642,38977.4158,-2254.2516,-5.7835
comb_ets_sarima,2016-09-01,5,2017-02-01,38397.5077,40063.0993,-1665.5916,-4.1574
comb_ets_sarima,2016-09-01,6,2017-03-01,37260.2979,39435.9515,-2175.6536,-5.5169
comb_ets_sarima,2016-09-01,7,2017-04-01,35809.1024,35806.0063,3.0961,0.0086
comb_ets_sarima,2016-09-01,8,2017-05-01,33813.2947,34414.136,-600.8413,-1.7459
comb_ets_sarima,2016-09-01,9,2017-06-01,32951.7236,33858.7829,-907.0592,-2.6789
comb_ets_sarima,2016-09-01,10,2017-07-01,33113.6223,32552.0376,561.5847,1.7252
comb_ets_sarima,2016-09-01,11,2017-08-01,34339.3253,33822.7218,516.6035,1.5274
comb_ets_sarima,2016-09-01,12,2017-09-01,35204.1114,35533.9745,-329.8632,-0.9283
comb_ets_sarima,2016-10-01,1,2016-11-01,34839.6805,34743.5067,96.1738,0.2768
comb_ets_sarima,2016-10-01,2,2016-12-01,35217.4711,35760.8785,-543.4074,-1.5196
comb_ets_sarima,2016-10-01,3,2017-01-01,36299.5874,38977.4158,-2677.8284,-6.8702
comb_ets_sarima,2016-10-01,4,2017-02-01,37934.0171,40063.0993,-2129.0822,-5.3143
comb_ets_sarima,2016-10-01,5,2017-03-01,36825.6006,39435.9515,-2610.3509,-6.6192
comb_ets_sarima,2016-10-01,6,2017-04-01,35393.7055,35806.0063,-412.3008,-1.1515
comb_ets_sarima,2016-10-01,7,2017-05-01,33428.9265,34414.136,-985.2095,-2.8628
comb_ets_sarima,2016-10-01,8,2017-06-01,32582.6094,33858.7829,-1276.1734,-3.7691
comb_ets_sarima,2016-10-01,9,2017-07-01,32748.4405,32552.0376,196.403,0.6034
comb_ets_sarima,2016-10-01,10,2017-08-01,33965.2251,33822.7218,142.5033,0.4213
comb_ets_sarima,2016-10-01,11,2017-09-01,34825.2662,35533.9745,-708.7083,-1.9945
comb_ets_sarima,2016-10-01,12,2017-10-01,35478.7228,36565.8335,-1087.1107,-2.973
comb_ets_sarima,2016-11-01,1,2016-12-01,35198.0977,35760.8785,-562.7808,-1.5737
comb_ets_sarima,2016-11-01,2,2017-01-01,36278.6923,38977.4158,-2698.7235,-6.9238
comb_ets_sarima,2016-11-01,3,2017-02-01,37907.5306,40063.0993,-2155.5687,-5.3804
comb_ets_sarima,2016-11-01,4,2017-03-01,36802.7198,39435.9515,-2633.2317,-6.6772
comb_ets_sarima,2016-11-01,5,2017-04-01,35372.8205,35806.0063,-433.1859,-1.2098
comb_ets_sarima,2016-11-01,6,2017-05-01,33410.7954,34414.136,-1003.3406,-2.9155
comb_ets_sarima,2016-11-01,7,2017-06-01,32566.3434,33858.7829,-1292.4394,-3.8171
comb_ets_sarima,2016-11-01,8,2017-07-01,32733.3564,32552.0376,181.3188,0.557
comb_ets_sarima,2016-11-01,9,2017-08-01,33950.6754,33822.7218,127.9537,0.3783
comb_ets_sarima,2016-11-01,10,2017-09-01,34811.4092,35533.9745,-722.5654,-2.0334
comb_ets_sarima,2016-11-01,11,2017-10-01,35465.6677,36565.8335,-1100.1658,-3.0087
comb_ets_sarima,2016-11-01,12,2017-11-01,34883.6557,35790.6351,-906.9794,-2.5341
comb_ets_sarima,2016-12-01,1,2017-01-01,36573.9841,38977.4158,-2403.4317,-6.1662
comb_ets_sarima,2016-12-01,2,2017-02-01,38261.6254,40063.0993,-1801.4739,-4.4966
comb_ets_sarima,2016-12-01,3,2017-03-01,37139.8213,39435.9515,-2296.1302,-5.8224
comb_ets_sarima,2016-12-01,4,2017-04-01,35693.9143,35806.0063,-112.0921,-0.3131
comb_ets_sarima,2016-12-01,5,2017-05-01,33709.6147,34414.136,-704.5212,-2.0472
comb_ets_sarima,2016-12-01,6,2017-06-01,32854.0187,33858.7829,-1004.7642,-2.9675
comb_ets_sarima,2016-12-01,7,2017-07-01,33018.8355,32552.0376,466.7979,1.434
comb_ets_sarima,2016-12-01,8,2017-08-01,34243.542,33822.7218,420.8203,1.2442
comb_ets_sarima,2016-12-01,9,2017-09-01,35108.4237,35533.9745,-425.5508,-1.1976
comb_ets_sarima,2016-12-01,10,2017-10-01,35765.1191,36565.8335,-800.7144,-2.1898
comb_ets_sarima,2016-12-01,11,2017-11-01,35174.6741,35790.6351,-615.961,-1.721
comb_ets_sarima,2016-12-01,12,2017-12-01,35676.551,36736.4746,-1059.9236,-2.8852
comb_ets_sarima,2017-01-01,1,2017-02-01,39027.3542,40063.0993,-1035.745,-2.5853
comb_ets_sarima,2017-01-01,2,2017-03-01,38051.7077,39435.9515,-1384.2438,-3.5101
comb_ets_sarima,2017-01-01,3,2017-04-01,36476.9534,35806.0063,670.9471,1.8738
comb_ets_sarima,2017-01-01,4,2017-05-01,33903.7108,34414.136,-510.4252,-1.4832
comb_ets_sarima,2017-01-01,5,2017-06-01,33089.6992,33858.7829,-769.0836,-2.2714
comb_ets_sarima,2017-01-01,6,2017-07-01,33276.1148,32552.0376,724.0772,2.2244
comb_ets_sarima,2017-01-01,7,2017-08-01,34380.9688,33822.7218,558.2471,1.6505
comb_ets_sarima,2017-01-01,8,2017-09-01,35329.4308,35533.9745,-204.5438,-0.5756
comb_ets_sarima,2017-01-01,9,2017-10-01,36036.1292,36565.8335,-529.7043,-1.4486
comb_ets_sarima,2017-01-01,10,2017-11-01,35536.3466,35790.6351,-254.2885,-0.7105
comb_ets_sarima,2017-01-01,11,2017-12-01,36097.8914,36736.4746,-638.5832,-1.7383
comb_ets_sarima,2017-01-01,12,2018-01-01,37609.4277,39014.7803,-1405.3526,-3.6021
comb_ets_sarima,2017-02-01,1,2017-03-01,38345.4668,39435.9515,-1090.4847,-2.7652
comb_ets_sarima,2017-02-01,2,2017-04-01,36808.1304,35806.0063,1002.1241,2.7988
comb_ets_sarima,2017-02-01,3,2017-05-01,34202.6861,34414.136,-211.4498,-0.6144
comb_ets_sarima,2017-02-01,4,2017-06-01,33380.7727,33858.7829,-478.0102,-1.4118
comb_ets_sarima,2017-02-01,5,2017-07-01,33563.0587,32552.0376,1011.0211,3.1059
comb_ets_sarima,2017-02-01,6,2017-08-01,34678.3045,33822.7218,855.5828,2.5296
comb_ets_sarima,2017-02-01,7,2017-09-01,35625.4871,35533.9745,91.5125,0.2575
comb_ets_sarima,2017-02-01,8,2017-10-01,36331.7163,36565.8335,-234.1172,-0.6403
comb_ets_sarima,2017-02-01,9,2017-11-01,35825.9292,35790.6351,35.294,0.0986
comb_ets_sarima,2017-02-01,10,2017-12-01,36396.6183,36736.4746,-339.8563,-0.9251
comb_ets_sarima,2017-02-01,11,2018-01-01,37943.4689,39014.7803,-1071.3114,-2.7459
comb_ets_sarima,2017-02-01,12,2018-02-01,39687.7066,38534.2142,1153.4924,2.9934
comb_ets_sarima,2017-03-01,1,2017-04-01,37077.1653,35806.0063,1271.1589,3.5501
comb_ets_sarima,2017-03-01,2,2017-05-01,34893.3025,34414.136,479.1666,1.3924
comb_ets_sarima,2017-03-01,3,2017-06-01,33951.7178,33858.7829,92.935,0.2745
comb_ets_sarima,2017-03-01,4,2017-07-01,34096.6418,32552.0376,1544.6042,4.745
comb_ets_sarima,2017-03-01,5,2017-08-01,35348.2736,33822.7218,1525.5519,4.5104
comb_ets_sarima,2017-03-01,6,2017-09-01,36233.5943,35533.9745,699.6197,1.9689
comb_ets_sarima,2017-03-01,7,2017-10-01,36906.4816,36565.8335,340.6481,0.9316
comb_ets_sarima,2017-03-01,8,2017-11-01,36292.6466,35790.6351,502.0115,1.4026
comb_ets_sarima,2017-03-01,9,2017-12-01,36805.5476,36736.4746,69.073,0.188
comb_ets_sarima,2017-03-01,10,2018-01-01,38332.6527,39014.7803,-682.1277,-1.7484
comb_ets_sarima,2017-03-01,11,2018-02-01,39842.4273,38534.2142,1308.2132,3.3949
comb_ets_sarima,2017-03-01,12,2018-03-01,38949.2789,40027.9812,-1078.7023,-2.6949
comb_ets_sarima,2017-04-01,1,2017-05-01,34006.1667,34414.136,-407.9693,-1.1855
comb_ets_sarima,2017-04-01,2,2017-06-01,33111.2606,33858.7829,-747.5223,-2.2078
comb_ets_sarima,2017-04-01,3,2017-07-01,33312.8064,32552.0376,760.7688,2.3371
comb_ets_sarima,2017-04-01,4,2017-08-01,34435.0021,33822.7218,612.2803,1.8103
comb_ets_sarima,2017-04-01,5,2017-09-01,35394.3543,35533.9745,-139.6203,-0.3929
comb_ets_sarima,2017-04-01,6,2017-10-01,36113.9935,36565.8335,-451.84,-1.2357
comb_ets_sarima,2017-04-01,7,2017-11-01,35630.4829,35790.6351,-160.1522,-0.4475
comb_ets_sarima,2017-04-01,8,2017-12-01,36213.5768,36736.4746,-522.8978,-1.4234
comb_ets_sarima,2017-04-01,9,2018-01-01,37759.9811,39014.7803,-1254.7992,-3.2162
comb_ets_sarima,2017-04-01,10,2018-02-01,39518.5431,38534.2142,984.3289,2.5544
comb_ets_sarima,2017-04-01,11,2018-03-01,38653.2215,40027.9812,-1374.7597,-3.4345
comb_ets_sarima,2017-04-01,12,2018-04-01,36523.6994,36668.6995,-145.0001,-0.3954
comb_ets_sarima,2017-05-01,1,2017-06-01,33286.5891,33858.7829,-572.1937,-1.6899
comb_ets_sarima,2017-05-01,2,2017-07-01,33362.4727,32552.0376,810.4352,2.4897
comb_ets_sarima,2017-05-01,3,2017-08-01,34490.7896,33822.7218,668.0678,1.9752
comb_ets_sarima,2017-05-01,4,2017-09-01,35446.611,35533.9745,-87.3635,-0.2459
comb_ets_sarima,2017-05-01,5,2017-10-01,36165.42,36565.8335,-400.4135,-1.095
comb_ets_sarima,2017-05-01,6,2017-11-01,35684.1285,35790.6351,-106.5066,-0.2976
comb_ets_sarima,2017-05-01,7,2017-12-01,36276.1963,36736.4746,-460.2783,-1.2529
comb_ets_sarima,2017-05-01,8,2018-01-01,37850.9138,39014.7803,-1163.8665,-2.9831
comb_ets_sarima,2017-05-01,9,2018-02-01,39601.7159,38534.2142,1067.5018,2.7703
comb_ets_sarima,2017-05-01,10,2018-03-01,38740.458,40027.9812,-1287.5233,-3.2166
comb_ets_sarima,2017-05-01,11,2018-04-01,36590.2522,36668.6995,-78.4473,-0.2139
comb_ets_sarima,2017-05-01,12,2018-05-01,34337.7016,34197.8245,139.8771,0.409
comb_ets_sarima,2017-06-01,1,2017-07-01,33895.2408,32552.0376,1343.2032,4.1263
comb_ets_sarima,2017-06-01,2,2017-08-01,35032.1494,33822.7218,1209.4277,3.5758
comb_ets_sarima,2017-06-01,3,2017-09-01,35930.912,35533.9745,396.9375,1.1171
comb_ets_sarima,2017-06-01,4,2017-10-01,36609.3005,36565.8335,43.467,0.1189
comb_ets_sarima,2017-06-01,5,2017-11-01,36016.2904,35790.6351,225.6553,0.6305
comb_ets_sarima,2017-06-01,6,2017-12-01,36537.4499,36736.4746,-199.0247,-0.5418
comb_ets_sarima,2017-06-01,7,2018-01-01,38064.4888,39014.7803,-950.2915,-2.4357
comb_ets_sarima,2017-06-01,8,2018-02-01,39572.8313,38534.2142,1038.6171,2.6953
comb_ets_sarima,2017-06-01,9,2018-03-01,38698.89,40027.9812,-1329.0912,-3.3204
comb_ets_sarima,2017-06-01,10,2018-04-01,36618.6078,36668.6995,-50.0916,-0.1366
comb_ets_sarima,2017-06-01,11,2018-05-01,34632.8531,34197.8245,435.0286,1.2721
comb_ets_sarima,2017-06-01,12,2018-06-01,33800.0638,33858.1352,-58.0715,-0.1715
comb_ets_sarima,2017-07-01,1,2017-08-01,34381.8656,33822.7218,559.1439,1.6532
comb_ets_sarima,2017-07-01,2,2017-09-01,35259.179,35533.9745,-274.7955,-0.7733
comb_ets_sarima,2017-07-01,3,2017-10-01,35971.9448,36565.8335,-593.8887,-1.6242
comb_ets_sarima,2017-07-01,4,2017-11-01,35494.4318,35790.6351,-296.2033,-0.8276
comb_ets_sarima,2017-07-01,5,2017-12-01,36086.8944,36736.4746,-649.5802,-1.7682
comb_ets_sarima,2017-07-01,6,2018-01-01,37665.0644,39014.7803,-1349.716,-3.4595
comb_ets_sarima,2017-07-01,7,2018-02-01,39403.5622,38534.2142,869.3481,2.256
comb_ets_sarima,2017-07-01,8,2018-03-01,38548.8661,40027.9812,-1479.1151,-3.6952
comb_ets_sarima,2017-07-01,9,2018-04-01,36399.2179,36668.6995,-269.4816,-0.7349
comb_ets_sarima,2017-07-01,10,2018-05-01,34165.398,34197.8245,-32.4265,-0.0948
comb_ets_sarima,2017-07-01,11,2018-06-01,33441.54,33858.1352,-416.5952,-1.2304
comb_ets_sarima,2017-07-01,12,2018-07-01,33019.0733,33919.2557,-900.1824,-2.6539
comb_ets_sarima,2017-08-01,1,2017-09-01,35232.7852,35533.9745,-301.1893,-0.8476
comb_ets_sarima,2017-08-01,2,2017-10-01,35880.379,36565.8335,-685.4545,-1.8746
comb_ets_sarima,2017-08-01,3,2017-11-01,35400.0671,35790.6351,-390.5681,-1.0913
comb_ets_sarima,2017-08-01,4,2017-12-01,35985.1585,36736.4746,-751.3161,-2.0452
comb_ets_sarima,2017-08-01,5,2018-01-01,37543.417,39014.7803,-1471.3633,-3.7713
comb_ets_sarima,2017-08-01,6,2018-02-01,39282.3295,38534.2142,748.1153,1.9414
comb_ets_sarima,2017-08-01,7,2018-03-01,38425.564,40027.9812,-1602.4172,-4.0032
comb_ets_sarima,2017-08-01,8,2018-04-01,36289.3445,36668.6995,-379.355,-1.0345
comb_ets_sarima,2017-08-01,9,2018-05-01,34050.0267,34197.8245,-147.7978,-0.4322
comb_ets_sarima,2017-08-01,10,2018-06-01,33324.2986,33858.1352,-533.8366,-1.5767
comb_ets_sarima,2017-08-01,11,2018-07-01,32903.4911,33919.2557,-1015.7647,-2.9947
comb_ets_sarima,2017-08-01,12,2018-08-01,34085.9883,34465.4632,-379.4749,-1.101
comb_ets_sarima,2017-09-01,1,2017-10-01,36052.0573,36565.8335,-513.7762,-1.4051
comb_ets_sarima,2017-09-01,2,2017-11-01,35522.4723,35790.6351,-268.1628,-0.7493
comb_ets_sarima,2017-09-01,3,2017-12-01,36107.8225,36736.4746,-628.6521,-1.7112
comb_ets_sarima,2017-09-01,4,2018-01-01,37675.197,39014.7803,-1339.5833,-3.4335
comb_ets_sarima,2017-09-01,5,2018-02-01,39413.1017,38534.2142,878.8876,2.2808
comb_ets_sarima,2017-09-01,6,2018-03-01,38550.8839,40027.9812,-1477.0974,-3.6902
comb_ets_sarima,2017-09-01,7,2018-04-01,36397.9258,36668.6995,-270.7736,-0.7384
comb_ets_sarima,2017-09-01,8,2018-05-01,34152.3792,34197.8245,-45.4453,-0.1329
comb_ets_sarima,2017-09-01,9,2018-06-01,33420.4739,33858.1352,-437.6613,-1.2926
comb_ets_sarima,2017-09-01,10,2018-07-01,32992.5123,33919.2557,-926.7435,-2.7322
comb_ets_sarima,2017-09-01,11,2018-08-01,34175.3771,34465.4632,-290.0862,-0.8417
comb_ets_sarima,2017-09-01,12,2018-09-01,35291.7271,35488.2045,-196.4773,-0.5536
comb_ets_sarima,2017-10-01,1,2017-11-01,35764.8253,35790.6351,-25.8098,-0.0721
comb_ets_sarima,2017-10-01,2,2017-12-01,36208.2975,36736.4746,-528.1771,-1.4377
comb_ets_sarima,2017-10-01,3,2018-01-01,37843.4733,39014.7803,-1171.3071,-3.0022
comb_ets_sarima,2017-10-01,4,2018-02-01,39302.5995,38534.2142,768.3853,1.994
comb_ets_sarima,2017-10-01,5,2018-03-01,38420.8621,40027.9812,-1607.1192,-4.015
comb_ets_sarima,2017-10-01,6,2018-04-01,36292.7497,36668.6995,-375.9498,-1.0253
comb_ets_sarima,2017-10-01,7,2018-05-01,34292.7174,34197.8245,94.8929,0.2775
comb_ets_sarima,2017-10-01,8,2018-06-01,33487.2828,33858.1352,-370.8525,-1.0953
comb_ets_sarima,2017-10-01,9,2018-07-01,33294.0592,33919.2557,-625.1965,-1.8432
comb_ets_sarima,2017-10-01,10,2018-08-01,34461.3427,34465.4632,-4.1205,-0.012
comb_ets_sarima,2017-10-01,11,2018-09-01,35631.8996,35488.2045,143.6951,0.4049
comb_ets_sarima,2017-10-01,12,2018-10-01,36535.4419,36868.9276,-333.4856,-0.9045
comb_ets_sarima,2017-11-01,1,2017-12-01,36293.5356,36736.4746,-442.939,-1.2057
comb_ets_sarima,2017-11-01,2,2018-01-01,37922.958,39014.7803,-1091.8223,-2.7985
comb_ets_sarima,2017-11-01,3,2018-02-01,39366.9944,38534.2142,832.7803,2.1611
comb_ets_sarima,2017-11-01,4,2018-03-01,38478.6269,40027.9812,-1549.3543,-3.8707
comb_ets_sarima,2017-11-01,5,2018-04-01,36323.3139,36668.6995,-345.3856,-0.9419
comb_ets_sarima,2017-11-01,6,2018-05-01,34310.7404,34197.8245,112.9158,0.3302
comb_ets_sarima,2017-11-01,7,2018-06-01,33510.2541,33858.1352,-347.8811,-1.0275
comb_ets_sarima,2017-11-01,8,2018-07-01,33291.9211,33919.2557,-627.3346,-1.8495
comb_ets_sarima,2017-11-01,9,2018-08-01,34454.1628,34465.4632,-11.3004,-0.0328
comb_ets_sarima,2017-11-01,10,2018-09-01,35631.7314,35488.2045,143.5269,0.4044
comb_ets_sarima,2017-11-01,11,2018-10-01,36530.4984,36868.9276,-338.4292,-0.9179
comb_ets_sarima,2017-11-01,12,2018-11-01,35788.5135,36725.6111,-937.0976,-2.5516
comb_ets_sarima,2017-12-01,1,2018-01-01,38173.2468,39014.7803,-841.5335,-2.157
comb_ets_sarima,2017-12-01,2,2018-02-01,39533.901,38534.2142,999.6869,2.5943
comb_ets_sarima,2017-12-01,3,2018-03-01,38587.919,40027.9812,-1440.0622,-3.5976
comb_ets_sarima,2017-12-01,4,2018-04-01,36479.6632,36668.6995,-189.0363,-0.5155
comb_ets_sarima,2017-12-01,5,2018-05-01,34480.0149,34197.8245,282.1904,0.8252
comb_ets_sarima,2017-12-01,6,2018-06-01,33634.072,33858.1352,-224.0632,-0.6618
comb_ets_sarima,2017-12-01,7,2018-07-01,33491.3588,33919.2557,-427.897,-1.2615
comb_ets_sarima,2017-12-01,8,2018-08-01,34668.2974,34465.4632,202.8342,0.5885
comb_ets_sarima,2017-12-01,9,2018-09-01,35809.8168,35488.2045,321.6124,0.9063
comb_ets_sarima,2017-12-01,10,2018-10-01,36718.6286,36868.9276,-150.299,-0.4077
comb_ets_sarima,2017-12-01,11,2018-11-01,35928.7781,36725.6111,-796.833,-2.1697
comb_ets_sarima,2017-12-01,12,2018-12-01,36536.204,38158.3807,-1622.1767,-4.2512
comb_ets_sarima,2018-01-01,1,2018-02-01,39980.301,38534.2142,1446.0868,3.7527
comb_ets_sarima,2018-01-01,2,2018-03-01,39094.7382,40027.9812,-933.243,-2.3315
comb_ets_sarima,2018-01-01,3,2018-04-01,37010.7276,36668.6995,342.0282,0.9328
comb_ets_sarima,2018-01-01,4,2018-05-01,34976.4173,34197.8245,778.5928,2.2767
comb_ets_sarima,2018-01-01,5,2018-06-01,34124.2837,33858.1352,266.1485,0.7861
comb_ets_sarima,2018-01-01,6,2018-07-01,33978.0304,33919.2557,58.7746,0.1733
comb_ets_sarima,2018-01-01,7,2018-08-01,35171.7686,34465.4632,706.3054,2.0493
comb_ets_sarima,2018-01-01,8,2018-09-01,36328.7881,35488.2045,840.5836,2.3686
comb_ets_sarima,2018-01-01,9,2018-10-01,37250.2383,36868.9276,381.3107,1.0342
comb_ets_sarima,2018-01-01,10,2018-11-01,36448.7775,36725.6111,-276.8336,-0.7538
comb_ets_sarima,2018-01-01,11,2018-12-01,37063.8657,38158.3807,-1094.515,-2.8683
comb_ets_sarima,2018-01-01,12,2019-01-01,38969.9437,42133.9275,-3163.9838,-7.5093
comb_ets_sarima,2018-02-01,1,2018-03-01,38074.127,40027.9812,-1953.8543,-4.8812
comb_ets_sarima,2018-02-01,2,2018-04-01,35978.3657,36668.6995,-690.3338,-1.8826
comb_ets_sarima,2018-02-01,3,2018-05-01,34098.073,34197.8245,-99.7515,-0.2917
comb_ets_sarima,2018-02-01,4,2018-06-01,33241.8382,33858.1352,-616.297,-1.8202
comb_ets_sarima,2018-02-01,5,2018-07-01,33123.9438,33919.2557,-795.3119,-2.3447
comb_ets_sarima,2018-02-01,6,2018-08-01,34290.3035,34465.4632,-175.1597,-0.5082
comb_ets_sarima,2018-02-01,7,2018-09-01,35430.0643,35488.2045,-58.1401,-0.1638
comb_ets_sarima,2018-02-01,8,2018-10-01,36335.8899,36868.9276,-533.0377,-1.4458
comb_ets_sarima,2018-02-01,9,2018-11-01,35563.4264,36725.6111,-1162.1847,-3.1645
comb_ets_sarima,2018-02-01,10,2018-12-01,36172.4083,38158.3807,-1985.9724,-5.2046
comb_ets_sarima,2018-02-01,11,2019-01-01,38040.4898,42133.9275,-4093.4377,-9.7153
comb_ets_sarima,2018-02-01,12,2019-02-01,38995.3163,40667.0042,-1671.6879,-4.1107
comb_ets_sarima,2018-03-01,1,2018-04-01,36626.8902,36668.6995,-41.8093,-0.114
comb_ets_sarima,2018-03-01,2,2018-05-01,35020.7241,34197.8245,822.8996,2.4063
comb_ets_sarima,2018-03-01,3,2018-06-01,34027.6922,33858.1352,169.557,0.5008
comb_ets_sarima,2018-03-01,4,2018-07-01,33959.1833,33919.2557,39.9276,0.1177
comb_ets_sarima,2018-03-01,5,2018-08-01,35126.9521,34465.4632,661.4889,1.9193
comb_ets_sarima,2018-03-01,6,2018-09-01,36306.9709,35488.2045,818.7665,2.3072
comb_ets_sarima,2018-03-01,7,2018-10-01,37226.7233,36868.9276,357.7958,0.9705
comb_ets_sarima,2018-03-01,8,2018-11-01,36435.9539,36725.6111,-289.6572,-0.7887
comb_ets_sarima,2018-03-01,9,2018-12-01,37057.0174,38158.3807,-1101.3633,-2.8863
comb_ets_sarima,2018-03-01,10,2019-01-01,38968.9158,42133.9275,-3165.0118,-7.5118
comb_ets_sarima,2018-03-01,11,2019-02-01,39949.873,40667.0042,-717.1312,-1.7634
comb_ets_sarima,2018-03-01,12,2019-03-01,39260.1431,38892.6826,367.4605,0.9448
comb_ets_sarima,2018-04-01,1,2018-05-01,35089.3031,34197.8245,891.4786,2.6068
comb_ets_sarima,2018-04-01,2,2018-06-01,34141.1002,33858.1352,282.965,0.8357
comb_ets_sarima,2018-04-01,3,2018-07-01,34019.7336,33919.2557,100.4778,0.2962
comb_ets_sarima,2018-04-01,4,2018-08-01,35221.1143,34465.4632,755.6511,2.1925
comb_ets_sarima,2018-04-01,5,2018-09-01,36392.2288,35488.2045,904.0244,2.5474
comb_ets_sarima,2018-04-01,6,2018-10-01,37323.6047,36868.9276,454.6772,1.2332
comb_ets_sarima,2018-04-01,7,2018-11-01,36530.6272,36725.6111,-194.9839,-0.5309
comb_ets_sarima,2018-04-01,8,2018-12-01,37157.5589,38158.3807,-1000.8218,-2.6228
comb_ets_sarima,2018-04-01,9,2019-01-01,39076.0176,42133.9275,-3057.91,-7.2576
comb_ets_sarima,2018-04-01,10,2019-02-01,40062.1819,40667.0042,-604.8223,-1.4873
comb_ets_sarima,2018-04-01,11,2019-03-01,39372.9044,38892.6826,480.2218,1.2347
comb_ets_sarima,2018-04-01,12,2019-04-01,36988.3571,37888.0324,-899.6752,-2.3746
comb_ets_sarima,2018-05-01,1,2018-06-01,33883.2438,33858.1352,25.1085,0.0742
comb_ets_sarima,2018-05-01,2,2018-07-01,33268.854,33919.2557,-650.4018,-1.9175
comb_ets_sarima,2018-05-01,3,2018-08-01,34475.0175,34465.4632,9.5542,0.0277
comb_ets_sarima,2018-05-01,4,2018-09-01,35662.0345,35488.2045,173.83,0.4898
comb_ets_sarima,2018-05-01,5,2018-10-01,36511.8231,36868.9276,-357.1044,-0.9686
comb_ets_sarima,2018-05-01,6,2018-11-01,35802.43,36725.6111,-923.1811,-2.5137
comb_ets_sarima,2018-05-01,7,2018-12-01,36601.7764,38158.3807,-1556.6043,-4.0793
comb_ets_sarima,2018-05-01,8,2019-01-01,38894.1326,42133.9275,-3239.7949,-7.6893
comb_ets_sarima,2018-05-01,9,2019-02-01,39436.4857,40667.0042,-1230.5185,-3.0258
comb_ets_sarima,2018-05-01,10,2019-03-01,39430.7499,38892.6826,538.0673,1.3835
comb_ets_sarima,2018-05-01,11,2019-04-01,36507.7205,37888.0324,-1380.3119,-3.6431
comb_ets_sarima,2018-05-01,12,2019-05-01,34479.4694,35795.5702,-1316.1008,-3.6767
comb_ets_sarima,2018-06-01,1,2018-07-01,33634.7115,33919.2557,-284.5442,-0.8389
comb_ets_sarima,2018-06-01,2,2018-08-01,34636.8048,34465.4632,171.3416,0.4971
comb_ets_sarima,2018-06-01,3,2018-09-01,35827.018,35488.2045,338.8135,0.9547
comb_ets_sarima,2018-06-01,4,2018-10-01,36731.3358,36868.9276,-137.5917,-0.3732
comb_ets_sarima,2018-06-01,5,2018-11-01,35961.7009,36725.6111,-763.9102,-2.08
comb_ets_sarima,2018-06-01,6,2018-12-01,36579.6349,38158.3807,-1578.7458,-4.1374
comb_ets_sarima,2018-06-01,7,2019-01-01,38473.1703,42133.9275,-3660.7572,-8.6884
comb_ets_sarima,2018-06-01,8,2019-02-01,39445.731,40667.0042,-1221.2732,-3.0031
comb_ets_sarima,2018-06-01,9,2019-03-01,38771.1727,38892.6826,-121.5099,-0.3124
comb_ets_sarima,2018-06-01,10,2019-04-01,36427.1604,37888.0324,-1460.8719,-3.8558
comb_ets_sarima,2018-06-01,11,2019-05-01,34439.4425,35795.5702,-1356.1277,-3.7885
comb_ets_sarima,2018-06-01,12,2019-06-01,33833.2308,34226.9213,-393.6905,-1.1502
comb_ets_sarima,2018-07-01,1,2018-08-01,34820.7251,34465.4632,355.2619,1.0308
comb_ets_sarima,2018-07-01,2,2018-09-01,36037.9831,35488.2045,549.7786,1.5492
comb_ets_sarima,2018-07-01,3,2018-10-01,36931.0355,36868.9276,62.1079,0.1685
comb_ets_sarima,2018-07-01,4,2018-11-01,36160.5782,36725.6111,-565.0329,-1.5385
comb_ets_sarima,2018-07-01,5,2018-12-01,36777.2189,38158.3807,-1381.1618,-3.6196
comb_ets_sarima,2018-07-01,6,2019-01-01,38679.9204,42133.9275,-3454.0072,-8.1977
comb_ets_sarima,2018-07-01,7,2019-02-01,39655.8702,40667.0042,-1011.1339,-2.4864
comb_ets_sarima,2018-07-01,8,2019-03-01,38975.8472,38892.6826,83.1646,0.2138
comb_ets_sarima,2018-07-01,9,2019-04-01,36616.7823,37888.0324,-1271.25,-3.3553
comb_ets_sarima,2018-07-01,10,2019-05-01,34615.9459,35795.5702,-1179.6243,-3.2954
comb_ets_sarima,2018-07-01,11,2019-06-01,34003.8334,34226.9213,-223.0879,-0.6518
comb_ets_sarima,2018-07-01,12,2019-07-01,33856.8358,33569.6216,287.2142,0.8556
comb_ets_sarima,2018-08-01,1,2018-09-01,35754.1419,35488.2045,265.9374,0.7494
comb_ets_sarima,2018-08-01,2,2018-10-01,36641.9161,36868.9276,-227.0114,-0.6157
comb_ets_sarima,2018-08-01,3,2018-11-01,35929.1816,36725.6111,-796.4295,-2.1686
comb_ets_sarima,2018-08-01,4,2018-12-01,36725.6525,38158.3807,-1432.7282,-3.7547
comb_ets_sarima,2018-08-01,5,2019-01-01,39034.8156,42133.9275,-3099.1119,-7.3554
comb_ets_sarima,2018-08-01,6,2019-02-01,39589.6708,40667.0042,-1077.3334,-2.6492
comb_ets_sarima,2018-08-01,7,2019-03-01,39556.5269,38892.6826,663.8443,1.7069
comb_ets_sarima,2018-08-01,8,2019-04-01,36611.0635,37888.0324,-1276.9689,-3.3704
comb_ets_sarima,2018-08-01,9,2019-05-01,34578.6855,35795.5702,-1216.8847,-3.3995
comb_ets_sarima,2018-08-01,10,2019-06-01,34047.1618,34226.9213,-179.7595,-0.5252
comb_ets_sarima,2018-08-01,11,2019-07-01,33704.7882,33569.6216,135.1666,0.4026
comb_ets_sarima,2018-08-01,12,2019-08-01,34574.2539,34180.6521,393.6018,1.1515
comb_ets_sarima,2018-09-01,1,2018-10-01,36527.2784,36868.9276,-341.6492,-0.9267
comb_ets_sarima,2018-09-01,2,2018-11-01,36001.4061,36725.6111,-724.205,-1.9719
comb_ets_sarima,2018-09-01,3,2018-12-01,36552.1284,38158.3807,-1606.2523,-4.2094
comb_ets_sarima,2018-09-01,4,2019-01-01,38468.6583,42133.9275,-3665.2692,-8.6991
comb_ets_sarima,2018-09-01,5,2019-02-01,39417.9493,40667.0042,-1249.0549,-3.0714
comb_ets_sarima,2018-09-01,6,2019-03-01,38737.6558,38892.6826,-155.0268,-0.3986
comb_ets_sarima,2018-09-01,7,2019-04-01,36378.553,37888.0324,-1509.4794,-3.9841
comb_ets_sarima,2018-09-01,8,2019-05-01,34377.8357,35795.5702,-1417.7345,-3.9606
comb_ets_sarima,2018-09-01,9,2019-06-01,33758.0337,34226.9213,-468.8876,-1.3699
comb_ets_sarima,2018-09-01,10,2019-07-01,33603.0274,33569.6216,33.4058,0.0995
comb_ets_sarima,2018-09-01,11,2019-08-01,34483.2644,34180.6521,302.6123,0.8853
comb_ets_sarima,2018-09-01,12,2019-09-01,35680.8222,36699.7232,-1018.901,-2.7763
comb_ets_sarima,2018-10-01,1,2018-11-01,36233.095,36725.6111,-492.5161,-1.3411
comb_ets_sarima,2018-10-01,2,2018-12-01,36861.778,38158.3807,-1296.6027,-3.398
comb_ets_sarima,2018-10-01,3,2019-01-01,38767.1984,42133.9275,-3366.7291,-7.9905
comb_ets_sarima,2018-10-01,4,2019-02-01,39734.3438,40667.0042,-932.6604,-2.2934
comb_ets_sarima,2018-10-01,5,2019-03-01,39042.2861,38892.6826,149.6035,0.3847
comb_ets_sarima,2018-10-01,6,2019-04-01,36665.4809,37888.0324,-1222.5515,-3.2267
comb_ets_sarima,2018-10-01,7,2019-05-01,34647.1104,35795.5702,-1148.4598,-3.2084
comb_ets_sarima,2018-10-01,8,2019-06-01,34021.6662,34226.9213,-205.2551,-0.5997
comb_ets_sarima,2018-10-01,9,2019-07-01,33863.9635,33569.6216,294.3419,0.8768
comb_ets_sarima,2018-10-01,10,2019-08-01,34749.9159,34180.6521,569.2638,1.6655
comb_ets_sarima,2018-10-01,11,2019-09-01,35955.4705,36699.7232,-744.2527,-2.028
comb_ets_sarima,2018-10-01,12,2019-10-01,36880.5174,37918.2543,-1037.7369,-2.7368
comb_ets_sarima,2018-11-01,1,2018-12-01,36926.8398,38158.3807,-1231.5409,-3.2274
comb_ets_sarima,2018-11-01,2,2019-01-01,39132.4386,42133.9275,-3001.489,-7.1237
comb_ets_sarima,2018-11-01,3,2019-02-01,40104.639,40667.0042,-562.3652,-1.3829
comb_ets_sarima,2018-11-01,4,2019-03-01,39403.1509,38892.6826,510.4683,1.3125
comb_ets_sarima,2018-11-01,5,2019-04-01,37000.8752,37888.0324,-887.1572,-2.3415
comb_ets_sarima,2018-11-01,6,2019-05-01,34960.6741,35795.5702,-834.8961,-2.3324
comb_ets_sarima,2018-11-01,7,2019-06-01,34326.5556,34226.9213,99.6343,0.2911
comb_ets_sarima,2018-11-01,8,2019-07-01,34164.5558,33569.6216,594.9342,1.7722
comb_ets_sarima,2018-11-01,9,2019-08-01,35056.0193,34180.6521,875.3672,2.561
comb_ets_sarima,2018-11-01,10,2019-09-01,36269.9863,36699.7232,-429.7369,-1.171
comb_ets_sarima,2018-11-01,11,2019-10-01,37200.7305,37918.2543,-717.5238,-1.8923
comb_ets_sarima,2018-11-01,12,2019-11-01,36767.0518,37089.4265,-322.3747,-0.8692
comb_ets_sarima,2018-12-01,1,2019-01-01,40208.9698,42133.9275,-1924.9577,-4.5687
comb_ets_sarima,2018-12-01,2,2019-02-01,41123.5549,40667.0042,456.5507,1.1227
comb_ets_sarima,2018-12-01,3,2019-03-01,40421.5617,38892.6826,1528.8791,3.931
comb_ets_sarima,2018-12-01,4,2019-04-01,37932.6569,37888.0324,44.6246,0.1178
comb_ets_sarima,2018-12-01,5,2019-05-01,35831.0941,35795.5702,35.5239,0.0992
comb_ets_sarima,2018-12-01,6,2019-06-01,35165.6006,34226.9213,938.6793,2.7425
comb_ets_sarima,2018-12-01,7,2019-07-01,34983.7986,33569.6216,1414.177,4.2127
comb_ets_sarima,2018-12-01,8,2019-08-01,35880.5,34180.6521,1699.8478,4.9731
comb_ets_sarima,2018-12-01,9,2019-09-01,37107.0985,36699.7232,407.3753,1.11
comb_ets_sarima,2018-12-01,10,2019-10-01,38044.5974,37918.2543,126.3431,0.3332
comb_ets_sarima,2018-12-01,11,2019-11-01,37587.0199,37089.4265,497.5934,1.3416
comb_ets_sarima,2018-12-01,12,2019-12-01,38168.8852,36887.2681,1281.6171,3.4744
comb_ets_sarima,2019-01-01,1,2019-02-01,41436.6043,40667.0042,769.6001,1.8924
comb_ets_sarima,2019-01-01,2,2019-03-01,41303.8108,38892.6826,2411.1282,6.1994
comb_ets_sarima,2019-01-01,3,2019-04-01,38187.2794,37888.0324,299.2471,0.7898
comb_ets_sarima,2019-01-01,4,2019-05-01,36103.2196,35795.5702,307.6493,0.8595
comb_ets_sarima,2019-01-01,5,2019-06-01,35505.1061,34226.9213,1278.1848,3.7344
comb_ets_sarima,2019-01-01,6,2019-07-01,35033.6235,33569.6216,1464.0018,4.3611
comb_ets_sarima,2019-01-01,7,2019-08-01,35956.4894,34180.6521,1775.8373,5.1954
comb_ets_sarima,2019-01-01,8,2019-09-01,37284.6298,36699.7232,584.9066,1.5938
comb_ets_sarima,2019-01-01,9,2019-10-01,38362.5274,37918.2543,444.273,1.1717
comb_ets_sarima,2019-01-01,10,2019-11-01,37856.1953,37089.4265,766.7689,2.0674
comb_ets_sarima,2019-01-01,11,2019-12-01,38738.5312,36887.2681,1851.2631,5.0187
comb_ets_sarima,2019-02-01,1,2019-03-01,40714.642,38892.6826,1821.9593,4.6846
comb_ets_sarima,2019-02-01,2,2019-04-01,37717.1397,37888.0324,-170.8927,-0.451
comb_ets_sarima,2019-02-01,3,2019-05-01,35669.5708,35795.5702,-125.9994,-0.352
comb_ets_sarima,2019-02-01,4,2019-06-01,35087.9073,34226.9213,860.986,2.5155
comb_ets_sarima,2019-02-01,5,2019-07-01,34627.5097,33569.6216,1057.888,3.1513
comb_ets_sarima,2019-02-01,6,2019-08-01,35550.5269,34180.6521,1369.8748,4.0077
comb_ets_sarima,2019-02-01,7,2019-09-01,36874.4916,36699.7232,174.7683,0.4762
comb_ets_sarima,2019-02-01,8,2019-10-01,37949.3813,37918.2543,31.127,0.0821
comb_ets_sarima,2019-02-01,9,2019-11-01,37455.8368,37089.4265,366.4103,0.9879
comb_ets_sarima,2019-02-01,10,2019-12-01,38338.527,36887.2681,1451.2589,3.9343
comb_ets_sarima,2019-03-01,1,2019-04-01,37200.5492,37888.0324,-687.4831,-1.8145
comb_ets_sarima,2019-03-01,2,2019-05-01,35044.8002,35795.5702,-750.77,-2.0974
comb_ets_sarima,2019-03-01,3,2019-06-01,34412.7251,34226.9213,185.8038,0.5429
comb_ets_sarima,2019-03-01,4,2019-07-01,34252.8236,33569.6216,683.202,2.0352
comb_ets_sarima,2019-03-01,5,2019-08-01,35149.3516,34180.6521,968.6994,2.8341
comb_ets_sarima,2019-03-01,6,2019-09-01,36368.8118,36699.7232,-330.9114,-0.9017
comb_ets_sarima,2019-03-01,7,2019-10-01,37304.1587,37918.2543,-614.0956,-1.6195
comb_ets_sarima,2019-03-01,8,2019-11-01,36871.7723,37089.4265,-217.6542,-0.5868
comb_ets_sarima,2019-03-01,9,2019-12-01,37458.874,36887.2681,571.6059,1.5496
comb_ets_sarima,2019-04-01,1,2019-05-01,35366.1008,35795.5702,-429.4694,-1.1998
comb_ets_sarima,2019-04-01,2,2019-06-01,34486.9096,34226.9213,259.9884,0.7596
comb_ets_sarima,2019-04-01,3,2019-07-01,34332.2512,33569.6216,762.6296,2.2718
comb_ets_sarima,2019-04-01,4,2019-08-01,35234.9836,34180.6521,1054.3315,3.0846
comb_ets_sarima,2019-04-01,5,2019-09-01,36459.8708,36699.7232,-239.8524,-0.6536
comb_ets_sarima,2019-04-01,6,2019-10-01,37401.3453,37918.2543,-516.9091,-1.3632
comb_ets_sarima,2019-04-01,7,2019-11-01,36973.7508,37089.4265,-115.6757,-0.3119
comb_ets_sarima,2019-04-01,8,2019-12-01,37566.069,36887.2681,678.8009,1.8402
comb_ets_sarima,2019-05-01,1,2019-06-01,34791.7252,34226.9213,564.8039,1.6502
comb_ets_sarima,2019-05-01,2,2019-07-01,34446.5683,33569.6216,876.9467,2.6123
comb_ets_sarima,2019-05-01,3,2019-08-01,35354.3079,34180.6521,1173.6558,3.4337
comb_ets_sarima,2019-05-01,4,2019-09-01,36584.1513,36699.7232,-115.5719,-0.3149
comb_ets_sarima,2019-05-01,5,2019-10-01,37530.2252,37918.2543,-388.0291,-1.0233
comb_ets_sarima,2019-05-01,6,2019-11-01,37102.8273,37089.4265,13.4008,0.0361
comb_ets_sarima,2019-05-01,7,2019-12-01,37698.3523,36887.2681,811.0842,2.1988
comb_ets_sarima,2019-06-01,1,2019-07-01,34332.2721,33569.6216,762.6505,2.2718
comb_ets_sarima,2019-06-01,2,2019-08-01,35076.8456,34180.6521,896.1935,2.6219
comb_ets_sarima,2019-06-01,3,2019-09-01,36396.2163,36699.7232,-303.507,-0.827
comb_ets_sarima,2019-06-01,4,2019-10-01,37483.4455,37918.2543,-434.8088,-1.1467
comb_ets_sarima,2019-06-01,5,2019-11-01,37027.4072,37089.4265,-62.0193,-0.1672
comb_ets_sarima,2019-06-01,6,2019-12-01,37927.5053,36887.2681,1040.2371,2.82
comb_ets_sarima,2019-07-01,1,2019-08-01,35075.8848,34180.6521,895.2327,2.6191
comb_ets_sarima,2019-07-01,2,2019-09-01,36218.6614,36699.7232,-481.0618,-1.3108
comb_ets_sarima,2019-07-01,3,2019-10-01,37301.0218,37918.2543,-617.2325,-1.6278
comb_ets_sarima,2019-07-01,4,2019-11-01,36847.1236,37089.4265,-242.3029,-0.6533
comb_ets_sarima,2019-07-01,5,2019-12-01,37743.0116,36887.2681,855.7435,2.3199
comb_ets_sarima,2019-08-01,1,2019-09-01,36290.3805,36699.7232,-409.3427,-1.1154
comb_ets_sarima,2019-08-01,2,2019-10-01,37214.7201,37918.2543,-703.5342,-1.8554
comb_ets_sarima,2019-08-01,3,2019-11-01,36758.7794,37089.4265,-330.6471,-0.8915
comb_ets_sarima,2019-08-01,4,2019-12-01,37650.0914,36887.2681,762.8233,2.068
comb_ets_sarima,2019-09-01,1,2019-10-01,37388.0594,37918.2543,-530.1949,-1.3983
comb_ets_sarima,2019-09-01,2,2019-11-01,36867.7931,37089.4265,-221.6333,-0.5976
comb_ets_sarima,2019-09-01,3,2019-12-01,37758.7398,36887.2681,871.4717,2.3625
comb_ets_sarima,2019-10-01,1,2019-11-01,36996.91,37089.4265,-92.5165,-0.2494
comb_ets_sarima,2019-10-01,2,2019-12-01,37447.6234,36887.2681,560.3552,1.5191
comb_ets_sarima,2019-11-01,1,2019-12-01,37615.5395,36887.2681,728.2714,1.9743
comb_ets_sarima_regressao,2011-01-01,12,2012-01-01,35198.569,35138.7467,59.8222,0.1702
comb_ets_sarima_regressao,2011-02-01,11,2012-01-01,35671.3238,35138.7467,532.577,1.5156
comb_ets_sarima_regressao,2011-02-01,12,2012-02-01,36915.3775,37785.0274,-869.6499,-2.3016
comb_ets_sarima_regressao,2011-03-01,10,2012-01-01,34493.1712,35138.7467,-645.5756,-1.8372
comb_ets_sarima_regressao,2011-03-01,11,2012-02-01,35720.9876,37785.0274,-2064.0398,-5.4626
comb_ets_sarima_regressao,2011-03-01,12,2012-03-01,36064.3858,38142.0916,-2077.7057,-5.4473
comb_ets_sarima_regressao,2011-04-01,9,2012-01-01,34824.0159,35138.7467,-314.7308,-0.8957
comb_ets_sarima_regressao,2011-04-01,10,2012-02-01,36050.9621,37785.0274,-1734.0653,-4.5893
comb_ets_sarima_regressao,2011-04-01,11,2012-03-01,36427.1834,38142.0916,-1714.9082,-4.4961
comb_ets_sarima_regressao,2011-04-01,12,2012-04-01,35123.9228,36429.9418,-1306.019,-3.585
comb_ets_sarima_regressao,2011-05-01,8,2012-01-01,34835.4161,35138.7467,-303.3307,-0.8632
comb_ets_sarima_regressao,2011-05-01,9,2012-02-01,36063.4997,37785.0274,-1721.5277,-4.5561
comb_ets_sarima_regressao,2011-05-01,10,2012-03-01,36441.0255,38142.0916,-1701.0661,-4.4598
comb_ets_sarima_regressao,2011-05-01,11,2012-04-01,35138.6064,36429.9418,-1291.3354,-3.5447
comb_ets_sarima_regressao,2011-05-01,12,2012-05-01,34023.7742,34040.2569,-16.4826,-0.0484
comb_ets_sarima_regressao,2011-06-01,7,2012-01-01,34554.0998,35138.7467,-584.6469,-1.6638
comb_ets_sarima_regressao,2011-06-01,8,2012-02-01,35721.3708,37785.0274,-2063.6566,-5.4616
comb_ets_sarima_regressao,2011-06-01,9,2012-03-01,36101.1988,38142.0916,-2040.8928,-5.3508
comb_ets_sarima_regressao,2011-06-01,10,2012-04-01,34809.1746,36429.9418,-1620.7672,-4.449
comb_ets_sarima_regressao,2011-06-01,11,2012-05-01,33734.5109,34040.2569,-305.746,-0.8982
comb_ets_sarima_regressao,2011-06-01,12,2012-06-01,33296.2921,32396.5755,899.7166,2.7772
comb_ets_sarima_regressao,2011-07-01,6,2012-01-01,34512.7095,35138.7467,-626.0373,-1.7816
comb_ets_sarima_regressao,2011-07-01,7,2012-02-01,35732.4025,37785.0274,-2052.6248,-5.4324
comb_ets_sarima_regressao,2011-07-01,8,2012-03-01,36106.3128,38142.0916,-2035.7787,-5.3374
comb_ets_sarima_regressao,2011-07-01,9,2012-04-01,34815.4519,36429.9418,-1614.4899,-4.4318
comb_ets_sarima_regressao,2011-07-01,10,2012-05-01,33708.8847,34040.2569,-331.3721,-0.9735
comb_ets_sarima_regressao,2011-07-01,11,2012-06-01,33276.738,32396.5755,880.1625,2.7168
comb_ets_sarima_regressao,2011-07-01,12,2012-07-01,33760.2724,32553.3452,1206.9271,3.7075
comb_ets_sarima_regressao,2011-08-01,5,2012-01-01,34920.337,35138.7467,-218.4097,-0.6216
comb_ets_sarima_regressao,2011-08-01,6,2012-02-01,36148.8575,37785.0274,-1636.1699,-4.3302
comb_ets_sarima_regressao,2011-08-01,7,2012-03-01,36521.3732,38142.0916,-1620.7184,-4.2492
comb_ets_sarima_regressao,2011-08-01,8,2012-04-01,35211.2508,36429.9418,-1218.691,-3.3453
comb_ets_sarima_regressao,2011-08-01,9,2012-05-01,34088.2989,34040.2569,48.042,0.1411
comb_ets_sarima_regressao,2011-08-01,10,2012-06-01,33641.321,32396.5755,1244.7456,3.8422
comb_ets_sarima_regressao,2011-08-01,11,2012-07-01,34128.0157,32553.3452,1574.6704,4.8372
comb_ets_sarima_regressao,2011-08-01,12,2012-08-01,35143.4391,34867.9263,275.5127,0.7902
comb_ets_sarima_regressao,2011-09-01,4,2012-01-01,34914.3402,35138.7467,-224.4065,-0.6386
comb_ets_sarima_regressao,2011-09-01,5,2012-02-01,36137.8173,37785.0274,-1647.2101,-4.3594
comb_ets_sarima_regressao,2011-09-01,6,2012-03-01,36514.3778,38142.0916,-1627.7138,-4.2675
comb_ets_sarima_regressao,2011-09-01,7,2012-04-01,35206.2289,36429.9418,-1223.7129,-3.3591
comb_ets_sarima_regressao,2011-09-01,8,2012-05-01,34086.1313,34040.2569,45.8745,0.1348
comb_ets_sarima_regressao,2011-09-01,9,2012-06-01,33635.4273,32396.5755,1238.8518,3.824
comb_ets_sarima_regressao,2011-09-01,10,2012-07-01,34125.8271,32553.3452,1572.4819,4.8305
comb_ets_sarima_regressao,2011-09-01,11,2012-08-01,35144.7632,34867.9263,276.8368,0.794
comb_ets_sarima_regressao,2011-09-01,12,2012-09-01,35366.0718,35552.6986,-186.6267,-0.5249
comb_ets_sarima_regressao,2011-10-01,3,2012-01-01,34612.9303,35138.7467,-525.8164,-1.4964
comb_ets_sarima_regressao,2011-10-01,4,2012-02-01,35822.8912,37785.0274,-1962.1362,-5.1929
comb_ets_sarima_regressao,2011-10-01,5,2012-03-01,36199.4795,38142.0916,-1942.612,-5.0931
comb_ets_sarima_regressao,2011-10-01,6,2012-04-01,34904.0757,36429.9418,-1525.8662,-4.1885
comb_ets_sarima_regressao,2011-10-01,7,2012-05-01,33795.7101,34040.2569,-244.5468,-0.7184
comb_ets_sarima_regressao,2011-10-01,8,2012-06-01,33348.5187,32396.5755,951.9432,2.9384
comb_ets_sarima_regressao,2011-10-01,9,2012-07-01,33837.1419,32553.3452,1283.7966,3.9437
comb_ets_sarima_regressao,2011-10-01,10,2012-08-01,34849.7122,34867.9263,-18.2142,-0.0522
comb_ets_sarima_regressao,2011-10-01,11,2012-09-01,35067.6393,35552.6986,-485.0593,-1.3643
comb_ets_sarima_regressao,2011-10-01,12,2012-10-01,35356.6195,36868.8102,-1512.1907,-4.1015
comb_ets_sarima_regressao,2011-11-01,2,2012-01-01,34670.9703,35138.7467,-467.7764,-1.3312
comb_ets_sarima_regressao,2011-11-01,3,2012-02-01,35897.6067,37785.0274,-1887.4207,-4.9952
comb_ets_sarima_regressao,2011-11-01,4,2012-03-01,36271.8258,38142.0916,-1870.2658,-4.9034
comb_ets_sarima_regressao,2011-11-01,5,2012-04-01,34976.0658,36429.9418,-1453.876,-3.9909
comb_ets_sarima_regressao,2011-11-01,6,2012-05-01,33865.3112,34040.2569,-174.9457,-0.5139
comb_ets_sarima_regressao,2011-11-01,7,2012-06-01,33418.0342,32396.5755,1021.4587,3.153
comb_ets_sarima_regressao,2011-11-01,8,2012-07-01,33907.9852,32553.3452,1354.64,4.1613
comb_ets_sarima_regressao,2011-11-01,9,2012-08-01,34923.0989,34867.9263,55.1726,0.1582
comb_ets_sarima_regressao,2011-11-01,10,2012-09-01,35142.3469,35552.6986,-410.3517,-1.1542
comb_ets_sarima_regressao,2011-11-01,11,2012-10-01,35432.1726,36868.8102,-1436.6375,-3.8966
comb_ets_sarima_regressao,2011-11-01,12,2012-11-01,35292.3713,34588.8219,703.5494,2.034
comb_ets_sarima_regressao,2011-12-01,1,2012-01-01,35123.8822,35138.7467,-14.8646,-0.0423
comb_ets_sarima_regressao,2011-12-01,2,2012-02-01,36414.6654,37785.0274,-1370.362,-3.6267
comb_ets_sarima_regressao,2011-12-01,3,2012-03-01,36769.0767,38142.0916,-1373.0149,-3.5997
comb_ets_sarima_regressao,2011-12-01,4,2012-04-01,35459.7309,36429.9418,-970.2109,-2.6632
comb_ets_sarima_regressao,2011-12-01,5,2012-05-01,34331.3499,34040.2569,291.093,0.8551
comb_ets_sarima_regressao,2011-12-01,6,2012-06-01,33867.5174,32396.5755,1470.9419,4.5404
comb_ets_sarima_regressao,2011-12-01,7,2012-07-01,34365.8514,32553.3452,1812.5062,5.5678
comb_ets_sarima_regressao,2011-12-01,8,2012-08-01,35395.782,34867.9263,527.8557,1.5139
comb_ets_sarima_regressao,2011-12-01,9,2012-09-01,35606.4523,35552.6986,53.7538,0.1512
comb_ets_sarima_regressao,2011-12-01,10,2012-10-01,35905.7383,36868.8102,-963.0719,-2.6122
comb_ets_sarima_regressao,2011-12-01,11,2012-11-01,35759.6804,34588.8219,1170.8585,3.3851
comb_ets_sarima_regressao,2011-12-01,12,2012-12-01,35259.0515,36179.2566,-920.2051,-2.5435
comb_ets_sarima_regressao,2012-01-01,1,2012-02-01,36355.0316,37785.0274,-1429.9957,-3.7846
comb_ets_sarima_regressao,2012-01-01,2,2012-03-01,36712.3144,38142.0916,-1429.7772,-3.7486
comb_ets_sarima_regressao,2012-01-01,3,2012-04-01,35406.9762,36429.9418,-1022.9657,-2.808
comb_ets_sarima_regressao,2012-01-01,4,2012-05-01,34277.3129,34040.2569,237.056,0.6964
comb_ets_sarima_regressao,2012-01-01,5,2012-06-01,33813.4914,32396.5755,1416.9159,4.3737
comb_ets_sarima_regressao,2012-01-01,6,2012-07-01,34308.8802,32553.3452,1755.535,5.3928
comb_ets_sarima_regressao,2012-01-01,7,2012-08-01,35335.8426,34867.9263,467.9162,1.342
comb_ets_sarima_regressao,2012-01-01,8,2012-09-01,35541.4198,35552.6986,-11.2788,-0.0317
comb_ets_sarima_regressao,2012-01-01,9,2012-10-01,35843.0931,36868.8102,-1025.717,-2.7821
comb_ets_sarima_regressao,2012-01-01,10,2012-11-01,35693.5458,34588.8219,1104.7239,3.1939
comb_ets_sarima_regressao,2012-01-01,11,2012-12-01,35188.5143,36179.2566,-990.7423,-2.7384
comb_ets_sarima_regressao,2012-01-01,12,2013-01-01,35790.0203,34415.2791,1374.7412,3.9946
comb_ets_sarima_regressao,2012-02-01,1,2012-03-01,37104.2656,38142.0916,-1037.826,-2.7209
comb_ets_sarima_regressao,2012-02-01,2,2012-04-01,35884.0193,36429.9418,-545.9226,-1.4986
comb_ets_sarima_regressao,2012-02-01,3,2012-05-01,34718.2975,34040.2569,678.0407,1.9919
comb_ets_sarima_regressao,2012-02-01,4,2012-06-01,34219.3712,32396.5755,1822.7957,5.6265
comb_ets_sarima_regressao,2012-02-01,5,2012-07-01,34733.1833,32553.3452,2179.8381,6.6962
comb_ets_sarima_regressao,2012-02-01,6,2012-08-01,35774.8771,34867.9263,906.9508,2.6011
comb_ets_sarima_regressao,2012-02-01,7,2012-09-01,36011.7589,35552.6986,459.0603,1.2912
comb_ets_sarima_regressao,2012-02-01,8,2012-10-01,36250.6505,36868.8102,-618.1597,-1.6766
comb_ets_sarima_regressao,2012-02-01,9,2012-11-01,36130.9811,34588.8219,1542.1592,4.4585
comb_ets_sarima_regressao,2012-02-01,10,2012-12-01,35683.8655,36179.2566,-495.3911,-1.3693
comb_ets_sarima_regressao,2012-02-01,11,2013-01-01,36291.0822,34415.2791,1875.8032,5.4505
comb_ets_sarima_regressao,2012-02-01,12,2013-02-01,37975.1552,36703.9906,1271.1646,3.4633
comb_ets_sarima_regressao,2012-03-01,1,2012-04-01,36244.8368,36429.9418,-185.105,-0.5081
comb_ets_sarima_regressao,2012-03-01,2,2012-05-01,35058.5385,34040.2569,1018.2816,2.9914
comb_ets_sarima_regressao,2012-03-01,3,2012-06-01,34572.3062,32396.5755,2175.7307,6.7159
comb_ets_sarima_regressao,2012-03-01,4,2012-07-01,35077.3934,32553.3452,2524.0482,7.7536
comb_ets_sarima_regressao,2012-03-01,5,2012-08-01,36123.0603,34867.9263,1255.134,3.5997
comb_ets_sarima_regressao,2012-03-01,6,2012-09-01,36332.4492,35552.6986,779.7506,2.1932
comb_ets_sarima_regressao,2012-03-01,7,2012-10-01,36621.9904,36868.8102,-246.8198,-0.6695
comb_ets_sarima_regressao,2012-03-01,8,2012-11-01,36469.8527,34588.8219,1881.0307,5.4383
comb_ets_sarima_regressao,2012-03-01,9,2012-12-01,35964.344,36179.2566,-214.9126,-0.594
comb_ets_sarima_regressao,2012-03-01,10,2013-01-01,36585.8673,34415.2791,2170.5882,6.307
comb_ets_sarima_regressao,2012-03-01,11,2013-02-01,38221.4239,36703.9906,1517.4333,4.1342
comb_ets_sarima_regressao,2012-03-01,12,2013-03-01,38343.729,36142.0469,2201.6821,6.0917
comb_ets_sarima_regressao,2012-04-01,1,2012-05-01,34918.7971,34040.2569,878.5402,2.5809
comb_ets_sarima_regressao,2012-04-01,2,2012-06-01,34374.1332,32396.5755,1977.5577,6.1042
comb_ets_sarima_regressao,2012-04-01,3,2012-07-01,34892.6733,32553.3452,2339.3281,7.1861
comb_ets_sarima_regressao,2012-04-01,4,2012-08-01,35931.8275,34867.9263,1063.9012,3.0512
comb_ets_sarima_regressao,2012-04-01,5,2012-09-01,36146.4383,35552.6986,593.7397,1.67
comb_ets_sarima_regressao,2012-04-01,6,2012-10-01,36437.1771,36868.8102,-431.6331,-1.1707
comb_ets_sarima_regressao,2012-04-01,7,2012-11-01,36289.7117,34588.8219,1700.8898,4.9175
comb_ets_sarima_regressao,2012-04-01,8,2012-12-01,35790.3668,36179.2566,-388.8898,-1.0749
comb_ets_sarima_regressao,2012-04-01,9,2013-01-01,36411.7418,34415.2791,1996.4627,5.8011
comb_ets_sarima_regressao,2012-04-01,10,2013-02-01,38043.1449,36703.9906,1339.1543,3.6485
comb_ets_sarima_regressao,2012-04-01,11,2013-03-01,38169.8102,36142.0469,2027.7633,5.6105
comb_ets_sarima_regressao,2012-04-01,12,2013-04-01,37134.6781,34505.9381,2628.74,7.6182
comb_ets_sarima_regressao,2012-05-01,1,2012-06-01,33811.7609,32396.5755,1415.1854,4.3683
comb_ets_sarima_regressao,2012-05-01,2,2012-07-01,34272.4074,32553.3452,1719.0621,5.2808
comb_ets_sarima_regressao,2012-05-01,3,2012-08-01,35311.0871,34867.9263,443.1607,1.271
comb_ets_sarima_regressao,2012-05-01,4,2012-09-01,35518.6309,35552.6986,-34.0677,-0.0958
comb_ets_sarima_regressao,2012-05-01,5,2012-10-01,35819.4004,36868.8102,-1049.4097,-2.8463
comb_ets_sarima_regressao,2012-05-01,6,2012-11-01,35677.7117,34588.8219,1088.8898,3.1481
comb_ets_sarima_regressao,2012-05-01,7,2012-12-01,35188.1199,36179.2566,-991.1368,-2.7395
comb_ets_sarima_regressao,2012-05-01,8,2013-01-01,35810.0929,34415.2791,1394.8139,4.0529
comb_ets_sarima_regressao,2012-05-01,9,2013-02-01,37414.1911,36703.9906,710.2005,1.9349
comb_ets_sarima_regressao,2012-05-01,10,2013-03-01,37545.5222,36142.0469,1403.4753,3.8832
comb_ets_sarima_regressao,2012-05-01,11,2013-04-01,36541.8321,34505.9381,2035.894,5.9001
comb_ets_sarima_regressao,2012-05-01,12,2013-05-01,34891.2804,33046.0622,1845.2182,5.5838
comb_ets_sarima_regressao,2012-06-01,1,2012-07-01,33520.5351,32553.3452,967.1899,2.9711
comb_ets_sarima_regressao,2012-06-01,2,2012-08-01,34494.4457,34867.9263,-373.4806,-1.0711
comb_ets_sarima_regressao,2012-06-01,3,2012-09-01,34708.3147,35552.6986,-844.3839,-2.375
comb_ets_sarima_regressao,2012-06-01,4,2012-10-01,34993.1298,36868.8102,-1875.6804,-5.0874
comb_ets_sarima_regressao,2012-06-01,5,2012-11-01,34874.1769,34588.8219,285.355,0.825
comb_ets_sarima_regressao,2012-06-01,6,2012-12-01,34424.7792,36179.2566,-1754.4774,-4.8494
comb_ets_sarima_regressao,2012-06-01,7,2013-01-01,35051.4961,34415.2791,636.2171,1.8486
comb_ets_sarima_regressao,2012-06-01,8,2013-02-01,36656.5577,36703.9906,-47.4329,-0.1292
comb_ets_sarima_regressao,2012-06-01,9,2013-03-01,36732.9176,36142.0469,590.8707,1.6349
comb_ets_sarima_regressao,2012-06-01,10,2013-04-01,35786.0762,34505.9381,1280.1381,3.7099
comb_ets_sarima_regressao,2012-06-01,11,2013-05-01,34136.8126,33046.0622,1090.7504,3.3007
comb_ets_sarima_regressao,2012-06-01,12,2013-06-01,33421.6716,32968.8521,452.8195,1.3735
comb_ets_sarima_regressao,2012-07-01,1,2012-08-01,34165.5693,34867.9263,-702.3571,-2.0143
comb_ets_sarima_regressao,2012-07-01,2,2012-09-01,34394.5933,35552.6986,-1158.1053,-3.2574
comb_ets_sarima_regressao,2012-07-01,3,2012-10-01,34700.5645,36868.8102,-2168.2457,-5.881
comb_ets_sarima_regressao,2012-07-01,4,2012-11-01,34571.5447,34588.8219,-17.2773,-0.05
comb_ets_sarima_regressao,2012-07-01,5,2012-12-01,34100.0863,36179.2566,-2079.1703,-5.7469
comb_ets_sarima_regressao,2012-07-01,6,2013-01-01,34735.6862,34415.2791,320.4071,0.931
comb_ets_sarima_regressao,2012-07-01,7,2013-02-01,36298.5457,36703.9906,-405.4449,-1.1046
comb_ets_sarima_regressao,2012-07-01,8,2013-03-01,36397.418,36142.0469,255.3711,0.7066
comb_ets_sarima_regressao,2012-07-01,9,2013-04-01,35482.0218,34505.9381,976.0837,2.8287
comb_ets_sarima_regressao,2012-07-01,10,2013-05-01,33849.3474,33046.0622,803.2852,2.4308
comb_ets_sarima_regressao,2012-07-01,11,2013-06-01,33158.0693,32968.8521,189.2173,0.5739
comb_ets_sarima_regressao,2012-07-01,12,2013-07-01,33702.5222,32891.3969,811.1253,2.4661
comb_ets_sarima_regressao,2012-08-01,1,2012-09-01,35109.6146,35552.6986,-443.084,-1.2463
comb_ets_sarima_regressao,2012-08-01,2,2012-10-01,35398.8165,36868.8102,-1469.9937,-3.9871
comb_ets_sarima_regressao,2012-08-01,3,2012-11-01,35268.2648,34588.8219,679.4428,1.9643
comb_ets_sarima_regressao,2012-08-01,4,2012-12-01,34814.7402,36179.2566,-1364.5164,-3.7715
comb_ets_sarima_regressao,2012-08-01,5,2013-01-01,35443.2413,34415.2791,1027.9623,2.9869
comb_ets_sarima_regressao,2012-08-01,6,2013-02-01,37068.7215,36703.9906,364.7309,0.9937
comb_ets_sarima_regressao,2012-08-01,7,2013-03-01,37128.0808,36142.0469,986.0339,2.7282
comb_ets_sarima_regressao,2012-08-01,8,2013-04-01,36170.9643,34505.9381,1665.0263,4.8253
comb_ets_sarima_regressao,2012-08-01,9,2013-05-01,34488.3993,33046.0622,1442.3371,4.3646
comb_ets_sarima_regressao,2012-08-01,10,2013-06-01,33750.3526,32968.8521,781.5005,2.3704
comb_ets_sarima_regressao,2012-08-01,11,2013-07-01,34289.1362,32891.3969,1397.7392,4.2496
comb_ets_sarima_regressao,2012-08-01,12,2013-08-01,35442.6271,33964.2456,1478.3815,4.3528
comb_ets_sarima_regressao,2012-09-01,1,2012-10-01,35623.6162,36868.8102,-1245.1939,-3.3774
comb_ets_sarima_regressao,2012-09-01,2,2012-11-01,35446.7603,34588.8219,857.9384,2.4804
comb_ets_sarima_regressao,2012-09-01,3,2012-12-01,35088.397,36179.2566,-1090.8596,-3.0152
comb_ets_sarima_regressao,2012-09-01,4,2013-01-01,35657.5142,34415.2791,1242.2352,3.6095
comb_ets_sarima_regressao,2012-09-01,5,2013-02-01,37380.5267,36703.9906,676.5361,1.8432
comb_ets_sarima_regressao,2012-09-01,6,2013-03-01,37372.2216,36142.0469,1230.1747,3.4037
comb_ets_sarima_regressao,2012-09-01,7,2013-04-01,36401.8636,34505.9381,1895.9255,5.4945
comb_ets_sarima_regressao,2012-09-01,8,2013-05-01,34680.196,33046.0622,1634.1338,4.945
comb_ets_sarima_regressao,2012-09-01,9,2013-06-01,33919.6407,32968.8521,950.7886,2.8839
comb_ets_sarima_regressao,2012-09-01,10,2013-07-01,34433.4371,32891.3969,1542.0402,4.6883
comb_ets_sarima_regressao,2012-09-01,11,2013-08-01,35646.6124,33964.2456,1682.3668,4.9533
comb_ets_sarima_regressao,2012-09-01,12,2013-09-01,36339.6959,34766.6241,1573.0718,4.5247
comb_ets_sarima_regressao,2012-10-01,1,2012-11-01,36105.9731,34588.8219,1517.1511,4.3862
comb_ets_sarima_regressao,2012-10-01,2,2012-12-01,35714.1234,36179.2566,-465.1332,-1.2856
comb_ets_sarima_regressao,2012-10-01,3,2013-01-01,36325.3984,34415.2791,1910.1193,5.5502
comb_ets_sarima_regressao,2012-10-01,4,2013-02-01,38053.2005,36703.9906,1349.2099,3.6759
comb_ets_sarima_regressao,2012-10-01,5,2013-03-01,38056.0996,36142.0469,1914.0527,5.2959
comb_ets_sarima_regressao,2012-10-01,6,2013-04-01,37044.8941,34505.9381,2538.956,7.358
comb_ets_sarima_regressao,2012-10-01,7,2013-05-01,35296.593,33046.0622,2250.5308,6.8103
comb_ets_sarima_regressao,2012-10-01,8,2013-06-01,34492.4383,32968.8521,1523.5862,4.6213
comb_ets_sarima_regressao,2012-10-01,9,2013-07-01,35023.7666,32891.3969,2132.3696,6.4831
comb_ets_sarima_regressao,2012-10-01,10,2013-08-01,36254.5998,33964.2456,2290.3542,6.7434
comb_ets_sarima_regressao,2012-10-01,11,2013-09-01,36965.0702,34766.6241,2198.4461,6.3234
comb_ets_sarima_regressao,2012-10-01,12,2013-10-01,37378.993,35404.5633,1974.4297,5.5768
comb_ets_sarima_regressao,2012-11-01,1,2012-12-01,35141.8428,36179.2566,-1037.4139,-2.8674
comb_ets_sarima_regressao,2012-11-01,2,2013-01-01,35693.6769,34415.2791,1278.3979,3.7146
comb_ets_sarima_regressao,2012-11-01,3,2013-02-01,37549.9861,36703.9906,845.9955,2.3049
comb_ets_sarima_regressao,2012-11-01,4,2013-03-01,37314.4588,36142.0469,1172.4119,3.2439
comb_ets_sarima_regressao,2012-11-01,5,2013-04-01,36457.0603,34505.9381,1951.1222,5.6545
comb_ets_sarima_regressao,2012-11-01,6,2013-05-01,34596.8905,33046.0622,1550.8283,4.6929
comb_ets_sarima_regressao,2012-11-01,7,2013-06-01,33691.7246,32968.8521,722.8726,2.1926
comb_ets_sarima_regressao,2012-11-01,8,2013-07-01,34189.1695,32891.3969,1297.7726,3.9456
comb_ets_sarima_regressao,2012-11-01,9,2013-08-01,35593.6878,33964.2456,1629.4422,4.7975
comb_ets_sarima_regressao,2012-11-01,10,2013-09-01,36224.749,34766.6241,1458.1249,4.194
comb_ets_sarima_regressao,2012-11-01,11,2013-10-01,36701.2381,35404.5633,1296.6748,3.6625
comb_ets_sarima_regressao,2012-11-01,12,2013-11-01,35770.3516,35381.6161,388.7355,1.0987
comb_ets_sarima_regressao,2012-12-01,1,2013-01-01,36119.8889,34415.2791,1704.6098,4.9531
comb_ets_sarima_regressao,2012-12-01,2,2013-02-01,37989.5913,36703.9906,1285.6008,3.5026
comb_ets_sarima_regressao,2012-12-01,3,2013-03-01,37769.3206,36142.0469,1627.2737,4.5024
comb_ets_sarima_regressao,2012-12-01,4,2013-04-01,36850.5565,34505.9381,2344.6184,6.7948
comb_ets_sarima_regressao,2012-12-01,5,2013-05-01,34981.2162,33046.0622,1935.1539,5.8559
comb_ets_sarima_regressao,2012-12-01,6,2013-06-01,34061.3895,32968.8521,1092.5375,3.3138
comb_ets_sarima_regressao,2012-12-01,7,2013-07-01,34542.8365,32891.3969,1651.4395,5.0209
comb_ets_sarima_regressao,2012-12-01,8,2013-08-01,35965.5563,33964.2456,2001.3107,5.8924
comb_ets_sarima_regressao,2012-12-01,9,2013-09-01,36593.2924,34766.6241,1826.6683,5.2541
comb_ets_sarima_regressao,2012-12-01,10,2013-10-01,37064.5393,35404.5633,1659.976,4.6886
comb_ets_sarima_regressao,2012-12-01,11,2013-11-01,36124.3474,35381.6161,742.7313,2.0992
comb_ets_sarima_regressao,2012-12-01,12,2013-12-01,36400.8499,35314.9921,1085.8578,3.0748
comb_ets_sarima_regressao,2013-01-01,1,2013-02-01,37050.7945,36703.9906,346.804,0.9449
comb_ets_sarima_regressao,2013-01-01,2,2013-03-01,36916.9317,36142.0469,774.8848,2.144
comb_ets_sarima_regressao,2013-01-01,3,2013-04-01,35978.1416,34505.9381,1472.2036,4.2665
comb_ets_sarima_regressao,2013-01-01,4,2013-05-01,34290.7532,33046.0622,1244.691,3.7665
comb_ets_sarima_regressao,2013-01-01,5,2013-06-01,33549.2503,32968.8521,580.3982,1.7604
comb_ets_sarima_regressao,2013-01-01,6,2013-07-01,34053.692,32891.3969,1162.2951,3.5337
comb_ets_sarima_regressao,2013-01-01,7,2013-08-01,35252.3386,33964.2456,1288.093,3.7925
comb_ets_sarima_regressao,2013-01-01,8,2013-09-01,35941.2879,34766.6241,1174.6638,3.3787
comb_ets_sarima_regressao,2013-01-01,9,2013-10-01,36333.7396,35404.5633,929.1764,2.6245
comb_ets_sarima_regressao,2013-01-01,10,2013-11-01,35565.7871,35381.6161,184.1711,0.5205
comb_ets_sarima_regressao,2013-01-01,11,2013-12-01,35625.0429,35314.9921,310.0508,0.878
comb_ets_sarima_regressao,2013-01-01,12,2014-01-01,35677.124,38704.8608,-3027.7368,-7.8226
comb_ets_sarima_regressao,2013-02-01,1,2013-03-01,36696.4327,36142.0469,554.3858,1.5339
comb_ets_sarima_regressao,2013-02-01,2,2013-04-01,35756.8493,34505.9381,1250.9112,3.6252
comb_ets_sarima_regressao,2013-02-01,3,2013-05-01,34108.2111,33046.0622,1062.1489,3.2141
comb_ets_sarima_regressao,2013-02-01,4,2013-06-01,33375.774,32968.8521,406.9219,1.2343
comb_ets_sarima_regressao,2013-02-01,5,2013-07-01,33886.4011,32891.3969,995.0042,3.0251
comb_ets_sarima_regressao,2013-02-01,6,2013-08-01,35072.2751,33964.2456,1108.0296,3.2623
comb_ets_sarima_regressao,2013-02-01,7,2013-09-01,35762.7232,34766.6241,996.0991,2.8651
comb_ets_sarima_regressao,2013-02-01,8,2013-10-01,36154.8542,35404.5633,750.2909,2.1192
comb_ets_sarima_regressao,2013-02-01,9,2013-11-01,35401.8651,35381.6161,20.249,0.0572
comb_ets_sarima_regressao,2013-02-01,10,2013-12-01,35448.0714,35314.9921,133.0793,0.3768
comb_ets_sarima_regressao,2013-02-01,11,2014-01-01,35517.6365,38704.8608,-3187.2242,-8.2347
comb_ets_sarima_regressao,2013-02-01,12,2014-02-01,37543.0245,39855.2823,-2312.2578,-5.8016
comb_ets_sarima_regressao,2013-03-01,1,2013-04-01,35626.3759,34505.9381,1120.4378,3.2471
comb_ets_sarima_regressao,2013-03-01,2,2013-05-01,33979.2652,33046.0622,933.2029,2.8239
comb_ets_sarima_regressao,2013-03-01,3,2013-06-01,33238.5781,32968.8521,269.726,0.8181
comb_ets_sarima_regressao,2013-03-01,4,2013-07-01,33756.3233,32891.3969,864.9264,2.6296
comb_ets_sarima_regressao,2013-03-01,5,2013-08-01,34944.186,33964.2456,979.9404,2.8852
comb_ets_sarima_regressao,2013-03-01,6,2013-09-01,35637.3115,34766.6241,870.6874,2.5044
comb_ets_sarima_regressao,2013-03-01,7,2013-10-01,36038.0895,35404.5633,633.5263,1.7894
comb_ets_sarima_regressao,2013-03-01,8,2013-11-01,35273.6801,35381.6161,-107.9359,-0.3051
comb_ets_sarima_regressao,2013-03-01,9,2013-12-01,35336.5677,35314.9921,21.5756,0.0611
comb_ets_sarima_regressao,2013-03-01,10,2014-01-01,35398.4366,38704.8608,-3306.4241,-8.5427
comb_ets_sarima_regressao,2013-03-01,11,2014-02-01,37433.0762,39855.2823,-2422.2062,-6.0775
comb_ets_sarima_regressao,2013-03-01,12,2014-03-01,36867.6677,37542.7446,-675.0769,-1.7982
comb_ets_sarima_regressao,2013-04-01,1,2013-05-01,33750.8528,33046.0622,704.7906,2.1328
comb_ets_sarima_regressao,2013-04-01,2,2013-06-01,32970.4147,32968.8521,1.5626,0.0047
comb_ets_sarima_regressao,2013-04-01,3,2013-07-01,33465.3615,32891.3969,573.9646,1.745
comb_ets_sarima_regressao,2013-04-01,4,2013-08-01,34673.386,33964.2456,709.1404,2.0879
comb_ets_sarima_regressao,2013-04-01,5,2013-09-01,35351.3162,34766.6241,584.6921,1.6818
comb_ets_sarima_regressao,2013-04-01,6,2013-10-01,35732.4668,35404.5633,327.9035,0.9262
comb_ets_sarima_regressao,2013-04-01,7,2013-11-01,35000.7629,35381.6161,-380.8531,-1.0764
comb_ets_sarima_regressao,2013-04-01,8,2013-12-01,35096.5745,35314.9921,-218.4176,-0.6185
comb_ets_sarima_regressao,2013-04-01,9,2014-01-01,35117.6787,38704.8608,-3587.1821,-9.268
comb_ets_sarima_regressao,2013-04-01,10,2014-02-01,37127.9018,39855.2823,-2727.3805,-6.8432
comb_ets_sarima_regressao,2013-04-01,11,2014-03-01,36650.7774,37542.7446,-891.9672,-2.3759
comb_ets_sarima_regressao,2013-04-01,12,2014-04-01,35442.2647,35486.9658,-44.7011,-0.126
comb_ets_sarima_regressao,2013-05-01,1,2013-06-01,32897.953,32968.8521,-70.899,-0.215
comb_ets_sarima_regressao,2013-05-01,2,2013-07-01,33360.5543,32891.3969,469.1573,1.4264
comb_ets_sarima_regressao,2013-05-01,3,2013-08-01,34574.5935,33964.2456,610.3479,1.797
comb_ets_sarima_regressao,2013-05-01,4,2013-09-01,35252.1657,34766.6241,485.5416,1.3966
comb_ets_sarima_regressao,2013-05-01,5,2013-10-01,35635.3156,35404.5633,230.7523,0.6518
comb_ets_sarima_regressao,2013-05-01,6,2013-11-01,34902.3555,35381.6161,-479.2606,-1.3545
comb_ets_sarima_regressao,2013-05-01,7,2013-12-01,35015.2218,35314.9921,-299.7704,-0.8488
comb_ets_sarima_regressao,2013-05-01,8,2014-01-01,35021.9177,38704.8608,-3682.9431,-9.5155
comb_ets_sarima_regressao,2013-05-01,9,2014-02-01,37035.9404,39855.2823,-2819.3419,-7.0739
comb_ets_sarima_regressao,2013-05-01,10,2014-03-01,36562.2764,37542.7446,-980.4682,-2.6116
comb_ets_sarima_regressao,2013-05-01,11,2014-04-01,35353.1748,35486.9658,-133.791,-0.377
comb_ets_sarima_regressao,2013-05-01,12,2014-05-01,33928.8557,35309.2711,-1380.4154,-3.9095
comb_ets_sarima_regressao,2013-06-01,1,2013-07-01,33734.1847,32891.3969,842.7878,2.5623
comb_ets_sarima_regressao,2013-06-01,2,2013-08-01,34917.609,33964.2456,953.3634,2.807
comb_ets_sarima_regressao,2013-06-01,3,2013-09-01,35590.2922,34766.6241,823.6681,2.3691
comb_ets_sarima_regressao,2013-06-01,4,2013-10-01,35978.0378,35404.5633,573.4745,1.6198
comb_ets_sarima_regressao,2013-06-01,5,2013-11-01,35249.6932,35381.6161,-131.9229,-0.3729
comb_ets_sarima_regressao,2013-06-01,6,2013-12-01,35299.1816,35314.9921,-15.8105,-0.0448
comb_ets_sarima_regressao,2013-06-01,7,2014-01-01,35360.0496,38704.8608,-3344.8112,-8.6418
comb_ets_sarima_regressao,2013-06-01,8,2014-02-01,37372.3263,39855.2823,-2482.9561,-6.2299
comb_ets_sarima_regressao,2013-06-01,9,2014-03-01,36880.7904,37542.7446,-661.9542,-1.7632
comb_ets_sarima_regressao,2013-06-01,10,2014-04-01,35683.1941,35486.9658,196.2283,0.553
comb_ets_sarima_regressao,2013-06-01,11,2014-05-01,34261.6175,35309.2711,-1047.6536,-2.9671
comb_ets_sarima_regressao,2013-06-01,12,2014-06-01,33632.5965,34120.949,-488.3525,-1.4312
comb_ets_sarima_regressao,2013-07-01,1,2013-08-01,34803.1895,33964.2456,838.944,2.4701
comb_ets_sarima_regressao,2013-07-01,2,2013-09-01,35430.8485,34766.6241,664.2243,1.9105
comb_ets_sarima_regressao,2013-07-01,3,2013-10-01,35818.2805,35404.5633,413.7172,1.1685
comb_ets_sarima_regressao,2013-07-01,4,2013-11-01,35092.3399,35381.6161,-289.2762,-0.8176
comb_ets_sarima_regressao,2013-07-01,5,2013-12-01,35168.8851,35314.9921,-146.107,-0.4137
comb_ets_sarima_regressao,2013-07-01,6,2014-01-01,35201.152,38704.8608,-3503.7087,-9.0524
comb_ets_sarima_regressao,2013-07-01,7,2014-02-01,37210.9686,39855.2823,-2644.3138,-6.6348
comb_ets_sarima_regressao,2013-07-01,8,2014-03-01,36742.5894,37542.7446,-800.1553,-2.1313
comb_ets_sarima_regressao,2013-07-01,9,2014-04-01,35531.4375,35486.9658,44.4717,0.1253
comb_ets_sarima_regressao,2013-07-01,10,2014-05-01,34106.9681,35309.2711,-1202.303,-3.4051
comb_ets_sarima_regressao,2013-07-01,11,2014-06-01,33483.9474,34120.949,-637.0016,-1.8669
comb_ets_sarima_regressao,2013-07-01,12,2014-07-01,33908.7881,34146.1814,-237.3933,-0.6952
comb_ets_sarima_regressao,2013-08-01,1,2013-09-01,35267.9941,34766.6241,501.37,1.4421
comb_ets_sarima_regressao,2013-08-01,2,2013-10-01,35640.7226,35404.5633,236.1593,0.667
comb_ets_sarima_regressao,2013-08-01,3,2013-11-01,34880.9941,35381.6161,-500.6219,-1.4149
comb_ets_sarima_regressao,2013-08-01,4,2013-12-01,35029.5129,35314.9921,-285.4792,-0.8084
comb_ets_sarima_regressao,2013-08-01,5,2014-01-01,34997.2023,38704.8608,-3707.6584,-9.5793
comb_ets_sarima_regressao,2013-08-01,6,2014-02-01,37030.6387,39855.2823,-2824.6436,-7.0873
comb_ets_sarima_regressao,2013-08-01,7,2014-03-01,36539.0184,37542.7446,-1003.7262,-2.6736
comb_ets_sarima_regressao,2013-08-01,8,2014-04-01,35323.7992,35486.9658,-163.1666,-0.4598
comb_ets_sarima_regressao,2013-08-01,9,2014-05-01,33888.4253,35309.2711,-1420.8458,-4.024
comb_ets_sarima_regressao,2013-08-01,10,2014-06-01,33267.4292,34120.949,-853.5198,-2.5015
comb_ets_sarima_regressao,2013-08-01,11,2014-07-01,33670.577,34146.1814,-475.6045,-1.3928
comb_ets_sarima_regressao,2013-08-01,12,2014-08-01,34813.5157,34537.1042,276.4115,0.8003
comb_ets_sarima_regressao,2013-09-01,1,2013-10-01,35625.0565,35404.5633,220.4933,0.6228
comb_ets_sarima_regressao,2013-09-01,2,2013-11-01,34883.5368,35381.6161,-498.0793,-1.4077
comb_ets_sarima_regressao,2013-09-01,3,2013-12-01,35015.113,35314.9921,-299.8791,-0.8492
comb_ets_sarima_regressao,2013-09-01,4,2014-01-01,34998.1177,38704.8608,-3706.743,-9.5769
comb_ets_sarima_regressao,2013-09-01,5,2014-02-01,37028.909,39855.2823,-2826.3734,-7.0916
comb_ets_sarima_regressao,2013-09-01,6,2014-03-01,36534.1057,37542.7446,-1008.6389,-2.6866
comb_ets_sarima_regressao,2013-09-01,7,2014-04-01,35326.0087,35486.9658,-160.9571,-0.4536
comb_ets_sarima_regressao,2013-09-01,8,2014-05-01,33895.423,35309.2711,-1413.8481,-4.0042
comb_ets_sarima_regressao,2013-09-01,9,2014-06-01,33273.6334,34120.949,-847.3156,-2.4833
comb_ets_sarima_regressao,2013-09-01,10,2014-07-01,33683.8062,34146.1814,-462.3752,-1.3541
comb_ets_sarima_regressao,2013-09-01,11,2014-08-01,34821.9731,34537.1042,284.8689,0.8248
comb_ets_sarima_regressao,2013-09-01,12,2014-09-01,35627.9553,36110.8825,-482.9271,-1.3373
comb_ets_sarima_regressao,2013-10-01,1,2013-11-01,34924.5876,35381.6161,-457.0284,-1.2917
comb_ets_sarima_regressao,2013-10-01,2,2013-12-01,35265.8089,35314.9921,-49.1832,-0.1393
comb_ets_sarima_regressao,2013-10-01,3,2014-01-01,34950.3753,38704.8608,-3754.4854,-9.7003
comb_ets_sarima_regressao,2013-10-01,4,2014-02-01,37034.8804,39855.2823,-2820.4019,-7.0766
comb_ets_sarima_regressao,2013-10-01,5,2014-03-01,36618.444,37542.7446,-924.3007,-2.462
comb_ets_sarima_regressao,2013-10-01,6,2014-04-01,35292.6637,35486.9658,-194.3021,-0.5475
comb_ets_sarima_regressao,2013-10-01,7,2014-05-01,33806.6932,35309.2711,-1502.5778,-4.2555
comb_ets_sarima_regressao,2013-10-01,8,2014-06-01,33227.5713,34120.949,-893.3777,-2.6183
comb_ets_sarima_regressao,2013-10-01,9,2014-07-01,33538.4124,34146.1814,-607.769,-1.7799
comb_ets_sarima_regressao,2013-10-01,10,2014-08-01,34715.2623,34537.1042,178.1581,0.5158
comb_ets_sarima_regressao,2013-10-01,11,2014-09-01,35507.9274,36110.8825,-602.955,-1.6697
comb_ets_sarima_regressao,2013-10-01,12,2014-10-01,35962.7122,37058.0356,-1095.3234,-2.9557
comb_ets_sarima_regressao,2013-11-01,1,2013-12-01,35618.5161,35314.9921,303.524,0.8595
comb_ets_sarima_regressao,2013-11-01,2,2014-01-01,35289.0584,38704.8608,-3415.8024,-8.8253
comb_ets_sarima_regressao,2013-11-01,3,2014-02-01,37393.3217,39855.2823,-2461.9606,-6.1773
comb_ets_sarima_regressao,2013-11-01,4,2014-03-01,36974.7738,37542.7446,-567.9709,-1.5129
comb_ets_sarima_regressao,2013-11-01,5,2014-04-01,35631.6856,35486.9658,144.7198,0.4078
comb_ets_sarima_regressao,2013-11-01,6,2014-05-01,34123.9321,35309.2711,-1185.339,-3.357
comb_ets_sarima_regressao,2013-11-01,7,2014-06-01,33530.0433,34120.949,-590.9057,-1.7318
comb_ets_sarima_regressao,2013-11-01,8,2014-07-01,33840.3021,34146.1814,-305.8794,-0.8958
comb_ets_sarima_regressao,2013-11-01,9,2014-08-01,35031.179,34537.1042,494.0748,1.4306
comb_ets_sarima_regressao,2013-11-01,10,2014-09-01,35827.1807,36110.8825,-283.7018,-0.7856
comb_ets_sarima_regressao,2013-11-01,11,2014-10-01,36286.9449,37058.0356,-771.0907,-2.0808
comb_ets_sarima_regressao,2013-11-01,12,2014-11-01,35695.2137,36280.763,-585.5493,-1.6139
comb_ets_sarima_regressao,2013-12-01,1,2014-01-01,35301.7697,38704.8608,-3403.091,-8.7924
comb_ets_sarima_regressao,2013-12-01,2,2014-02-01,37398.3585,39855.2823,-2456.9238,-6.1646
comb_ets_sarima_regressao,2013-12-01,3,2014-03-01,36943.6456,37542.7446,-599.099,-1.5958
comb_ets_sarima_regressao,2013-12-01,4,2014-04-01,35617.311,35486.9658,130.3452,0.3673
comb_ets_sarima_regressao,2013-12-01,5,2014-05-01,34111.5453,35309.2711,-1197.7257,-3.3921
comb_ets_sarima_regressao,2013-12-01,6,2014-06-01,33510.7476,34120.949,-610.2014,-1.7883
comb_ets_sarima_regressao,2013-12-01,7,2014-07-01,33830.122,34146.1814,-316.0595,-0.9256
comb_ets_sarima_regressao,2013-12-01,8,2014-08-01,35004.9074,34537.1042,467.8032,1.3545
comb_ets_sarima_regressao,2013-12-01,9,2014-09-01,35816.2823,36110.8825,-294.6002,-0.8158
comb_ets_sarima_regressao,2013-12-01,10,2014-10-01,36275.4289,37058.0356,-782.6067,-2.1118
comb_ets_sarima_regressao,2013-12-01,11,2014-11-01,35670.5919,36280.763,-610.1711,-1.6818
comb_ets_sarima_regressao,2013-12-01,12,2014-12-01,35779.7,36171.1909,-391.4909,-1.0823
comb_ets_sarima_regressao,2014-01-01,1,2014-02-01,39371.2271,39855.2823,-484.0552,-1.2145
comb_ets_sarima_regressao,2014-01-01,2,2014-03-01,39013.2484,37542.7446,1470.5038,3.9169
comb_ets_sarima_regressao,2014-01-01,3,2014-04-01,37676.0802,35486.9658,2189.1144,6.1688
comb_ets_sarima_regressao,2014-01-01,4,2014-05-01,36185.219,35309.2711,875.948,2.4808
comb_ets_sarima_regressao,2014-01-01,5,2014-06-01,35501.2742,34120.949,1380.3252,4.0454
comb_ets_sarima_regressao,2014-01-01,6,2014-07-01,35956.8256,34146.1814,1810.6442,5.3026
comb_ets_sarima_regressao,2014-01-01,7,2014-08-01,37105.7721,34537.1042,2568.6679,7.4374
comb_ets_sarima_regressao,2014-01-01,8,2014-09-01,37931.1832,36110.8825,1820.3007,5.0409
comb_ets_sarima_regressao,2014-01-01,9,2014-10-01,38225.7211,37058.0356,1167.6854,3.151
comb_ets_sarima_regressao,2014-01-01,10,2014-11-01,37634.9893,36280.763,1354.2263,3.7326
comb_ets_sarima_regressao,2014-01-01,11,2014-12-01,37617.1544,36171.1909,1445.9635,3.9976
comb_ets_sarima_regressao,2014-01-01,12,2015-01-01,38272.8487,40467.7143,-2194.8656,-5.4237
comb_ets_sarima_regressao,2014-02-01,1,2014-03-01,38901.6691,37542.7446,1358.9244,3.6197
comb_ets_sarima_regressao,2014-02-01,2,2014-04-01,37513.8601,35486.9658,2026.8943,5.7117
comb_ets_sarima_regressao,2014-02-01,3,2014-05-01,36078.6933,35309.2711,769.4223,2.1791
comb_ets_sarima_regressao,2014-02-01,4,2014-06-01,35375.8094,34120.949,1254.8604,3.6777
comb_ets_sarima_regressao,2014-02-01,5,2014-07-01,35855.2435,34146.1814,1709.062,5.0051
comb_ets_sarima_regressao,2014-02-01,6,2014-08-01,36988.7518,34537.1042,2451.6476,7.0986
comb_ets_sarima_regressao,2014-02-01,7,2014-09-01,37838.7426,36110.8825,1727.8602,4.7849
comb_ets_sarima_regressao,2014-02-01,8,2014-10-01,38143.2468,37058.0356,1085.2112,2.9284
comb_ets_sarima_regressao,2014-02-01,9,2014-11-01,37541.6623,36280.763,1260.8993,3.4754
comb_ets_sarima_regressao,2014-02-01,10,2014-12-01,37538.2578,36171.1909,1367.0669,3.7794
comb_ets_sarima_regressao,2014-02-01,11,2015-01-01,38203.5676,40467.7143,-2264.1467,-5.5949
comb_ets_sarima_regressao,2014-02-01,12,2015-02-01,40239.6428,39133.7826,1105.8602,2.8258
comb_ets_sarima_regressao,2014-03-01,1,2014-04-01,36533.9732,35486.9658,1047.0074,2.9504
comb_ets_sarima_regressao,2014-03-01,2,2014-05-01,34992.6569,35309.2711,-316.6142,-0.8967
comb_ets_sarima_regressao,2014-03-01,3,2014-06-01,34316.6857,34120.949,195.7367,0.5737
comb_ets_sarima_regressao,2014-03-01,4,2014-07-01,34669.0636,34146.1814,522.8822,1.5313
comb_ets_sarima_regressao,2014-03-01,5,2014-08-01,35884.4811,34537.1042,1347.3769,3.9012
comb_ets_sarima_regressao,2014-03-01,6,2014-09-01,36745.5489,36110.8825,634.6664,1.7575
comb_ets_sarima_regressao,2014-03-01,7,2014-10-01,37245.3352,37058.0356,187.2995,0.5054
comb_ets_sarima_regressao,2014-03-01,8,2014-11-01,36528.8422,36280.763,248.0793,0.6838
comb_ets_sarima_regressao,2014-03-01,9,2014-12-01,36699.4634,36171.1909,528.2725,1.4605
comb_ets_sarima_regressao,2014-03-01,10,2015-01-01,37589.2146,40467.7143,-2878.4998,-7.1131
comb_ets_sarima_regressao,2014-03-01,11,2015-02-01,39449.3256,39133.7826,315.5431,0.8063
comb_ets_sarima_regressao,2014-03-01,12,2015-03-01,38543.3558,38210.4323,332.9235,0.8713
comb_ets_sarima_regressao,2014-04-01,1,2014-05-01,34631.5391,35309.2711,-677.732,-1.9194
comb_ets_sarima_regressao,2014-04-01,2,2014-06-01,33986.2034,34120.949,-134.7456,-0.3949
comb_ets_sarima_regressao,2014-04-01,3,2014-07-01,34336.3436,34146.1814,190.1622,0.5569
comb_ets_sarima_regressao,2014-04-01,4,2014-08-01,35542.835,34537.1042,1005.7308,2.912
comb_ets_sarima_regressao,2014-04-01,5,2014-09-01,36395.9494,36110.8825,285.0669,0.7894
comb_ets_sarima_regressao,2014-04-01,6,2014-10-01,36891.7972,37058.0356,-166.2385,-0.4486
comb_ets_sarima_regressao,2014-04-01,7,2014-11-01,36203.5673,36280.763,-77.1957,-0.2128
comb_ets_sarima_regressao,2014-04-01,8,2014-12-01,36367.8048,36171.1909,196.6139,0.5436
comb_ets_sarima_regressao,2014-04-01,9,2015-01-01,37282.754,40467.7143,-3184.9603,-7.8704
comb_ets_sarima_regressao,2014-04-01,10,2015-02-01,39127.1365,39133.7826,-6.6461,-0.017
comb_ets_sarima_regressao,2014-04-01,11,2015-03-01,38221.0284,38210.4323,10.5961,0.0277
comb_ets_sarima_regressao,2014-04-01,12,2015-04-01,36365.1187,35760.8064,604.3123,1.6899
comb_ets_sarima_regressao,2014-05-01,1,2014-06-01,34264.6341,34120.949,143.6851,0.4211
comb_ets_sarima_regressao,2014-05-01,2,2014-07-01,34640.0173,34146.1814,493.8358,1.4462
comb_ets_sarima_regressao,2014-05-01,3,2014-08-01,35845.1084,34537.1042,1308.0042,3.7872
comb_ets_sarima_regressao,2014-05-01,4,2014-09-01,36720.1774,36110.8825,609.2949,1.6873
comb_ets_sarima_regressao,2014-05-01,5,2014-10-01,37221.9093,37058.0356,163.8737,0.4422
comb_ets_sarima_regressao,2014-05-01,6,2014-11-01,36517.432,36280.763,236.669,0.6523
comb_ets_sarima_regressao,2014-05-01,7,2014-12-01,36684.6441,36171.1909,513.4532,1.4195
comb_ets_sarima_regressao,2014-05-01,8,2015-01-01,37605.2458,40467.7143,-2862.4685,-7.0735
comb_ets_sarima_regressao,2014-05-01,9,2015-02-01,39461.4474,39133.7826,327.6648,0.8373
comb_ets_sarima_regressao,2014-05-01,10,2015-03-01,38558.1115,38210.4323,347.6792,0.9099
comb_ets_sarima_regressao,2014-05-01,11,2015-04-01,36678.088,35760.8064,917.2816,2.565
comb_ets_sarima_regressao,2014-05-01,12,2015-05-01,35572.9211,33218.0308,2354.8902,7.0892
comb_ets_sarima_regressao,2014-06-01,1,2014-07-01,34668.3546,34146.1814,522.1732,1.5292
comb_ets_sarima_regressao,2014-06-01,2,2014-08-01,35893.821,34537.1042,1356.7168,3.9283
comb_ets_sarima_regressao,2014-06-01,3,2014-09-01,36762.9632,36110.8825,652.0808,1.8058
comb_ets_sarima_regressao,2014-06-01,4,2014-10-01,37259.1997,37058.0356,201.164,0.5428
comb_ets_sarima_regressao,2014-06-01,5,2014-11-01,36568.5984,36280.763,287.8354,0.7934
comb_ets_sarima_regressao,2014-06-01,6,2014-12-01,36724.5551,36171.1909,553.3642,1.5298
comb_ets_sarima_regressao,2014-06-01,7,2015-01-01,37673.306,40467.7143,-2794.4083,-6.9053
comb_ets_sarima_regressao,2014-06-01,8,2015-02-01,39526.9967,39133.7826,393.2141,1.0048
comb_ets_sarima_regressao,2014-06-01,9,2015-03-01,38606.618,38210.4323,396.1857,1.0369
comb_ets_sarima_regressao,2014-06-01,10,2015-04-01,36723.6813,35760.8064,962.875,2.6925
comb_ets_sarima_regressao,2014-06-01,11,2015-05-01,35625.561,33218.0308,2407.5302,7.2477
comb_ets_sarima_regressao,2014-06-01,12,2015-06-01,34885.9549,32475.565,2410.3899,7.4222
comb_ets_sarima_regressao,2014-07-01,1,2014-08-01,35826.7518,34537.1042,1289.6476,3.7341
comb_ets_sarima_regressao,2014-07-01,2,2014-09-01,36720.2113,36110.8825,609.3289,1.6874
comb_ets_sarima_regressao,2014-07-01,3,2014-10-01,37208.8674,37058.0356,150.8317,0.407
comb_ets_sarima_regressao,2014-07-01,4,2014-11-01,36540.4992,36280.763,259.7362,0.7159
comb_ets_sarima_regressao,2014-07-01,5,2014-12-01,36685.5263,36171.1909,514.3354,1.4219
comb_ets_sarima_regressao,2014-07-01,6,2015-01-01,37655.239,40467.7143,-2812.4754,-6.9499
comb_ets_sarima_regressao,2014-07-01,7,2015-02-01,39510.7424,39133.7826,376.9598,0.9633
comb_ets_sarima_regressao,2014-07-01,8,2015-03-01,38563.8065,38210.4323,353.3742,0.9248
comb_ets_sarima_regressao,2014-07-01,9,2015-04-01,36690.424,35760.8064,929.6176,2.5995
comb_ets_sarima_regressao,2014-07-01,10,2015-05-01,35606.7542,33218.0308,2388.7234,7.191
comb_ets_sarima_regressao,2014-07-01,11,2015-06-01,34845.1826,32475.565,2369.6176,7.2966
comb_ets_sarima_regressao,2014-07-01,12,2015-07-01,35097.0664,33015.5469,2081.5195,6.3047
comb_ets_sarima_regressao,2014-08-01,1,2014-09-01,36494.5859,36110.8825,383.7035,1.0626
comb_ets_sarima_regressao,2014-08-01,2,2014-10-01,36929.2295,37058.0356,-128.8061,-0.3476
comb_ets_sarima_regressao,2014-08-01,3,2014-11-01,36329.5018,36280.763,48.7388,0.1343
comb_ets_sarima_regressao,2014-08-01,4,2014-12-01,36393.4671,36171.1909,222.2762,0.6145
comb_ets_sarima_regressao,2014-08-01,5,2015-01-01,37079.1999,40467.7143,-3388.5144,-8.3734
comb_ets_sarima_regressao,2014-08-01,6,2015-02-01,39044.2165,39133.7826,-89.5661,-0.2289
comb_ets_sarima_regressao,2014-08-01,7,2015-03-01,38391.218,38210.4323,180.7857,0.4731
comb_ets_sarima_regressao,2014-08-01,8,2015-04-01,36582.6909,35760.8064,821.8845,2.2983
comb_ets_sarima_regressao,2014-08-01,9,2015-05-01,35325.5702,33218.0308,2107.5394,6.3446
comb_ets_sarima_regressao,2014-08-01,10,2015-06-01,34588.7033,32475.565,2113.1383,6.5069
comb_ets_sarima_regressao,2014-08-01,11,2015-07-01,34924.3919,33015.5469,1908.845,5.7817
comb_ets_sarima_regressao,2014-08-01,12,2015-08-01,35862.249,33889.707,1972.5421,5.8205
comb_ets_sarima_regressao,2014-09-01,1,2014-10-01,36802.3952,37058.0356,-255.6405,-0.6898
comb_ets_sarima_regressao,2014-09-01,2,2014-11-01,36401.6777,36280.763,120.9147,0.3333
comb_ets_sarima_regressao,2014-09-01,3,2014-12-01,36440.9591,36171.1909,269.7682,0.7458
comb_ets_sarima_regressao,2014-09-01,4,2015-01-01,37112.8127,40467.7143,-3354.9016,-8.2903
comb_ets_sarima_regressao,2014-09-01,5,2015-02-01,39095.3551,39133.7826,-38.4275,-0.0982
comb_ets_sarima_regressao,2014-09-01,6,2015-03-01,38439.5003,38210.4323,229.068,0.5995
comb_ets_sarima_regressao,2014-09-01,7,2015-04-01,36640.5648,35760.8064,879.7584,2.4601
comb_ets_sarima_regressao,2014-09-01,8,2015-05-01,35383.1413,33218.0308,2165.1104,6.5179
comb_ets_sarima_regressao,2014-09-01,9,2015-06-01,34623.3489,32475.565,2147.7838,6.6135
comb_ets_sarima_regressao,2014-09-01,10,2015-07-01,34964.5935,33015.5469,1949.0466,5.9034
comb_ets_sarima_regressao,2014-09-01,11,2015-08-01,35925.0642,33889.707,2035.3572,6.0058
comb_ets_sarima_regressao,2014-09-01,12,2015-09-01,37018.9738,35495.7658,1523.2081,4.2912
comb_ets_sarima_regressao,2014-10-01,1,2014-11-01,36770.774,36280.763,490.011,1.3506
comb_ets_sarima_regressao,2014-10-01,2,2014-12-01,36899.6721,36171.1909,728.4812,2.014
comb_ets_sarima_regressao,2014-10-01,3,2015-01-01,37445.6741,40467.7143,-3022.0402,-7.4678
comb_ets_sarima_regressao,2014-10-01,4,2015-02-01,39515.843,39133.7826,382.0604,0.9763
comb_ets_sarima_regressao,2014-10-01,5,2015-03-01,38902.5105,38210.4323,692.0782,1.8112
comb_ets_sarima_regressao,2014-10-01,6,2015-04-01,37107.7822,35760.8064,1346.9759,3.7666
comb_ets_sarima_regressao,2014-10-01,7,2015-05-01,35825.5258,33218.0308,2607.4949,7.8496
comb_ets_sarima_regressao,2014-10-01,8,2015-06-01,35035.8857,32475.565,2560.3207,7.8838
comb_ets_sarima_regressao,2014-10-01,9,2015-07-01,35421.2804,33015.5469,2405.7335,7.2867
comb_ets_sarima_regressao,2014-10-01,10,2015-08-01,36424.6741,33889.707,2534.9671,7.4801
comb_ets_sarima_regressao,2014-10-01,11,2015-09-01,37492.8875,35495.7658,1997.1217,5.6264
comb_ets_sarima_regressao,2014-10-01,12,2015-10-01,37719.1599,36637.6374,1081.5225,2.9519
comb_ets_sarima_regressao,2014-11-01,1,2014-12-01,36810.9025,36171.1909,639.7116,1.7686
comb_ets_sarima_regressao,2014-11-01,2,2015-01-01,37516.4836,40467.7143,-2951.2307,-7.2928
comb_ets_sarima_regressao,2014-11-01,3,2015-02-01,39415.3309,39133.7826,281.5483,0.7195
comb_ets_sarima_regressao,2014-11-01,4,2015-03-01,38513.5941,38210.4323,303.1618,0.7934
comb_ets_sarima_regressao,2014-11-01,5,2015-04-01,36648.3002,35760.8064,887.4939,2.4818
comb_ets_sarima_regressao,2014-11-01,6,2015-05-01,35506.3482,33218.0308,2288.3174,6.8888
comb_ets_sarima_regressao,2014-11-01,7,2015-06-01,34762.4296,32475.565,2286.8646,7.0418
comb_ets_sarima_regressao,2014-11-01,8,2015-07-01,34997.0834,33015.5469,1981.5365,6.0018
comb_ets_sarima_regressao,2014-11-01,9,2015-08-01,35855.3897,33889.707,1965.6827,5.8002
comb_ets_sarima_regressao,2014-11-01,10,2015-09-01,36993.2384,35495.7658,1497.4727,4.2187
comb_ets_sarima_regressao,2014-11-01,11,2015-10-01,37401.2459,36637.6374,763.6085,2.0842
comb_ets_sarima_regressao,2014-11-01,12,2015-11-01,37106.805,36322.0451,784.7599,2.1606
comb_ets_sarima_regressao,2014-12-01,1,2015-01-01,37154.9803,40467.7143,-3312.734,-8.1861
comb_ets_sarima_regressao,2014-12-01,2,2015-02-01,39056.2786,39133.7826,-77.504,-0.198
comb_ets_sarima_regressao,2014-12-01,3,2015-03-01,38479.5662,38210.4323,269.1339,0.7043
comb_ets_sarima_regressao,2014-12-01,4,2015-04-01,36689.2002,35760.8064,928.3939,2.5961
comb_ets_sarima_regressao,2014-12-01,5,2015-05-01,35412.6211,33218.0308,2194.5903,6.6066
comb_ets_sarima_regressao,2014-12-01,6,2015-06-01,34645.642,32475.565,2170.077,6.6822
comb_ets_sarima_regressao,2014-12-01,7,2015-07-01,35027.3488,33015.5469,2011.8018,6.0935
comb_ets_sarima_regressao,2014-12-01,8,2015-08-01,36003.8258,33889.707,2114.1188,6.2382
comb_ets_sarima_regressao,2014-12-01,9,2015-09-01,37070.0167,35495.7658,1574.2509,4.435
comb_ets_sarima_regressao,2014-12-01,10,2015-10-01,37286.8526,36637.6374,649.2153,1.772
comb_ets_sarima_regressao,2014-12-01,11,2015-11-01,37096.3869,36322.0451,774.3417,2.1319
comb_ets_sarima_regressao,2014-12-01,12,2015-12-01,37419.4319,36608.2814,811.1506,2.2158
comb_ets_sarima_regressao,2015-01-01,1,2015-02-01,40159.2876,39133.7826,1025.505,2.6205
comb_ets_sarima_regressao,2015-01-01,2,2015-03-01,39174.3242,38210.4323,963.8919,2.5226
comb_ets_sarima_regressao,2015-01-01,3,2015-04-01,37251.9965,35760.8064,1491.1901,4.1699
comb_ets_sarima_regressao,2015-01-01,4,2015-05-01,36152.7582,33218.0308,2934.7274,8.8347
comb_ets_sarima_regressao,2015-01-01,5,2015-06-01,35326.6063,32475.565,2851.0413,8.779
comb_ets_sarima_regressao,2015-01-01,6,2015-07-01,35562.2232,33015.5469,2546.6762,7.7136
comb_ets_sarima_regressao,2015-01-01,7,2015-08-01,36394.8635,33889.707,2505.1565,7.3921
comb_ets_sarima_regressao,2015-01-01,8,2015-09-01,37577.6368,35495.7658,2081.871,5.8651
comb_ets_sarima_regressao,2015-01-01,9,2015-10-01,38002.3733,36637.6374,1364.7359,3.725
comb_ets_sarima_regressao,2015-01-01,10,2015-11-01,37655.064,36322.0451,1333.0189,3.67
comb_ets_sarima_regressao,2015-01-01,11,2015-12-01,37829.8307,36608.2814,1221.5493,3.3368
comb_ets_sarima_regressao,2015-01-01,12,2016-01-01,39932.7759,36556.0508,3376.7251,9.2371
comb_ets_sarima_regressao,2015-02-01,1,2015-03-01,38604.6219,38210.4323,394.1896,1.0316
comb_ets_sarima_regressao,2015-02-01,2,2015-04-01,36757.3925,35760.8064,996.5861,2.7868
comb_ets_sarima_regressao,2015-02-01,3,2015-05-01,35667.0437,33218.0308,2449.0128,7.3725
comb_ets_sarima_regressao,2015-02-01,4,2015-06-01,34864.3712,32475.565,2388.8062,7.3557
comb_ets_sarima_regressao,2015-02-01,5,2015-07-01,35101.3926,33015.5469,2085.8457,6.3178
comb_ets_sarima_regressao,2015-02-01,6,2015-08-01,35966.0064,33889.707,2076.2995,6.1266
comb_ets_sarima_regressao,2015-02-01,7,2015-09-01,37115.4408,35495.7658,1619.675,4.563
comb_ets_sarima_regressao,2015-02-01,8,2015-10-01,37544.5642,36637.6374,906.9268,2.4754
comb_ets_sarima_regressao,2015-02-01,9,2015-11-01,37220.301,36322.0451,898.2558,2.473
comb_ets_sarima_regressao,2015-02-01,10,2015-12-01,37397.4457,36608.2814,789.1643,2.1557
comb_ets_sarima_regressao,2015-02-01,11,2016-01-01,39484.3811,36556.0508,2928.3303,8.0105
comb_ets_sarima_regressao,2015-02-01,12,2016-02-01,40539.2359,39524.4383,1014.7976,2.5675
comb_ets_sarima_regressao,2015-03-01,1,2015-04-01,36666.9292,35760.8064,906.1228,2.5338
comb_ets_sarima_regressao,2015-03-01,2,2015-05-01,35523.1503,33218.0308,2305.1195,6.9394
comb_ets_sarima_regressao,2015-03-01,3,2015-06-01,34737.2211,32475.565,2261.6561,6.9642
comb_ets_sarima_regressao,2015-03-01,4,2015-07-01,34978.5404,33015.5469,1962.9934,5.9457
comb_ets_sarima_regressao,2015-03-01,5,2015-08-01,35833.6536,33889.707,1943.9466,5.7361
comb_ets_sarima_regressao,2015-03-01,6,2015-09-01,36990.9469,35495.7658,1495.1811,4.2123
comb_ets_sarima_regressao,2015-03-01,7,2015-10-01,37419.1518,36637.6374,781.5144,2.1331
comb_ets_sarima_regressao,2015-03-01,8,2015-11-01,37101.8523,36322.0451,779.8072,2.1469
comb_ets_sarima_regressao,2015-03-01,9,2015-12-01,37284.388,36608.2814,676.1066,1.8469
comb_ets_sarima_regressao,2015-03-01,10,2016-01-01,39360.446,36556.0508,2804.3952,7.6715
comb_ets_sarima_regressao,2015-03-01,11,2016-02-01,40418.555,39524.4383,894.1167,2.2622
comb_ets_sarima_regressao,2015-03-01,12,2016-03-01,39165.4687,38455.003,710.4656,1.8475
comb_ets_sarima_regressao,2015-04-01,1,2015-05-01,35342.5948,33218.0308,2124.564,6.3958
comb_ets_sarima_regressao,2015-04-01,2,2015-06-01,34468.3409,32475.565,1992.7759,6.1362
comb_ets_sarima_regressao,2015-04-01,3,2015-07-01,34715.6453,33015.5469,1700.0984,5.1494
comb_ets_sarima_regressao,2015-04-01,4,2015-08-01,35568.1565,33889.707,1678.4495,4.9527
comb_ets_sarima_regressao,2015-04-01,5,2015-09-01,36723.2183,35495.7658,1227.4525,3.458
comb_ets_sarima_regressao,2015-04-01,6,2015-10-01,37153.0991,36637.6374,515.4617,1.4069
comb_ets_sarima_regressao,2015-04-01,7,2015-11-01,36845.8946,36322.0451,523.8494,1.4422
comb_ets_sarima_regressao,2015-04-01,8,2015-12-01,37032.4994,36608.2814,424.218,1.1588
comb_ets_sarima_regressao,2015-04-01,9,2016-01-01,39098.0671,36556.0508,2542.0163,6.9537
comb_ets_sarima_regressao,2015-04-01,10,2016-02-01,40152.9282,39524.4383,628.4899,1.5901
comb_ets_sarima_regressao,2015-04-01,11,2016-03-01,38917.4232,38455.003,462.4202,1.2025
comb_ets_sarima_regressao,2015-04-01,12,2016-04-01,36905.8681,37695.7025,-789.8344,-2.0953
comb_ets_sarima_regressao,2015-05-01,1,2015-06-01,33985.7659,32475.565,1510.2009,4.6503
comb_ets_sarima_regressao,2015-05-01,2,2015-07-01,34113.215,33015.5469,1097.6681,3.3247
comb_ets_sarima_regressao,2015-05-01,3,2015-08-01,34954.2076,33889.707,1064.5006,3.1411
comb_ets_sarima_regressao,2015-05-01,4,2015-09-01,36094.9583,35495.7658,599.1926,1.6881
comb_ets_sarima_regressao,2015-05-01,5,2015-10-01,36515.8644,36637.6374,-121.7729,-0.3324
comb_ets_sarima_regressao,2015-05-01,6,2015-11-01,36231.0419,36322.0451,-91.0032,-0.2505
comb_ets_sarima_regressao,2015-05-01,7,2015-12-01,36423.1177,36608.2814,-185.1637,-0.5058
comb_ets_sarima_regressao,2015-05-01,8,2016-01-01,38435.2432,36556.0508,1879.1924,5.1406
comb_ets_sarima_regressao,2015-05-01,9,2016-02-01,39509.2445,39524.4383,-15.1939,-0.0384
comb_ets_sarima_regressao,2015-05-01,10,2016-03-01,38296.9721,38455.003,-158.031,-0.411
comb_ets_sarima_regressao,2015-05-01,11,2016-04-01,36323.2334,37695.7025,-1372.4691,-3.6409
comb_ets_sarima_regressao,2015-05-01,12,2016-05-01,34735.4773,33979.3809,756.0964,2.2252
comb_ets_sarima_regressao,2015-06-01,1,2015-07-01,33747.3105,33015.5469,731.7636,2.2164
comb_ets_sarima_regressao,2015-06-01,2,2015-08-01,34476.6503,33889.707,586.9433,1.7319
comb_ets_sarima_regressao,2015-06-01,3,2015-09-01,35611.2287,35495.7658,115.4629,0.3253
comb_ets_sarima_regressao,2015-06-01,4,2015-10-01,36029.8396,36637.6374,-607.7978,-1.6589
comb_ets_sarima_regressao,2015-06-01,5,2015-11-01,35747.6921,36322.0451,-574.3531,-1.5813
comb_ets_sarima_regressao,2015-06-01,6,2015-12-01,35940.6432,36608.2814,-667.6382,-1.8237
comb_ets_sarima_regressao,2015-06-01,7,2016-01-01,37925.4936,36556.0508,1369.4428,3.7461
comb_ets_sarima_regressao,2015-06-01,8,2016-02-01,38972.43,39524.4383,-552.0084,-1.3966
comb_ets_sarima_regressao,2015-06-01,9,2016-03-01,37794.5889,38455.003,-660.4141,-1.7174
comb_ets_sarima_regressao,2015-06-01,10,2016-04-01,35848.9518,37695.7025,-1846.7507,-4.8991
comb_ets_sarima_regressao,2015-06-01,11,2016-05-01,34267.5318,33979.3809,288.151,0.848
comb_ets_sarima_regressao,2015-06-01,12,2016-06-01,33509.0872,33271.7115,237.3757,0.7134
comb_ets_sarima_regressao,2015-07-01,1,2015-08-01,34492.8877,33889.707,603.1807,1.7798
comb_ets_sarima_regressao,2015-07-01,2,2015-09-01,35550.2055,35495.7658,54.4397,0.1534
comb_ets_sarima_regressao,2015-07-01,3,2015-10-01,35968.5627,36637.6374,-669.0747,-1.8262
comb_ets_sarima_regressao,2015-07-01,4,2015-11-01,35682.9492,36322.0451,-639.0959,-1.7595
comb_ets_sarima_regressao,2015-07-01,5,2015-12-01,35873.8624,36608.2814,-734.419,-2.0062
comb_ets_sarima_regressao,2015-07-01,6,2016-01-01,37857.5109,36556.0508,1301.4601,3.5602
comb_ets_sarima_regressao,2015-07-01,7,2016-02-01,38889.9841,39524.4383,-634.4543,-1.6052
comb_ets_sarima_regressao,2015-07-01,8,2016-03-01,37720.6703,38455.003,-734.3328,-1.9096
comb_ets_sarima_regressao,2015-07-01,9,2016-04-01,35776.8589,37695.7025,-1918.8436,-5.0904
comb_ets_sarima_regressao,2015-07-01,10,2016-05-01,34188.4502,33979.3809,209.0694,0.6153
comb_ets_sarima_regressao,2015-07-01,11,2016-06-01,33430.1861,33271.7115,158.4746,0.4763
comb_ets_sarima_regressao,2015-07-01,12,2016-07-01,33594.2981,33182.5985,411.6997,1.2407
comb_ets_sarima_regressao,2015-08-01,1,2015-09-01,35523.9724,35495.7658,28.2066,0.0795
comb_ets_sarima_regressao,2015-08-01,2,2015-10-01,35910.7382,36637.6374,-726.8992,-1.984
comb_ets_sarima_regressao,2015-08-01,3,2015-11-01,35630.8242,36322.0451,-691.221,-1.903
comb_ets_sarima_regressao,2015-08-01,4,2015-12-01,35821.7676,36608.2814,-786.5138,-2.1485
comb_ets_sarima_regressao,2015-08-01,5,2016-01-01,37800.5644,36556.0508,1244.5136,3.4044
comb_ets_sarima_regressao,2015-08-01,6,2016-02-01,38841.4398,39524.4383,-682.9986,-1.728
comb_ets_sarima_regressao,2015-08-01,7,2016-03-01,37670.3044,38455.003,-784.6986,-2.0406
comb_ets_sarima_regressao,2015-08-01,8,2016-04-01,35729.2075,37695.7025,-1966.4951,-5.2168
comb_ets_sarima_regressao,2015-08-01,9,2016-05-01,34156.3325,33979.3809,176.9516,0.5208
comb_ets_sarima_regressao,2015-08-01,10,2016-06-01,33399.037,33271.7115,127.3255,0.3827
comb_ets_sarima_regressao,2015-08-01,11,2016-07-01,33557.1878,33182.5985,374.5893,1.1289
comb_ets_sarima_regressao,2015-08-01,12,2016-08-01,34639.3783,34310.1087,329.2696,0.9597
comb_ets_sarima_regressao,2015-09-01,1,2015-10-01,36019.9841,36637.6374,-617.6533,-1.6858
comb_ets_sarima_regressao,2015-09-01,2,2015-11-01,35723.8492,36322.0451,-598.1959,-1.6469
comb_ets_sarima_regressao,2015-09-01,3,2015-12-01,35913.9602,36608.2814,-694.3212,-1.8966
comb_ets_sarima_regressao,2015-09-01,4,2016-01-01,37899.8992,36556.0508,1343.8484,3.6761
comb_ets_sarima_regressao,2015-09-01,5,2016-02-01,38937.9317,39524.4383,-586.5066,-1.4839
comb_ets_sarima_regressao,2015-09-01,6,2016-03-01,37766.5004,38455.003,-688.5027,-1.7904
comb_ets_sarima_regressao,2015-09-01,7,2016-04-01,35818.4551,37695.7025,-1877.2475,-4.98
comb_ets_sarima_regressao,2015-09-01,8,2016-05-01,34240.7326,33979.3809,261.3517,0.7691
comb_ets_sarima_regressao,2015-09-01,9,2016-06-01,33481.332,33271.7115,209.6205,0.63
comb_ets_sarima_regressao,2015-09-01,10,2016-07-01,33638.0275,33182.5985,455.4291,1.3725
comb_ets_sarima_regressao,2015-09-01,11,2016-08-01,34722.9484,34310.1087,412.8397,1.2033
comb_ets_sarima_regressao,2015-09-01,12,2016-09-01,35880.0256,34770.657,1109.3686,3.1905
comb_ets_sarima_regressao,2015-10-01,1,2015-11-01,35910.6708,36322.0451,-411.3744,-1.1326
comb_ets_sarima_regressao,2015-10-01,2,2015-12-01,36088.6421,36608.2814,-519.6393,-1.4195
comb_ets_sarima_regressao,2015-10-01,3,2016-01-01,38096.531,36556.0508,1540.4802,4.214
comb_ets_sarima_regressao,2015-10-01,4,2016-02-01,39128.3468,39524.4383,-396.0916,-1.0021
comb_ets_sarima_regressao,2015-10-01,5,2016-03-01,37948.3159,38455.003,-506.6871,-1.3176
comb_ets_sarima_regressao,2015-10-01,6,2016-04-01,35995.2009,37695.7025,-1700.5016,-4.5111
comb_ets_sarima_regressao,2015-10-01,7,2016-05-01,34409.0514,33979.3809,429.6705,1.2645
comb_ets_sarima_regressao,2015-10-01,8,2016-06-01,33638.5465,33271.7115,366.835,1.1025
comb_ets_sarima_regressao,2015-10-01,9,2016-07-01,33808.3474,33182.5985,625.7489,1.8858
comb_ets_sarima_regressao,2015-10-01,10,2016-08-01,34888.1921,34310.1087,578.0834,1.6849
comb_ets_sarima_regressao,2015-10-01,11,2016-09-01,36054.5305,34770.657,1283.8735,3.6924
comb_ets_sarima_regressao,2015-10-01,12,2016-10-01,36631.2311,35154.594,1476.6371,4.2004
comb_ets_sarima_regressao,2015-11-01,1,2015-12-01,36364.5966,36608.2814,-243.6848,-0.6657
comb_ets_sarima_regressao,2015-11-01,2,2016-01-01,38359.5852,36556.0508,1803.5344,4.9336
comb_ets_sarima_regressao,2015-11-01,3,2016-02-01,39392.7581,39524.4383,-131.6802,-0.3332
comb_ets_sarima_regressao,2015-11-01,4,2016-03-01,38199.8525,38455.003,-255.1505,-0.6635
comb_ets_sarima_regressao,2015-11-01,5,2016-04-01,36229.5519,37695.7025,-1466.1506,-3.8894
comb_ets_sarima_regressao,2015-11-01,6,2016-05-01,34627.2107,33979.3809,647.8298,1.9065
comb_ets_sarima_regressao,2015-11-01,7,2016-06-01,33846.6458,33271.7115,574.9343,1.728
comb_ets_sarima_regressao,2015-11-01,8,2016-07-01,34013.7819,33182.5985,831.1834,2.5049
comb_ets_sarima_regressao,2015-11-01,9,2016-08-01,35095.3562,34310.1087,785.2475,2.2887
comb_ets_sarima_regressao,2015-11-01,10,2016-09-01,36264.5004,34770.657,1493.8433,4.2963
comb_ets_sarima_regressao,2015-11-01,11,2016-10-01,36840.8009,35154.594,1686.2069,4.7965
comb_ets_sarima_regressao,2015-11-01,12,2016-11-01,36386.9494,34743.5067,1643.4427,4.7302
comb_ets_sarima_regressao,2015-12-01,1,2016-01-01,38489.3016,36556.0508,1933.2508,5.2885
comb_ets_sarima_regressao,2015-12-01,2,2016-02-01,39538.7823,39524.4383,14.344,0.0363
comb_ets_sarima_regressao,2015-12-01,3,2016-03-01,38343.7029,38455.003,-111.3001,-0.2894
comb_ets_sarima_regressao,2015-12-01,4,2016-04-01,36361.0439,37695.7025,-1334.6586,-3.5406
comb_ets_sarima_regressao,2015-12-01,5,2016-05-01,34749.9296,33979.3809,770.5487,2.2677
comb_ets_sarima_regressao,2015-12-01,6,2016-06-01,33968.0592,33271.7115,696.3477,2.0929
comb_ets_sarima_regressao,2015-12-01,7,2016-07-01,34127.9565,33182.5985,945.3581,2.849
comb_ets_sarima_regressao,2015-12-01,8,2016-08-01,35215.4713,34310.1087,905.3626,2.6388
comb_ets_sarima_regressao,2015-12-01,9,2016-09-01,36385.9016,34770.657,1615.2445,4.6454
comb_ets_sarima_regressao,2015-12-01,10,2016-10-01,36959.4997,35154.594,1804.9058,5.1342
comb_ets_sarima_regressao,2015-12-01,11,2016-11-01,36505.8846,34743.5067,1762.3779,5.0725
comb_ets_sarima_regressao,2015-12-01,12,2016-12-01,36938.866,35760.8785,1177.9875,3.2941
comb_ets_sarima_regressao,2016-01-01,1,2016-02-01,38798.478,39524.4383,-725.9603,-1.8367
comb_ets_sarima_regressao,2016-01-01,2,2016-03-01,37696.6882,38455.003,-758.3148,-1.972
comb_ets_sarima_regressao,2016-01-01,3,2016-04-01,35996.8874,37695.7025,-1698.8151,-4.5067
comb_ets_sarima_regressao,2016-01-01,4,2016-05-01,34463.9372,33979.3809,484.5563,1.426
comb_ets_sarima_regressao,2016-01-01,5,2016-06-01,33727.5672,33271.7115,455.8557,1.3701
comb_ets_sarima_regressao,2016-01-01,6,2016-07-01,33868.0816,33182.5985,685.4831,2.0658
comb_ets_sarima_regressao,2016-01-01,7,2016-08-01,35073.3992,34310.1087,763.2906,2.2247
comb_ets_sarima_regressao,2016-01-01,8,2016-09-01,36049.4785,34770.657,1278.8214,3.6779
comb_ets_sarima_regressao,2016-01-01,9,2016-10-01,36424.7604,35154.594,1270.1664,3.6131
comb_ets_sarima_regressao,2016-01-01,10,2016-11-01,35963.0413,34743.5067,1219.5346,3.5101
comb_ets_sarima_regressao,2016-01-01,11,2016-12-01,36529.6544,35760.8785,768.7759,2.1498
comb_ets_sarima_regressao,2016-01-01,12,2017-01-01,37550.9482,38977.4158,-1426.4676,-3.6597
comb_ets_sarima_regressao,2016-02-01,1,2016-03-01,37931.3425,38455.003,-523.6605,-1.3617
comb_ets_sarima_regressao,2016-02-01,2,2016-04-01,36348.2725,37695.7025,-1347.43,-3.5745
comb_ets_sarima_regressao,2016-02-01,3,2016-05-01,34778.8291,33979.3809,799.4483,2.3527
comb_ets_sarima_regressao,2016-02-01,4,2016-06-01,34032.8975,33271.7115,761.186,2.2878
comb_ets_sarima_regressao,2016-02-01,5,2016-07-01,34194.8044,33182.5985,1012.2059,3.0504
comb_ets_sarima_regressao,2016-02-01,6,2016-08-01,35397.8979,34310.1087,1087.7892,3.1705
comb_ets_sarima_regressao,2016-02-01,7,2016-09-01,36386.0113,34770.657,1615.3543,4.6457
comb_ets_sarima_regressao,2016-02-01,8,2016-10-01,36772.551,35154.594,1617.957,4.6024
comb_ets_sarima_regressao,2016-02-01,9,2016-11-01,36294.5292,34743.5067,1551.0226,4.4642
comb_ets_sarima_regressao,2016-02-01,10,2016-12-01,36868.4516,35760.8785,1107.5731,3.0972
comb_ets_sarima_regressao,2016-02-01,11,2017-01-01,37886.4652,38977.4158,-1090.9506,-2.7989
comb_ets_sarima_regressao,2016-02-01,12,2017-02-01,39576.7059,40063.0993,-486.3934,-1.2141
comb_ets_sarima_regressao,2016-03-01,1,2016-04-01,36504.5703,37695.7025,-1191.1323,-3.1599
comb_ets_sarima_regressao,2016-03-01,2,2016-05-01,34916.7566,33979.3809,937.3757,2.7587
comb_ets_sarima_regressao,2016-03-01,3,2016-06-01,34191.6672,33271.7115,919.9557,2.765
comb_ets_sarima_regressao,2016-03-01,4,2016-07-01,34324.8141,33182.5985,1142.2156,3.4422
comb_ets_sarima_regressao,2016-03-01,5,2016-08-01,35560.7336,34310.1087,1250.6249,3.6451
comb_ets_sarima_regressao,2016-03-01,6,2016-09-01,36546.6188,34770.657,1775.9618,5.1076
comb_ets_sarima_regressao,2016-03-01,7,2016-10-01,36917.4139,35154.594,1762.8199,5.0145
comb_ets_sarima_regressao,2016-03-01,8,2016-11-01,36456.3772,34743.5067,1712.8705,4.93
comb_ets_sarima_regressao,2016-03-01,9,2016-12-01,37039.3816,35760.8785,1278.5031,3.5751
comb_ets_sarima_regressao,2016-03-01,10,2017-01-01,38069.2952,38977.4158,-908.1206,-2.3299
comb_ets_sarima_regressao,2016-03-01,11,2017-02-01,39746.894,40063.0993,-316.2053,-0.7893
comb_ets_sarima_regressao,2016-03-01,12,2017-03-01,38771.9953,39435.9515,-663.9562,-1.6836
comb_ets_sarima_regressao,2016-04-01,1,2016-05-01,35286.8722,33979.3809,1307.4913,3.8479
comb_ets_sarima_regressao,2016-04-01,2,2016-06-01,34494.5405,33271.7115,1222.829,3.6753
comb_ets_sarima_regressao,2016-04-01,3,2016-07-01,34638.3032,33182.5985,1455.7048,4.387
comb_ets_sarima_regressao,2016-04-01,4,2016-08-01,35878.7162,34310.1087,1568.6075,4.5719
comb_ets_sarima_regressao,2016-04-01,5,2016-09-01,36876.6763,34770.657,2106.0193,6.0569
comb_ets_sarima_regressao,2016-04-01,6,2016-10-01,37256.7138,35154.594,2102.1198,5.9796
comb_ets_sarima_regressao,2016-04-01,7,2016-11-01,36788.7229,34743.5067,2045.2162,5.8866
comb_ets_sarima_regressao,2016-04-01,8,2016-12-01,37376.9032,35760.8785,1616.0247,4.519
comb_ets_sarima_regressao,2016-04-01,9,2017-01-01,38418.3385,38977.4158,-559.0773,-1.4344
comb_ets_sarima_regressao,2016-04-01,10,2017-02-01,40115.636,40063.0993,52.5367,0.1311
comb_ets_sarima_regressao,2016-04-01,11,2017-03-01,39121.9731,39435.9515,-313.9784,-0.7962
comb_ets_sarima_regressao,2016-04-01,12,2017-04-01,37370.4775,35806.0063,1564.4712,4.3693
comb_ets_sarima_regressao,2016-05-01,1,2016-06-01,34066.2818,33271.7115,794.5703,2.3881
comb_ets_sarima_regressao,2016-05-01,2,2016-07-01,33990.2867,33182.5985,807.6883,2.4341
comb_ets_sarima_regressao,2016-05-01,3,2016-08-01,35279.7721,34310.1087,969.6634,2.8262
comb_ets_sarima_regressao,2016-05-01,4,2016-09-01,36234.3631,34770.657,1463.706,4.2096
comb_ets_sarima_regressao,2016-05-01,5,2016-10-01,36624.1315,35154.594,1469.5376,4.1802
comb_ets_sarima_regressao,2016-05-01,6,2016-11-01,36164.8721,34743.5067,1421.3655,4.091
comb_ets_sarima_regressao,2016-05-01,7,2016-12-01,36750.6938,35760.8785,989.8153,2.7679
comb_ets_sarima_regressao,2016-05-01,8,2017-01-01,37776.6868,38977.4158,-1200.729,-3.0806
comb_ets_sarima_regressao,2016-05-01,9,2017-02-01,39447.3328,40063.0993,-615.7664,-1.537
comb_ets_sarima_regressao,2016-05-01,10,2017-03-01,38479.5354,39435.9515,-956.4161,-2.4252
comb_ets_sarima_regressao,2016-05-01,11,2017-04-01,36757.8264,35806.0063,951.8201,2.6583
comb_ets_sarima_regressao,2016-05-01,12,2017-05-01,34897.4991,34414.136,483.3631,1.4045
comb_ets_sarima_regressao,2016-06-01,1,2016-07-01,33863.702,33182.5985,681.1035,2.0526
comb_ets_sarima_regressao,2016-06-01,2,2016-08-01,35057.1,34310.1087,746.9913,2.1772
comb_ets_sarima_regressao,2016-06-01,3,2016-09-01,36014.2492,34770.657,1243.5921,3.5766
comb_ets_sarima_regressao,2016-06-01,4,2016-10-01,36415.3518,35154.594,1260.7578,3.5863
comb_ets_sarima_regressao,2016-06-01,5,2016-11-01,35947.6306,34743.5067,1204.1239,3.4658
comb_ets_sarima_regressao,2016-06-01,6,2016-12-01,36526.6997,35760.8785,765.8212,2.1415
comb_ets_sarima_regressao,2016-06-01,7,2017-01-01,37543.3201,38977.4158,-1434.0957,-3.6793
comb_ets_sarima_regressao,2016-06-01,8,2017-02-01,39219.4102,40063.0993,-843.689,-2.1059
comb_ets_sarima_regressao,2016-06-01,9,2017-03-01,38231.6562,39435.9515,-1204.2953,-3.0538
comb_ets_sarima_regressao,2016-06-01,10,2017-04-01,36559.5395,35806.0063,753.5332,2.1045
comb_ets_sarima_regressao,2016-06-01,11,2017-05-01,34683.0012,34414.136,268.8652,0.7813
comb_ets_sarima_regressao,2016-06-01,12,2017-06-01,33790.9583,33858.7829,-67.8245,-0.2003
comb_ets_sarima_regressao,2016-07-01,1,2016-08-01,35119.0785,34310.1087,808.9698,2.3578
comb_ets_sarima_regressao,2016-07-01,2,2016-09-01,36054.6643,34770.657,1284.0073,3.6928
comb_ets_sarima_regressao,2016-07-01,3,2016-10-01,36445.5126,35154.594,1290.9186,3.6721
comb_ets_sarima_regressao,2016-07-01,4,2016-11-01,35990.2807,34743.5067,1246.774,3.5885
comb_ets_sarima_regressao,2016-07-01,5,2016-12-01,36557.3734,35760.8785,796.4949,2.2273
comb_ets_sarima_regressao,2016-07-01,6,2017-01-01,37593.0063,38977.4158,-1384.4095,-3.5518
comb_ets_sarima_regressao,2016-07-01,7,2017-02-01,39246.0415,40063.0993,-817.0578,-2.0394
comb_ets_sarima_regressao,2016-07-01,8,2017-03-01,38279.1823,39435.9515,-1156.7692,-2.9333
comb_ets_sarima_regressao,2016-07-01,9,2017-04-01,36566.0816,35806.0063,760.0753,2.1228
comb_ets_sarima_regressao,2016-07-01,10,2017-05-01,34691.486,34414.136,277.3501,0.8059
comb_ets_sarima_regressao,2016-07-01,11,2017-06-01,33795.8778,33858.7829,-62.9051,-0.1858
comb_ets_sarima_regressao,2016-07-01,12,2017-07-01,33893.1518,32552.0376,1341.1143,4.1199
comb_ets_sarima_regressao,2016-08-01,1,2016-09-01,35816.061,34770.657,1045.404,3.0066
comb_ets_sarima_regressao,2016-08-01,2,2016-10-01,36247.0936,35154.594,1092.4996,3.1077
comb_ets_sarima_regressao,2016-08-01,3,2016-11-01,35750.2452,34743.5067,1006.7386,2.8976
comb_ets_sarima_regressao,2016-08-01,4,2016-12-01,36336.8976,35760.8785,576.0191,1.6108
comb_ets_sarima_regressao,2016-08-01,5,2017-01-01,37338.8149,38977.4158,-1638.6009,-4.204
comb_ets_sarima_regressao,2016-08-01,6,2017-02-01,39006.0063,40063.0993,-1057.093,-2.6386
comb_ets_sarima_regressao,2016-08-01,7,2017-03-01,38024.19,39435.9515,-1411.7615,-3.5799
comb_ets_sarima_regressao,2016-08-01,8,2017-04-01,36353.7976,35806.0063,547.7913,1.5299
comb_ets_sarima_regressao,2016-08-01,9,2017-05-01,34486.7839,34414.136,72.648,0.2111
comb_ets_sarima_regressao,2016-08-01,10,2017-06-01,33595.8618,33858.7829,-262.9211,-0.7765
comb_ets_sarima_regressao,2016-08-01,11,2017-07-01,33702.4909,32552.0376,1150.4533,3.5342
comb_ets_sarima_regressao,2016-08-01,12,2017-08-01,35035.6548,33822.7218,1212.933,3.5861
comb_ets_sarima_regressao,2016-09-01,1,2016-10-01,36041.1207,35154.594,886.5267,2.5218
comb_ets_sarima_regressao,2016-09-01,2,2016-11-01,35493.43,34743.5067,749.9233,2.1585
comb_ets_sarima_regressao,2016-09-01,3,2016-12-01,36085.0,35760.8785,324.1215,0.9064
comb_ets_sarima_regressao,2016-09-01,4,2017-01-01,37075.682,38977.4158,-1901.7338,-4.8791
comb_ets_sarima_regressao,2016-09-01,5,2017-02-01,38732.3044,40063.0993,-1330.7949,-3.3217
comb_ets_sarima_regressao,2016-09-01,6,2017-03-01,37756.1306,39435.9515,-1679.8209,-4.2596
comb_ets_sarima_regressao,2016-09-01,7,2017-04-01,36101.7309,35806.0063,295.7246,0.8259
comb_ets_sarima_regressao,2016-09-01,8,2017-05-01,34245.0105,34414.136,-169.1255,-0.4914
comb_ets_sarima_regressao,2016-09-01,9,2017-06-01,33360.7996,33858.7829,-497.9833,-1.4708
comb_ets_sarima_regressao,2016-09-01,10,2017-07-01,33467.8873,32552.0376,915.8497,2.8135
comb_ets_sarima_regressao,2016-09-01,11,2017-08-01,34789.9421,33822.7218,967.2203,2.8597
comb_ets_sarima_regressao,2016-09-01,12,2017-09-01,35591.0529,35533.9745,57.0783,0.1606
comb_ets_sarima_regressao,2016-10-01,1,2016-11-01,35261.155,34743.5067,517.6483,1.4899
comb_ets_sarima_regressao,2016-10-01,2,2016-12-01,35717.9406,35760.8785,-42.9379,-0.1201
comb_ets_sarima_regressao,2016-10-01,3,2017-01-01,36739.8809,38977.4158,-2237.5349,-5.7406
comb_ets_sarima_regressao,2016-10-01,4,2017-02-01,38370.1411,40063.0993,-1692.9582,-4.2257
comb_ets_sarima_regressao,2016-10-01,5,2017-03-01,37406.4927,39435.9515,-2029.4588,-5.1462
comb_ets_sarima_regressao,2016-10-01,6,2017-04-01,35781.0623,35806.0063,-24.9441,-0.0697
comb_ets_sarima_regressao,2016-10-01,7,2017-05-01,33937.7373,34414.136,-476.3987,-1.3843
comb_ets_sarima_regressao,2016-10-01,8,2017-06-01,33066.3102,33858.7829,-792.4726,-2.3405
comb_ets_sarima_regressao,2016-10-01,9,2017-07-01,33180.1369,32552.0376,628.0993,1.9295
comb_ets_sarima_regressao,2016-10-01,10,2017-08-01,34488.6733,33822.7218,665.9515,1.9689
comb_ets_sarima_regressao,2016-10-01,11,2017-09-01,35290.4685,35533.9745,-243.5061,-0.6853
comb_ets_sarima_regressao,2016-10-01,12,2017-10-01,35966.4308,36565.8335,-599.4027,-1.6392
comb_ets_sarima_regressao,2016-11-01,1,2016-12-01,35658.0002,35760.8785,-102.8783,-0.2877
comb_ets_sarima_regressao,2016-11-01,2,2017-01-01,36678.1614,38977.4158,-2299.2544,-5.8989
comb_ets_sarima_regressao,2016-11-01,3,2017-02-01,38302.9408,40063.0993,-1760.1584,-4.3935
comb_ets_sarima_regressao,2016-11-01,4,2017-03-01,37339.0862,39435.9515,-2096.8653,-5.3171
comb_ets_sarima_regressao,2016-11-01,5,2017-04-01,35724.6151,35806.0063,-81.3912,-0.2273
comb_ets_sarima_regressao,2016-11-01,6,2017-05-01,33880.0829,34414.136,-534.053,-1.5518
comb_ets_sarima_regressao,2016-11-01,7,2017-06-01,33011.7558,33858.7829,-847.0271,-2.5016
comb_ets_sarima_regressao,2016-11-01,8,2017-07-01,33128.5758,32552.0376,576.5382,1.7711
comb_ets_sarima_regressao,2016-11-01,9,2017-08-01,34432.6366,33822.7218,609.9148,1.8033
comb_ets_sarima_regressao,2016-11-01,10,2017-09-01,35236.5648,35533.9745,-297.4097,-0.837
comb_ets_sarima_regressao,2016-11-01,11,2017-10-01,35911.583,36565.8335,-654.2505,-1.7892
comb_ets_sarima_regressao,2016-11-01,12,2017-11-01,35346.4541,35790.6351,-444.181,-1.2411
comb_ets_sarima_regressao,2016-12-01,1,2017-01-01,36850.4563,38977.4158,-2126.9595,-5.4569
comb_ets_sarima_regressao,2016-12-01,2,2017-02-01,38502.7948,40063.0993,-1560.3045,-3.8946
comb_ets_sarima_regressao,2016-12-01,3,2017-03-01,37544.1238,39435.9515,-1891.8277,-4.7972
comb_ets_sarima_regressao,2016-12-01,4,2017-04-01,35899.5078,35806.0063,93.5014,0.2611
comb_ets_sarima_regressao,2016-12-01,5,2017-05-01,34056.3572,34414.136,-357.7787,-1.0396
comb_ets_sarima_regressao,2016-12-01,6,2017-06-01,33179.0702,33858.7829,-679.7126,-2.0075
comb_ets_sarima_regressao,2016-12-01,7,2017-07-01,33288.0295,32552.0376,735.992,2.261
comb_ets_sarima_regressao,2016-12-01,8,2017-08-01,34604.457,33822.7218,781.7352,2.3113
comb_ets_sarima_regressao,2016-12-01,9,2017-09-01,35402.9449,35533.9745,-131.0297,-0.3687
comb_ets_sarima_regressao,2016-12-01,10,2017-10-01,36080.8189,36565.8335,-485.0146,-1.3264
comb_ets_sarima_regressao,2016-12-01,11,2017-11-01,35512.5557,35790.6351,-278.0794,-0.777
comb_ets_sarima_regressao,2016-12-01,12,2017-12-01,35953.3839,36736.4746,-783.0907,-2.1316
comb_ets_sarima_regressao,2017-01-01,1,2017-02-01,39005.3054,40063.0993,-1057.7938,-2.6403
comb_ets_sarima_regressao,2017-01-01,2,2017-03-01,38159.7478,39435.9515,-1276.2037,-3.2361
comb_ets_sarima_regressao,2017-01-01,3,2017-04-01,36418.8932,35806.0063,612.8869,1.7117
comb_ets_sarima_regressao,2017-01-01,4,2017-05-01,34190.3333,34414.136,-223.8026,-0.6503
comb_ets_sarima_regressao,2017-01-01,5,2017-06-01,33339.412,33858.7829,-519.3709,-1.5339
comb_ets_sarima_regressao,2017-01-01,6,2017-07-01,33459.9844,32552.0376,907.9468,2.7892
comb_ets_sarima_regressao,2017-01-01,7,2017-08-01,34700.6929,33822.7218,877.9711,2.5958
comb_ets_sarima_regressao,2017-01-01,8,2017-09-01,35551.0816,35533.9745,17.1071,0.0481
comb_ets_sarima_regressao,2017-01-01,9,2017-10-01,36263.4412,36565.8335,-302.3923,-0.827
comb_ets_sarima_regressao,2017-01-01,10,2017-11-01,35756.3194,35790.6351,-34.3157,-0.0959
comb_ets_sarima_regressao,2017-01-01,11,2017-12-01,36233.8595,36736.4746,-502.6151,-1.3682
comb_ets_sarima_regressao,2017-01-01,12,2018-01-01,37756.8536,39014.7803,-1257.9267,-3.2242
comb_ets_sarima_regressao,2017-02-01,1,2017-03-01,38361.7993,39435.9515,-1074.1522,-2.7238
comb_ets_sarima_regressao,2017-02-01,2,2017-04-01,36633.755,35806.0063,827.7487,2.3118
comb_ets_sarima_regressao,2017-02-01,3,2017-05-01,34392.1213,34414.136,-22.0147,-0.064
comb_ets_sarima_regressao,2017-02-01,4,2017-06-01,33535.4154,33858.7829,-323.3675,-0.955
comb_ets_sarima_regressao,2017-02-01,5,2017-07-01,33648.3933,32552.0376,1096.3557,3.368
comb_ets_sarima_regressao,2017-02-01,6,2017-08-01,34901.379,33822.7218,1078.6573,3.1891
comb_ets_sarima_regressao,2017-02-01,7,2017-09-01,35747.0718,35533.9745,213.0972,0.5997
comb_ets_sarima_regressao,2017-02-01,8,2017-10-01,36459.3067,36565.8335,-106.5268,-0.2913
comb_ets_sarima_regressao,2017-02-01,9,2017-11-01,35950.4135,35790.6351,159.7783,0.4464
comb_ets_sarima_regressao,2017-02-01,10,2017-12-01,36428.7252,36736.4746,-307.7494,-0.8377
comb_ets_sarima_regressao,2017-02-01,11,2018-01-01,37976.8894,39014.7803,-1037.8909,-2.6603
comb_ets_sarima_regressao,2017-02-01,12,2018-02-01,39661.0807,38534.2142,1126.8665,2.9243
comb_ets_sarima_regressao,2017-03-01,1,2017-04-01,36776.8265,35806.0063,970.8202,2.7113
comb_ets_sarima_regressao,2017-03-01,2,2017-05-01,34837.9763,34414.136,423.8403,1.2316
comb_ets_sarima_regressao,2017-03-01,3,2017-06-01,33898.9791,33858.7829,40.1963,0.1187
comb_ets_sarima_regressao,2017-03-01,4,2017-07-01,33978.0616,32552.0376,1426.024,4.3808
comb_ets_sarima_regressao,2017-03-01,5,2017-08-01,35333.0974,33822.7218,1510.3756,4.4656
comb_ets_sarima_regressao,2017-03-01,6,2017-09-01,36126.5388,35533.9745,592.5642,1.6676
comb_ets_sarima_regressao,2017-03-01,7,2017-10-01,36818.5391,36565.8335,252.7056,0.6911
comb_ets_sarima_regressao,2017-03-01,8,2017-11-01,36240.9102,35790.6351,450.275,1.2581
comb_ets_sarima_regressao,2017-03-01,9,2017-12-01,36670.5722,36736.4746,-65.9024,-0.1794
comb_ets_sarima_regressao,2017-03-01,10,2018-01-01,38219.7229,39014.7803,-795.0574,-2.0378
comb_ets_sarima_regressao,2017-03-01,11,2018-02-01,39738.3133,38534.2142,1204.0991,3.1248
comb_ets_sarima_regressao,2017-03-01,12,2018-03-01,38883.5896,40027.9812,-1144.3916,-2.859
comb_ets_sarima_regressao,2017-04-01,1,2017-05-01,34241.2297,34414.136,-172.9062,-0.5024
comb_ets_sarima_regressao,2017-04-01,2,2017-06-01,33332.1189,33858.7829,-526.664,-1.5555
comb_ets_sarima_regressao,2017-04-01,3,2017-07-01,33444.6979,32552.0376,892.6603,2.7423
comb_ets_sarima_regressao,2017-04-01,4,2017-08-01,34718.7785,33822.7218,896.0567,2.6493
comb_ets_sarima_regressao,2017-04-01,5,2017-09-01,35556.3892,35533.9745,22.4147,0.0631
comb_ets_sarima_regressao,2017-04-01,6,2017-10-01,36280.5363,36565.8335,-285.2972,-0.7802
comb_ets_sarima_regressao,2017-04-01,7,2017-11-01,35791.325,35790.6351,0.6899,0.0019
comb_ets_sarima_regressao,2017-04-01,8,2017-12-01,36263.009,36736.4746,-473.4656,-1.2888
comb_ets_sarima_regressao,2017-04-01,9,2018-01-01,37830.906,39014.7803,-1183.8743,-3.0344
comb_ets_sarima_regressao,2017-04-01,10,2018-02-01,39511.8242,38534.2142,977.6101,2.537
comb_ets_sarima_regressao,2017-04-01,11,2018-03-01,38676.5409,40027.9812,-1351.4404,-3.3762
comb_ets_sarima_regressao,2017-04-01,12,2018-04-01,36652.8473,36668.6995,-15.8522,-0.0432
comb_ets_sarima_regressao,2017-05-01,1,2017-06-01,33441.5403,33858.7829,-417.2426,-1.2323
comb_ets_sarima_regressao,2017-05-01,2,2017-07-01,33471.0675,32552.0376,919.03,2.8233
comb_ets_sarima_regressao,2017-05-01,3,2017-08-01,34747.9223,33822.7218,925.2005,2.7354
comb_ets_sarima_regressao,2017-05-01,4,2017-09-01,35583.9135,35533.9745,49.939,0.1405
comb_ets_sarima_regressao,2017-05-01,5,2017-10-01,36307.1413,36565.8335,-258.6922,-0.7075
comb_ets_sarima_regressao,2017-05-01,6,2017-11-01,35819.2852,35790.6351,28.6501,0.08
comb_ets_sarima_regressao,2017-05-01,7,2017-12-01,36297.6823,36736.4746,-438.7923,-1.1944
comb_ets_sarima_regressao,2017-05-01,8,2018-01-01,37882.827,39014.7803,-1131.9533,-2.9013
comb_ets_sarima_regressao,2017-05-01,9,2018-02-01,39559.3659,38534.2142,1025.1517,2.6604
comb_ets_sarima_regressao,2017-05-01,10,2018-03-01,38726.4673,40027.9812,-1301.5139,-3.2515
comb_ets_sarima_regressao,2017-05-01,11,2018-04-01,36688.6543,36668.6995,19.9549,0.0544
comb_ets_sarima_regressao,2017-05-01,12,2018-05-01,34462.4964,34197.8245,264.6719,0.7739
comb_ets_sarima_regressao,2017-06-01,1,2017-07-01,33827.0503,32552.0376,1275.0127,3.9168
comb_ets_sarima_regressao,2017-06-01,2,2017-08-01,35110.1195,33822.7218,1287.3977,3.8063
comb_ets_sarima_regressao,2017-06-01,3,2017-09-01,35907.703,35533.9745,373.7285,1.0517
comb_ets_sarima_regressao,2017-06-01,4,2017-10-01,36604.0948,36565.8335,38.2613,0.1046
comb_ets_sarima_regressao,2017-06-01,5,2017-11-01,36041.8539,35790.6351,251.2188,0.7019
comb_ets_sarima_regressao,2017-06-01,6,2017-12-01,36472.6247,36736.4746,-263.8499,-0.7182
comb_ets_sarima_regressao,2017-06-01,7,2018-01-01,38026.6178,39014.7803,-988.1625,-2.5328
comb_ets_sarima_regressao,2017-06-01,8,2018-02-01,39541.2249,38534.2142,1007.0108,2.6133
comb_ets_sarima_regressao,2017-06-01,9,2018-03-01,38699.8937,40027.9812,-1328.0875,-3.3179
comb_ets_sarima_regressao,2017-06-01,10,2018-04-01,36708.9724,36668.6995,40.2729,0.1098
comb_ets_sarima_regressao,2017-06-01,11,2018-05-01,34660.3157,34197.8245,462.4912,1.3524
comb_ets_sarima_regressao,2017-06-01,12,2018-06-01,33858.4376,33858.1352,0.3023,0.0009
comb_ets_sarima_regressao,2017-07-01,1,2017-08-01,34679.9005,33822.7218,857.1787,2.5343
comb_ets_sarima_regressao,2017-07-01,2,2017-09-01,35445.8996,35533.9745,-88.075,-0.2479
comb_ets_sarima_regressao,2017-07-01,3,2017-10-01,36169.0145,36565.8335,-396.819,-1.0852
comb_ets_sarima_regressao,2017-07-01,4,2017-11-01,35688.6756,35790.6351,-101.9595,-0.2849
comb_ets_sarima_regressao,2017-07-01,5,2017-12-01,36150.9244,36736.4746,-585.5502,-1.5939
comb_ets_sarima_regressao,2017-07-01,6,2018-01-01,37759.6051,39014.7803,-1255.1753,-3.2172
comb_ets_sarima_regressao,2017-07-01,7,2018-02-01,39416.5364,38534.2142,882.3223,2.2897
comb_ets_sarima_regressao,2017-07-01,8,2018-03-01,38591.0493,40027.9812,-1436.932,-3.5898
comb_ets_sarima_regressao,2017-07-01,9,2018-04-01,36568.8568,36668.6995,-99.8427,-0.2723
comb_ets_sarima_regressao,2017-07-01,10,2018-05-01,34342.0812,34197.8245,144.2567,0.4218
comb_ets_sarima_regressao,2017-07-01,11,2018-06-01,33618.0402,33858.1352,-240.0951,-0.7091
comb_ets_sarima_regressao,2017-07-01,12,2018-07-01,33263.7952,33919.2557,-655.4606,-1.9324
comb_ets_sarima_regressao,2017-08-01,1,2017-09-01,35427.8919,35533.9745,-106.0827,-0.2985
comb_ets_sarima_regressao,2017-08-01,2,2017-10-01,36103.9747,36565.8335,-461.8588,-1.2631
comb_ets_sarima_regressao,2017-08-01,3,2017-11-01,35617.707,35790.6351,-172.9282,-0.4832
comb_ets_sarima_regressao,2017-08-01,4,2017-12-01,36088.864,36736.4746,-647.6106,-1.7629
comb_ets_sarima_regressao,2017-08-01,5,2018-01-01,37663.3183,39014.7803,-1351.462,-3.464
comb_ets_sarima_regressao,2017-08-01,6,2018-02-01,39332.8605,38534.2142,798.6464,2.0726
comb_ets_sarima_regressao,2017-08-01,7,2018-03-01,38502.9224,40027.9812,-1525.0588,-3.81
comb_ets_sarima_regressao,2017-08-01,8,2018-04-01,36477.3408,36668.6995,-191.3586,-0.5219
comb_ets_sarima_regressao,2017-08-01,9,2018-05-01,34258.6977,34197.8245,60.8732,0.178
comb_ets_sarima_regressao,2017-08-01,10,2018-06-01,33529.1593,33858.1352,-328.9759,-0.9716
comb_ets_sarima_regressao,2017-08-01,11,2018-07-01,33180.2169,33919.2557,-739.0388,-2.1788
comb_ets_sarima_regressao,2017-08-01,12,2018-08-01,34418.8666,34465.4632,-46.5967,-0.1352
comb_ets_sarima_regressao,2017-09-01,1,2017-10-01,36214.3788,36565.8335,-351.4547,-0.9612
comb_ets_sarima_regressao,2017-09-01,2,2017-11-01,35695.7412,35790.6351,-94.8939,-0.2651
comb_ets_sarima_regressao,2017-09-01,3,2017-12-01,36165.6156,36736.4746,-570.859,-1.5539
comb_ets_sarima_regressao,2017-09-01,4,2018-01-01,37747.7913,39014.7803,-1266.9891,-3.2475
comb_ets_sarima_regressao,2017-09-01,5,2018-02-01,39415.5644,38534.2142,881.3502,2.2872
comb_ets_sarima_regressao,2017-09-01,6,2018-03-01,38582.3553,40027.9812,-1445.6259,-3.6115
comb_ets_sarima_regressao,2017-09-01,7,2018-04-01,36547.1046,36668.6995,-121.5949,-0.3316
comb_ets_sarima_regressao,2017-09-01,8,2018-05-01,34323.359,34197.8245,125.5345,0.3671
comb_ets_sarima_regressao,2017-09-01,9,2018-06-01,33590.2298,33858.1352,-267.9054,-0.7913
comb_ets_sarima_regressao,2017-09-01,10,2018-07-01,33236.1088,33919.2557,-683.1469,-2.014
comb_ets_sarima_regressao,2017-09-01,11,2018-08-01,34475.7284,34465.4632,10.2651,0.0298
comb_ets_sarima_regressao,2017-09-01,12,2018-09-01,35447.237,35488.2045,-40.9675,-0.1154
comb_ets_sarima_regressao,2017-10-01,1,2017-11-01,35842.2746,35790.6351,51.6395,0.1443
comb_ets_sarima_regressao,2017-10-01,2,2017-12-01,36228.687,36736.4746,-507.7876,-1.3822
comb_ets_sarima_regressao,2017-10-01,3,2018-01-01,37840.4585,39014.7803,-1174.3218,-3.0099
comb_ets_sarima_regressao,2017-10-01,4,2018-02-01,39330.5421,38534.2142,796.328,2.0665
comb_ets_sarima_regressao,2017-10-01,5,2018-03-01,38481.7296,40027.9812,-1546.2517,-3.8629
comb_ets_sarima_regressao,2017-10-01,6,2018-04-01,36453.4971,36668.6995,-215.2024,-0.5869
comb_ets_sarima_regressao,2017-10-01,7,2018-05-01,34403.4706,34197.8245,205.6461,0.6013
comb_ets_sarima_regressao,2017-10-01,8,2018-06-01,33618.064,33858.1352,-240.0712,-0.7091
comb_ets_sarima_regressao,2017-10-01,9,2018-07-01,33423.8675,33919.2557,-495.3882,-1.4605
comb_ets_sarima_regressao,2017-10-01,10,2018-08-01,34645.7698,34465.4632,180.3065,0.5232
comb_ets_sarima_regressao,2017-10-01,11,2018-09-01,35671.9366,35488.2045,183.7321,0.5177
comb_ets_sarima_regressao,2017-10-01,12,2018-10-01,36691.5368,36868.9276,-177.3908,-0.4811
comb_ets_sarima_regressao,2017-11-01,1,2017-12-01,36279.7356,36736.4746,-456.739,-1.2433
comb_ets_sarima_regressao,2017-11-01,2,2018-01-01,37887.0003,39014.7803,-1127.78,-2.8906
comb_ets_sarima_regressao,2017-11-01,3,2018-02-01,39367.2594,38534.2142,833.0453,2.1618
comb_ets_sarima_regressao,2017-11-01,4,2018-03-01,38513.8206,40027.9812,-1514.1607,-3.7828
comb_ets_sarima_regressao,2017-11-01,5,2018-04-01,36467.4882,36668.6995,-201.2113,-0.5487
comb_ets_sarima_regressao,2017-11-01,6,2018-05-01,34409.6998,34197.8245,211.8753,0.6196
comb_ets_sarima_regressao,2017-11-01,7,2018-06-01,33627.6262,33858.1352,-230.509,-0.6808
comb_ets_sarima_regressao,2017-11-01,8,2018-07-01,33416.805,33919.2557,-502.4507,-1.4813
comb_ets_sarima_regressao,2017-11-01,9,2018-08-01,34634.9374,34465.4632,169.4742,0.4917
comb_ets_sarima_regressao,2017-11-01,10,2018-09-01,35666.1706,35488.2045,177.9661,0.5015
comb_ets_sarima_regressao,2017-11-01,11,2018-10-01,36681.942,36868.9276,-186.9856,-0.5072
comb_ets_sarima_regressao,2017-11-01,12,2018-11-01,35911.5991,36725.6111,-814.012,-2.2165
comb_ets_sarima_regressao,2017-12-01,1,2018-01-01,38051.9992,39014.7803,-962.7812,-2.4677
comb_ets_sarima_regressao,2017-12-01,2,2018-02-01,39477.4338,38534.2142,943.2197,2.4477
comb_ets_sarima_regressao,2017-12-01,3,2018-03-01,38585.2188,40027.9812,-1442.7624,-3.6044
comb_ets_sarima_regressao,2017-12-01,4,2018-04-01,36568.6944,36668.6995,-100.005,-0.2727
comb_ets_sarima_regressao,2017-12-01,5,2018-05-01,34521.0873,34197.8245,323.2628,0.9453
comb_ets_sarima_regressao,2017-12-01,6,2018-06-01,33708.1722,33858.1352,-149.9631,-0.4429
comb_ets_sarima_regressao,2017-12-01,7,2018-07-01,33548.3108,33919.2557,-370.9449,-1.0936
comb_ets_sarima_regressao,2017-12-01,8,2018-08-01,34775.0964,34465.4632,309.6331,0.8984
comb_ets_sarima_regressao,2017-12-01,9,2018-09-01,35785.2716,35488.2045,297.0671,0.8371
comb_ets_sarima_regressao,2017-12-01,10,2018-10-01,36805.1705,36868.9276,-63.7571,-0.1729
comb_ets_sarima_regressao,2017-12-01,11,2018-11-01,36003.4021,36725.6111,-722.209,-1.9665
comb_ets_sarima_regressao,2017-12-01,12,2018-12-01,36551.964,38158.3807,-1606.4167,-4.2099
comb_ets_sarima_regressao,2018-01-01,1,2018-02-01,39749.577,38534.2142,1215.3628,3.154
comb_ets_sarima_regressao,2018-01-01,2,2018-03-01,38909.185,40027.9812,-1118.7962,-2.795
comb_ets_sarima_regressao,2018-01-01,3,2018-04-01,36919.1635,36668.6995,250.464,0.683
comb_ets_sarima_regressao,2018-01-01,4,2018-05-01,34840.4429,34197.8245,642.6184,1.8791
comb_ets_sarima_regressao,2018-01-01,5,2018-06-01,34026.8622,33858.1352,168.727,0.4983
comb_ets_sarima_regressao,2018-01-01,6,2018-07-01,33861.6648,33919.2557,-57.5909,-0.1698
comb_ets_sarima_regressao,2018-01-01,7,2018-08-01,35105.8358,34465.4632,640.3726,1.858
comb_ets_sarima_regressao,2018-01-01,8,2018-09-01,36107.5066,35488.2045,619.3022,1.7451
comb_ets_sarima_regressao,2018-01-01,9,2018-10-01,37151.0012,36868.9276,282.0737,0.7651
comb_ets_sarima_regressao,2018-01-01,10,2018-11-01,36338.7547,36725.6111,-386.8564,-1.0534
comb_ets_sarima_regressao,2018-01-01,11,2018-12-01,36883.9272,38158.3807,-1274.4535,-3.3399
comb_ets_sarima_regressao,2018-01-01,12,2019-01-01,38777.355,42133.9275,-3356.5726,-7.9664
comb_ets_sarima_regressao,2018-02-01,1,2018-03-01,38205.0817,40027.9812,-1822.8995,-4.5541
comb_ets_sarima_regressao,2018-02-01,2,2018-04-01,36208.3703,36668.6995,-460.3292,-1.2554
comb_ets_sarima_regressao,2018-02-01,3,2018-05-01,34233.7193,34197.8245,35.8948,0.105
comb_ets_sarima_regressao,2018-02-01,4,2018-06-01,33417.2146,33858.1352,-440.9206,-1.3023
comb_ets_sarima_regressao,2018-02-01,5,2018-07-01,33271.6967,33919.2557,-647.559,-1.9091
comb_ets_sarima_regressao,2018-02-01,6,2018-08-01,34497.5688,34465.4632,32.1056,0.0932
comb_ets_sarima_regressao,2018-02-01,7,2018-09-01,35484.0403,35488.2045,-4.1642,-0.0117
comb_ets_sarima_regressao,2018-02-01,8,2018-10-01,36519.2323,36868.9276,-349.6952,-0.9485
comb_ets_sarima_regressao,2018-02-01,9,2018-11-01,35725.3833,36725.6111,-1000.2278,-2.7235
comb_ets_sarima_regressao,2018-02-01,10,2018-12-01,36266.3265,38158.3807,-1892.0542,-4.9584
comb_ets_sarima_regressao,2018-02-01,11,2019-01-01,38141.5182,42133.9275,-3992.4093,-9.4755
comb_ets_sarima_regressao,2018-02-01,12,2019-02-01,39251.4412,40667.0042,-1415.563,-3.4809
comb_ets_sarima_regressao,2018-03-01,1,2018-04-01,36666.2678,36668.6995,-2.4317,-0.0066
comb_ets_sarima_regressao,2018-03-01,2,2018-05-01,34875.2527,34197.8245,677.4281,1.9809
comb_ets_sarima_regressao,2018-03-01,3,2018-06-01,33966.0274,33858.1352,107.8922,0.3187
comb_ets_sarima_regressao,2018-03-01,4,2018-07-01,33854.2022,33919.2557,-65.0535,-0.1918
comb_ets_sarima_regressao,2018-03-01,5,2018-08-01,35080.1683,34465.4632,614.7051,1.7835
comb_ets_sarima_regressao,2018-03-01,6,2018-09-01,36099.2286,35488.2045,611.0241,1.7218
comb_ets_sarima_regressao,2018-03-01,7,2018-10-01,37140.3359,36868.9276,271.4083,0.7361
comb_ets_sarima_regressao,2018-03-01,8,2018-11-01,36334.4485,36725.6111,-391.1626,-1.0651
comb_ets_sarima_regressao,2018-03-01,9,2018-12-01,36886.1916,38158.3807,-1272.1891,-3.334
comb_ets_sarima_regressao,2018-03-01,10,2019-01-01,38789.2309,42133.9275,-3344.6967,-7.9383
comb_ets_sarima_regressao,2018-03-01,11,2019-02-01,39914.3943,40667.0042,-752.6099,-1.8507
comb_ets_sarima_regressao,2018-03-01,12,2019-03-01,39006.4119,38892.6826,113.7293,0.2924
comb_ets_sarima_regressao,2018-04-01,1,2018-05-01,34936.5069,34197.8245,738.6824,2.16
comb_ets_sarima_regressao,2018-04-01,2,2018-06-01,34057.1174,33858.1352,198.9822,0.5877
comb_ets_sarima_regressao,2018-04-01,3,2018-07-01,33909.7055,33919.2557,-9.5503,-0.0282
comb_ets_sarima_regressao,2018-04-01,4,2018-08-01,35159.2295,34465.4632,693.7663,2.0129
comb_ets_sarima_regressao,2018-04-01,5,2018-09-01,36171.1712,35488.2045,682.9667,1.9245
comb_ets_sarima_regressao,2018-04-01,6,2018-10-01,37221.8662,36868.9276,352.9386,0.9573
comb_ets_sarima_regressao,2018-04-01,7,2018-11-01,36413.9063,36725.6111,-311.7048,-0.8487
comb_ets_sarima_regressao,2018-04-01,8,2018-12-01,36969.0542,38158.3807,-1189.3265,-3.1168
comb_ets_sarima_regressao,2018-04-01,9,2019-01-01,38877.9086,42133.9275,-3256.019,-7.7278
comb_ets_sarima_regressao,2018-04-01,10,2019-02-01,40008.3632,40667.0042,-658.641,-1.6196
comb_ets_sarima_regressao,2018-04-01,11,2019-03-01,39097.6116,38892.6826,204.929,0.5269
comb_ets_sarima_regressao,2018-04-01,12,2019-04-01,36928.258,37888.0324,-959.7743,-2.5332
comb_ets_sarima_regressao,2018-05-01,1,2018-06-01,33884.6326,33858.1352,26.4974,0.0783
comb_ets_sarima_regressao,2018-05-01,2,2018-07-01,33409.2993,33919.2557,-509.9564,-1.5034
comb_ets_sarima_regressao,2018-05-01,3,2018-08-01,34660.4844,34465.4632,195.0212,0.5658
comb_ets_sarima_regressao,2018-05-01,4,2018-09-01,35687.2726,35488.2045,199.0682,0.5609
comb_ets_sarima_regressao,2018-05-01,5,2018-10-01,36680.0376,36868.9276,-188.8899,-0.5123
comb_ets_sarima_regressao,2018-05-01,6,2018-11-01,35928.4296,36725.6111,-797.1815,-2.1706
comb_ets_sarima_regressao,2018-05-01,7,2018-12-01,36600.5191,38158.3807,-1557.8616,-4.0826
comb_ets_sarima_regressao,2018-05-01,8,2019-01-01,38755.1412,42133.9275,-3378.7864,-8.0192
comb_ets_sarima_regressao,2018-05-01,9,2019-02-01,39587.9458,40667.0042,-1079.0584,-2.6534
comb_ets_sarima_regressao,2018-05-01,10,2019-03-01,39140.1741,38892.6826,247.4915,0.6363
comb_ets_sarima_regressao,2018-05-01,11,2019-04-01,36606.283,37888.0324,-1281.7493,-3.383
comb_ets_sarima_regressao,2018-05-01,12,2019-05-01,34602.9394,35795.5702,-1192.6308,-3.3318
comb_ets_sarima_regressao,2018-06-01,1,2018-07-01,33647.1335,33919.2557,-272.1222,-0.8023
comb_ets_sarima_regressao,2018-06-01,2,2018-08-01,34760.5954,34465.4632,295.1322,0.8563
comb_ets_sarima_regressao,2018-06-01,3,2018-09-01,35793.345,35488.2045,305.1405,0.8598
comb_ets_sarima_regressao,2018-06-01,4,2018-10-01,36818.9196,36868.9276,-50.0079,-0.1356
comb_ets_sarima_regressao,2018-06-01,5,2018-11-01,36027.8904,36725.6111,-697.7207,-1.8998
comb_ets_sarima_regressao,2018-06-01,6,2018-12-01,36580.825,38158.3807,-1577.5557,-4.1342
comb_ets_sarima_regressao,2018-06-01,7,2019-01-01,38466.6117,42133.9275,-3667.3158,-8.7039
comb_ets_sarima_regressao,2018-06-01,8,2019-02-01,39583.6364,40667.0042,-1083.3678,-2.664
comb_ets_sarima_regressao,2018-06-01,9,2019-03-01,38697.0322,38892.6826,-195.6504,-0.5031
comb_ets_sarima_regressao,2018-06-01,10,2019-04-01,36544.2943,37888.0324,-1343.7381,-3.5466
comb_ets_sarima_regressao,2018-06-01,11,2019-05-01,34568.258,35795.5702,-1227.3122,-3.4287
comb_ets_sarima_regressao,2018-06-01,12,2019-06-01,33807.6463,34226.9213,-419.275,-1.225
comb_ets_sarima_regressao,2018-07-01,1,2018-08-01,34884.0186,34465.4632,418.5553,1.2144
comb_ets_sarima_regressao,2018-07-01,2,2018-09-01,35935.4948,35488.2045,447.2903,1.2604
comb_ets_sarima_regressao,2018-07-01,3,2018-10-01,36953.0334,36868.9276,84.1059,0.2281
comb_ets_sarima_regressao,2018-07-01,4,2018-11-01,36161.5319,36725.6111,-564.0792,-1.5359
comb_ets_sarima_regressao,2018-07-01,5,2018-12-01,36713.9351,38158.3807,-1444.4456,-3.7854
comb_ets_sarima_regressao,2018-07-01,6,2019-01-01,38605.6714,42133.9275,-3528.2561,-8.3739
comb_ets_sarima_regressao,2018-07-01,7,2019-02-01,39724.3729,40667.0042,-942.6313,-2.3179
comb_ets_sarima_regressao,2018-07-01,8,2019-03-01,38835.2483,38892.6826,-57.4343,-0.1477
comb_ets_sarima_regressao,2018-07-01,9,2019-04-01,36671.5404,37888.0324,-1216.4919,-3.2108
comb_ets_sarima_regressao,2018-07-01,10,2019-05-01,34686.6888,35795.5702,-1108.8815,-3.0978
comb_ets_sarima_regressao,2018-07-01,11,2019-06-01,33922.8521,34226.9213,-304.0692,-0.8884
comb_ets_sarima_regressao,2018-07-01,12,2019-07-01,33922.2204,33569.6216,352.5988,1.0504
comb_ets_sarima_regressao,2018-08-01,1,2018-09-01,35768.0471,35488.2045,279.8426,0.7886
comb_ets_sarima_regressao,2018-08-01,2,2018-10-01,36768.6108,36868.9276,-100.3168,-0.2721
comb_ets_sarima_regressao,2018-08-01,3,2018-11-01,36017.811,36725.6111,-707.8001,-1.9273
comb_ets_sarima_regressao,2018-08-01,4,2018-12-01,36698.0298,38158.3807,-1460.3509,-3.8271
comb_ets_sarima_regressao,2018-08-01,5,2019-01-01,38848.5619,42133.9275,-3285.3656,-7.7974
comb_ets_sarima_regressao,2018-08-01,6,2019-02-01,39679.1995,40667.0042,-987.8047,-2.429
comb_ets_sarima_regressao,2018-08-01,7,2019-03-01,39249.2956,38892.6826,356.613,0.9169
comb_ets_sarima_regressao,2018-08-01,8,2019-04-01,36672.4638,37888.0324,-1215.5685,-3.2083
comb_ets_sarima_regressao,2018-08-01,9,2019-05-01,34665.6935,35795.5702,-1129.8767,-3.1565
comb_ets_sarima_regressao,2018-08-01,10,2019-06-01,33973.4415,34226.9213,-253.4798,-0.7406
comb_ets_sarima_regressao,2018-08-01,11,2019-07-01,33825.732,33569.6216,256.1104,0.7629
comb_ets_sarima_regressao,2018-08-01,12,2019-08-01,34658.74,34180.6521,478.0878,1.3987
comb_ets_sarima_regressao,2018-09-01,1,2018-10-01,36711.4885,36868.9276,-157.439,-0.427
comb_ets_sarima_regressao,2018-09-01,2,2018-11-01,36080.4694,36725.6111,-645.1417,-1.7567
comb_ets_sarima_regressao,2018-09-01,3,2018-12-01,36582.8585,38158.3807,-1575.5222,-4.1289
comb_ets_sarima_regressao,2018-09-01,4,2019-01-01,38492.6751,42133.9275,-3641.2524,-8.6421
comb_ets_sarima_regressao,2018-09-01,5,2019-02-01,39603.821,40667.0042,-1063.1832,-2.6144
comb_ets_sarima_regressao,2018-09-01,6,2019-03-01,38690.4088,38892.6826,-202.2738,-0.5201
comb_ets_sarima_regressao,2018-09-01,7,2019-04-01,36543.1437,37888.0324,-1344.8887,-3.5496
comb_ets_sarima_regressao,2018-09-01,8,2019-05-01,34557.2849,35795.5702,-1238.2853,-3.4593
comb_ets_sarima_regressao,2018-09-01,9,2019-06-01,33772.7662,34226.9213,-454.1551,-1.3269
comb_ets_sarima_regressao,2018-09-01,10,2019-07-01,33780.8043,33569.6216,211.1827,0.6291
comb_ets_sarima_regressao,2018-09-01,11,2019-08-01,34610.6825,34180.6521,430.0304,1.2581
comb_ets_sarima_regressao,2018-09-01,12,2019-09-01,35838.4077,36699.7232,-861.3155,-2.3469
comb_ets_sarima_regressao,2018-10-01,1,2018-11-01,36251.3652,36725.6111,-474.2459,-1.2913
comb_ets_sarima_regressao,2018-10-01,2,2018-12-01,36808.0377,38158.3807,-1350.343,-3.5388
comb_ets_sarima_regressao,2018-10-01,3,2019-01-01,38707.0678,42133.9275,-3426.8597,-8.1333
comb_ets_sarima_regressao,2018-10-01,4,2019-02-01,39829.5993,40667.0042,-837.4049,-2.0592
comb_ets_sarima_regressao,2018-10-01,5,2019-03-01,38915.2889,38892.6826,22.6063,0.0581
comb_ets_sarima_regressao,2018-10-01,6,2019-04-01,36749.5368,37888.0324,-1138.4955,-3.0049
comb_ets_sarima_regressao,2018-10-01,7,2019-05-01,34750.9277,35795.5702,-1044.6425,-2.9184
comb_ets_sarima_regressao,2018-10-01,8,2019-06-01,33967.1164,34226.9213,-259.8049,-0.7591
comb_ets_sarima_regressao,2018-10-01,9,2019-07-01,33968.8858,33569.6216,399.2642,1.1894
comb_ets_sarima_regressao,2018-10-01,10,2019-08-01,34804.5074,34180.6521,623.8553,1.8252
comb_ets_sarima_regressao,2018-10-01,11,2019-09-01,36037.2916,36699.7232,-662.4316,-1.805
comb_ets_sarima_regressao,2018-10-01,12,2019-10-01,37021.292,37918.2543,-896.9623,-2.3655
comb_ets_sarima_regressao,2018-11-01,1,2018-12-01,36849.3123,38158.3807,-1309.0684,-3.4306
comb_ets_sarima_regressao,2018-11-01,2,2019-01-01,38948.6337,42133.9275,-3185.2938,-7.5599
comb_ets_sarima_regressao,2018-11-01,3,2019-02-01,40074.0707,40667.0042,-592.9335,-1.458
comb_ets_sarima_regressao,2018-11-01,4,2019-03-01,39153.786,38892.6826,261.1034,0.6713
comb_ets_sarima_regressao,2018-11-01,5,2019-04-01,36970.7824,37888.0324,-917.25,-2.4209
comb_ets_sarima_regressao,2018-11-01,6,2019-05-01,34957.7173,35795.5702,-837.8529,-2.3407
comb_ets_sarima_regressao,2018-11-01,7,2019-06-01,34168.533,34226.9213,-58.3883,-0.1706
comb_ets_sarima_regressao,2018-11-01,8,2019-07-01,34167.0969,33569.6216,597.4753,1.7798
comb_ets_sarima_regressao,2018-11-01,9,2019-08-01,35006.4529,34180.6521,825.8008,2.416
comb_ets_sarima_regressao,2018-11-01,10,2019-09-01,36244.7232,36699.7232,-455.0,-1.2398
comb_ets_sarima_regressao,2018-11-01,11,2019-10-01,37232.3224,37918.2543,-685.932,-1.809
comb_ets_sarima_regressao,2018-11-01,12,2019-11-01,36725.94,37089.4265,-363.4865,-0.98
comb_ets_sarima_regressao,2018-12-01,1,2019-01-01,39701.2644,42133.9275,-2432.6631,-5.7736
comb_ets_sarima_regressao,2018-12-01,2,2019-02-01,40787.7841,40667.0042,120.7799,0.297
comb_ets_sarima_regressao,2018-12-01,3,2019-03-01,39873.5058,38892.6826,980.8232,2.5219
comb_ets_sarima_regressao,2018-12-01,4,2019-04-01,37625.1062,37888.0324,-262.9261,-0.694
comb_ets_sarima_regressao,2018-12-01,5,2019-05-01,35569.192,35795.5702,-226.3782,-0.6324
comb_ets_sarima_regressao,2018-12-01,6,2019-06-01,34763.1282,34226.9213,536.207,1.5666
comb_ets_sarima_regressao,2018-12-01,7,2019-07-01,34744.0865,33569.6216,1174.4649,3.4986
comb_ets_sarima_regressao,2018-12-01,8,2019-08-01,35589.2632,34180.6521,1408.6111,4.1211
comb_ets_sarima_regressao,2018-12-01,9,2019-09-01,36836.3063,36699.7232,136.5831,0.3722
comb_ets_sarima_regressao,2018-12-01,10,2019-10-01,37827.6627,37918.2543,-90.5917,-0.2389
comb_ets_sarima_regressao,2018-12-01,11,2019-11-01,37307.2136,37089.4265,217.7871,0.5872
comb_ets_sarima_regressao,2018-12-01,12,2019-12-01,37883.8684,36887.2681,996.6002,2.7017
comb_ets_sarima_regressao,2019-01-01,1,2019-02-01,41011.1157,40667.0042,344.1115,0.8462
comb_ets_sarima_regressao,2019-01-01,2,2019-03-01,40419.4259,38892.6826,1526.7432,3.9255
comb_ets_sarima_regressao,2019-01-01,3,2019-04-01,37805.899,37888.0324,-82.1334,-0.2168
comb_ets_sarima_regressao,2019-01-01,4,2019-05-01,35763.366,35795.5702,-32.2042,-0.09
comb_ets_sarima_regressao,2019-01-01,5,2019-06-01,34956.462,34226.9213,729.5407,2.1315
comb_ets_sarima_regressao,2019-01-01,6,2019-07-01,34787.0008,33569.6216,1217.3792,3.6264
comb_ets_sarima_regressao,2019-01-01,7,2019-08-01,35635.0021,34180.6521,1454.35,4.2549
comb_ets_sarima_regressao,2019-01-01,8,2019-09-01,36956.8497,36699.7232,257.1265,0.7006
comb_ets_sarima_regressao,2019-01-01,9,2019-10-01,38058.3943,37918.2543,140.14,0.3696
comb_ets_sarima_regressao,2019-01-01,10,2019-11-01,37482.7637,37089.4265,393.3372,1.0605
comb_ets_sarima_regressao,2019-01-01,11,2019-12-01,38258.0711,36887.2681,1370.803,3.7162
comb_ets_sarima_regressao,2019-02-01,1,2019-03-01,40013.4175,38892.6826,1120.7349,2.8816
comb_ets_sarima_regressao,2019-02-01,2,2019-04-01,37469.6154,37888.0324,-418.4169,-1.1044
comb_ets_sarima_regressao,2019-02-01,3,2019-05-01,35451.6641,35795.5702,-343.9062,-0.9608
comb_ets_sarima_regressao,2019-02-01,4,2019-06-01,34666.3501,34226.9213,439.4288,1.2839
comb_ets_sarima_regressao,2019-02-01,5,2019-07-01,34494.7271,33569.6216,925.1055,2.7558
comb_ets_sarima_regressao,2019-02-01,6,2019-08-01,35345.4556,34180.6521,1164.8035,3.4078
comb_ets_sarima_regressao,2019-02-01,7,2019-09-01,36662.7827,36699.7232,-36.9406,-0.1007
comb_ets_sarima_regressao,2019-02-01,8,2019-10-01,37757.732,37918.2543,-160.5223,-0.4233
comb_ets_sarima_regressao,2019-02-01,9,2019-11-01,37196.2236,37089.4265,106.7971,0.2879
comb_ets_sarima_regressao,2019-02-01,10,2019-12-01,37971.2903,36887.2681,1084.0222,2.9387
comb_ets_sarima_regressao,2019-03-01,1,2019-04-01,37091.0759,37888.0324,-796.9565,-2.1035
comb_ets_sarima_regressao,2019-03-01,2,2019-05-01,35001.7407,35795.5702,-793.8295,-2.2177
comb_ets_sarima_regressao,2019-03-01,3,2019-06-01,34213.1191,34226.9213,-13.8022,-0.0403
comb_ets_sarima_regressao,2019-03-01,4,2019-07-01,34214.071,33569.6216,644.4494,1.9197
comb_ets_sarima_regressao,2019-03-01,5,2019-08-01,35056.1684,34180.6521,875.5163,2.5614
comb_ets_sarima_regressao,2019-03-01,6,2019-09-01,36297.7899,36699.7232,-401.9333,-1.0952
comb_ets_sarima_regressao,2019-03-01,7,2019-10-01,37288.5097,37918.2543,-629.7446,-1.6608
comb_ets_sarima_regressao,2019-03-01,8,2019-11-01,36782.6127,37089.4265,-306.8137,-0.8272
comb_ets_sarima_regressao,2019-03-01,9,2019-12-01,37361.7504,36887.2681,474.4823,1.2863
comb_ets_sarima_regressao,2019-04-01,1,2019-05-01,35224.5872,35795.5702,-570.983,-1.5951
comb_ets_sarima_regressao,2019-04-01,2,2019-06-01,34218.9375,34226.9213,-7.9838,-0.0233
comb_ets_sarima_regressao,2019-04-01,3,2019-07-01,34272.2402,33569.6216,702.6185,2.093
comb_ets_sarima_regressao,2019-04-01,4,2019-08-01,35101.3075,34180.6521,920.6554,2.6935
comb_ets_sarima_regressao,2019-04-01,5,2019-09-01,36355.4805,36699.7232,-344.2427,-0.938
comb_ets_sarima_regressao,2019-04-01,6,2019-10-01,37368.5458,37918.2543,-549.7085,-1.4497
comb_ets_sarima_regressao,2019-04-01,7,2019-11-01,36840.4169,37089.4265,-249.0096,-0.6714
comb_ets_sarima_regressao,2019-04-01,8,2019-12-01,37420.1063,36887.2681,532.8382,1.4445
comb_ets_sarima_regressao,2019-05-01,1,2019-06-01,34416.8104,34226.9213,189.8892,0.5548
comb_ets_sarima_regressao,2019-05-01,2,2019-07-01,34351.1314,33569.6216,781.5098,2.328
comb_ets_sarima_regressao,2019-05-01,3,2019-08-01,35180.7648,34180.6521,1000.1127,2.926
comb_ets_sarima_regressao,2019-05-01,4,2019-09-01,36439.7628,36699.7232,-259.9604,-0.7083
comb_ets_sarima_regressao,2019-05-01,5,2019-10-01,37458.9589,37918.2543,-459.2954,-1.2113
comb_ets_sarima_regressao,2019-05-01,6,2019-11-01,36926.7482,37089.4265,-162.6783,-0.4386
comb_ets_sarima_regressao,2019-05-01,7,2019-12-01,37508.1386,36887.2681,620.8704,1.6832
comb_ets_sarima_regressao,2019-06-01,1,2019-07-01,34281.0767,33569.6216,711.4551,2.1193
comb_ets_sarima_regressao,2019-06-01,2,2019-08-01,35005.7781,34180.6521,825.126,2.414
comb_ets_sarima_regressao,2019-06-01,3,2019-09-01,36322.8309,36699.7232,-376.8923,-1.027
comb_ets_sarima_regressao,2019-06-01,4,2019-10-01,37432.4301,37918.2543,-485.8242,-1.2812
comb_ets_sarima_regressao,2019-06-01,5,2019-11-01,36886.4654,37089.4265,-202.9611,-0.5472
comb_ets_sarima_regressao,2019-06-01,6,2019-12-01,37671.6428,36887.2681,784.3746,2.1264
comb_ets_sarima_regressao,2019-07-01,1,2019-08-01,34993.2213,34180.6521,812.5691,2.3773
comb_ets_sarima_regressao,2019-07-01,2,2019-09-01,36190.9564,36699.7232,-508.7668,-1.3863
comb_ets_sarima_regressao,2019-07-01,3,2019-10-01,37294.6003,37918.2543,-623.654,-1.6447
comb_ets_sarima_regressao,2019-07-01,4,2019-11-01,36753.4789,37089.4265,-335.9475,-0.9058
comb_ets_sarima_regressao,2019-07-01,5,2019-12-01,37535.9741,36887.2681,648.706,1.7586
comb_ets_sarima_regressao,2019-08-01,1,2019-09-01,36234.2021,36699.7232,-465.5211,-1.2685
comb_ets_sarima_regressao,2019-08-01,2,2019-10-01,37232.724,37918.2543,-685.5304,-1.8079
comb_ets_sarima_regressao,2019-08-01,3,2019-11-01,36689.8127,37089.4265,-399.6138,-1.0774
comb_ets_sarima_regressao,2019-08-01,4,2019-12-01,37469.1225,36887.2681,581.8544,1.5774
comb_ets_sarima_regressao,2019-09-01,1,2019-10-01,37353.5097,37918.2543,-564.7446,-1.4894
comb_ets_sarima_regressao,2019-09-01,2,2019-11-01,36765.5878,37089.4265,-323.8387,-0.8731
comb_ets_sarima_regressao,2019-09-01,3,2019-12-01,37544.4684,36887.2681,657.2003,1.7816
comb_ets_sarima_regressao,2019-10-01,1,2019-11-01,36845.9057,37089.4265,-243.5208,-0.6566
comb_ets_sarima_regressao,2019-10-01,2,2019-12-01,37330.0101,36887.2681,442.7419,1.2003
comb_ets_sarima_regressao,2019-11-01,1,2019-12-01,37448.3113,36887.2681,561.0431,1.521
